"../../../Engine/Plugins/2D/Paper2D/Content/PlaceholderTextures/DummySpriteTexture.ubulk" 0
"../../../Engine/Plugins/2D/Paper2D/Content/PlaceholderTextures/DummySpriteTexture.uasset" 1
"../../../Engine/Plugins/2D/Paper2D/Content/PlaceholderTextures/DummySpriteTexture.uexp" 2
"../../../Engine/Plugins/2D/Paper2D/Content/DummySprite.uasset" 3
"../../../Engine/Plugins/2D/Paper2D/Content/DummySprite.uexp" 4
"../../../Engine/Plugins/2D/Paper2D/Content/DefaultPaperTerrainMaterial.uasset" 5
"../../../Engine/Plugins/2D/Paper2D/Content/DefaultPaperTerrainMaterial.uexp" 6
"../../../Engine/Plugins/Runtime/AudioModulation/Content/Volume.uasset" 7
"../../../Engine/Plugins/Runtime/AudioModulation/Content/Volume.uexp" 8
"../../../Engine/Plugins/Runtime/AudioModulation/Content/TimeOfDay.uasset" 9
"../../../Engine/Plugins/Runtime/AudioModulation/Content/TimeOfDay.uexp" 10
"../../../Engine/Plugins/Runtime/AudioModulation/Content/SampleRate.uasset" 11
"../../../Engine/Plugins/Runtime/AudioModulation/Content/SampleRate.uexp" 12
"../../../Engine/Plugins/Runtime/AudioModulation/Content/Pitch.uasset" 13
"../../../Engine/Plugins/Runtime/AudioModulation/Content/Pitch.uexp" 14
"../../../Engine/Plugins/Runtime/AudioModulation/Content/Pan.uasset" 15
"../../../Engine/Plugins/Runtime/AudioModulation/Content/Pan.uexp" 16
"../../../Engine/Plugins/Runtime/AudioModulation/Content/LPFCutoffFrequency.uasset" 17
"../../../Engine/Plugins/Runtime/AudioModulation/Content/LPFCutoffFrequency.uexp" 18
"../../../Engine/Plugins/Runtime/AudioModulation/Content/LowRateFrequency.uasset" 19
"../../../Engine/Plugins/Runtime/AudioModulation/Content/LowRateFrequency.uexp" 20
"../../../Engine/Plugins/Runtime/AudioModulation/Content/HPFCutoffFrequency.uasset" 21
"../../../Engine/Plugins/Runtime/AudioModulation/Content/HPFCutoffFrequency.uexp" 22
"../../../Engine/Plugins/Runtime/AudioModulation/Content/BitDepth.uasset" 23
"../../../Engine/Plugins/Runtime/AudioModulation/Content/BitDepth.uexp" 24
"../../../Engine/Content/Animation/DefaultRecorderBoneCompression.uasset" 25
"../../../Engine/Content/Animation/DefaultRecorderBoneCompression.uexp" 26
"../../../Engine/Content/EditorResources/SmallFont.uasset" 27
"../../../Engine/Content/EditorResources/SmallFont.uexp" 28
"../../../Engine/Plugins/Animation/ControlRig/Content/Controls/DefaultGizmoLibraryNormalized.uasset" 29
"../../../Engine/Plugins/Animation/ControlRig/Content/Controls/DefaultGizmoLibraryNormalized.uexp" 30
"../../../Engine/Content/EngineMaterials/DefaultDestructiblePhysicalMaterial.uasset" 31
"../../../Engine/Content/EngineMaterials/DefaultDestructiblePhysicalMaterial.uexp" 32
"../../../Engine/Content/EngineFonts/TinyFont.uasset" 33
"../../../Engine/Content/EngineFonts/TinyFont.uexp" 34
"../../../Engine/Content/EngineFonts/SmallFont.uasset" 35
"../../../Engine/Content/EngineFonts/SmallFont.uexp" 36
"../../../Engine/Content/EngineFonts/Faces/DroidSansFallback.uexp" 37
"../../../Engine/Content/EngineFonts/Faces/DroidSansFallback.uasset" 38
"../../../Engine/Content/EngineFonts/Faces/DroidSansFallback.ufont" 39
"../../../Engine/Content/EngineFonts/Faces/RobotoTiny.uexp" 40
"../../../Engine/Content/EngineFonts/Faces/RobotoTiny.uasset" 41
"../../../Engine/Content/EngineFonts/Faces/RobotoTiny.ufont" 42
"../../../Engine/Content/EngineFonts/RobotoTiny.uasset" 43
"../../../Engine/Content/EngineFonts/RobotoTiny.uexp" 44
"../../../Engine/Content/EngineFonts/Faces/RobotoBold.uexp" 45
"../../../Engine/Content/EngineFonts/Faces/RobotoBold.uasset" 46
"../../../Engine/Content/EngineFonts/Faces/RobotoBold.ufont" 47
"../../../Engine/Content/EngineFonts/Faces/RobotoBoldItalic.uexp" 48
"../../../Engine/Content/EngineFonts/Faces/RobotoBoldItalic.uasset" 49
"../../../Engine/Content/EngineFonts/Faces/RobotoBoldItalic.ufont" 50
"../../../Engine/Content/EngineFonts/Faces/RobotoItalic.uexp" 51
"../../../Engine/Content/EngineFonts/Faces/RobotoItalic.uasset" 52
"../../../Engine/Content/EngineFonts/Faces/RobotoItalic.ufont" 53
"../../../Engine/Content/EngineFonts/Faces/RobotoLight.uexp" 54
"../../../Engine/Content/EngineFonts/Faces/RobotoLight.uasset" 55
"../../../Engine/Content/EngineFonts/Faces/RobotoLight.ufont" 56
"../../../Engine/Content/EngineFonts/Faces/RobotoRegular.uexp" 57
"../../../Engine/Content/EngineFonts/Faces/RobotoRegular.uasset" 58
"../../../Engine/Content/EngineFonts/Faces/RobotoRegular.ufont" 59
"../../../Engine/Content/EngineFonts/Roboto.uasset" 60
"../../../Engine/Content/EngineFonts/Roboto.uexp" 61
"../../../Engine/Content/EngineFonts/Faces/DroidSansMono.uexp" 62
"../../../Engine/Content/EngineFonts/Faces/DroidSansMono.uasset" 63
"../../../Engine/Content/EngineFonts/Faces/DroidSansMono.ufont" 64
"../../../Engine/Content/EngineFonts/DroidSansMono.uasset" 65
"../../../Engine/Content/EngineFonts/DroidSansMono.uexp" 66
"../../../Engine/Plugins/Interchange/Runtime/Content/Pipelines/DefaultTexturePipeline.uasset" 67
"../../../Engine/Plugins/Interchange/Runtime/Content/Pipelines/DefaultTexturePipeline.uexp" 68
"../../../Engine/Plugins/Interchange/Runtime/Content/Pipelines/DefaultSceneLevelPipeline.uasset" 69
"../../../Engine/Plugins/Interchange/Runtime/Content/Pipelines/DefaultSceneLevelPipeline.uexp" 70
"../../../Engine/Plugins/Interchange/Runtime/Content/Pipelines/DefaultSceneAssetsPipeline.uasset" 71
"../../../Engine/Plugins/Interchange/Runtime/Content/Pipelines/DefaultSceneAssetsPipeline.uexp" 72
"../../../Engine/Plugins/Interchange/Runtime/Content/Pipelines/DefaultMaterialXPipeline.uasset" 73
"../../../Engine/Plugins/Interchange/Runtime/Content/Pipelines/DefaultMaterialXPipeline.uexp" 74
"../../../Engine/Plugins/Interchange/Runtime/Content/Pipelines/DefaultMaterialPipeline.uasset" 75
"../../../Engine/Plugins/Interchange/Runtime/Content/Pipelines/DefaultMaterialPipeline.uexp" 76
"../../../Engine/Plugins/Interchange/Runtime/Content/Pipelines/DefaultGLTFSceneAssetsPipeline.uasset" 77
"../../../Engine/Plugins/Interchange/Runtime/Content/Pipelines/DefaultGLTFSceneAssetsPipeline.uexp" 78
"../../../Engine/Plugins/Interchange/Runtime/Content/Pipelines/DefaultGLTFPipeline.uasset" 79
"../../../Engine/Plugins/Interchange/Runtime/Content/Pipelines/DefaultGLTFPipeline.uexp" 80
"../../../Engine/Plugins/Interchange/Runtime/Content/Pipelines/DefaultGLTFAssetsPipeline.uasset" 81
"../../../Engine/Plugins/Interchange/Runtime/Content/Pipelines/DefaultGLTFAssetsPipeline.uexp" 82
"../../../Engine/Plugins/Interchange/Runtime/Content/Pipelines/DefaultAssetsPipeline.uasset" 83
"../../../Engine/Plugins/Interchange/Runtime/Content/Pipelines/DefaultAssetsPipeline.uexp" 84
"S:/GitHub/massey-unreal-2/Orbital/Content/SystemFonts/FontFaces/CascadiaMono_ExtraLight.uexp" 85
"S:/GitHub/massey-unreal-2/Orbital/Content/SystemFonts/FontFaces/CascadiaMono_ExtraLight.uasset" 86
"S:/GitHub/massey-unreal-2/Orbital/Content/SystemFonts/FontFaces/CascadiaMono_ExtraLight.ufont" 87
"S:/GitHub/massey-unreal-2/Orbital/Content/SystemFonts/FontFaces/CascadiaMono_ExtraLightItalic.uexp" 88
"S:/GitHub/massey-unreal-2/Orbital/Content/SystemFonts/FontFaces/CascadiaMono_ExtraLightItalic.uasset" 89
"S:/GitHub/massey-unreal-2/Orbital/Content/SystemFonts/FontFaces/CascadiaMono_ExtraLightItalic.ufont" 90
"S:/GitHub/massey-unreal-2/Orbital/Content/SystemFonts/Fonts/CascadiaMono.uasset" 91
"S:/GitHub/massey-unreal-2/Orbital/Content/SystemFonts/Fonts/CascadiaMono.uexp" 92
"S:/GitHub/massey-unreal-2/Orbital/Content/SystemFonts/FontFaces/0ArameH_Regular.uexp" 93
"S:/GitHub/massey-unreal-2/Orbital/Content/SystemFonts/FontFaces/0ArameH_Regular.uasset" 94
"S:/GitHub/massey-unreal-2/Orbital/Content/SystemFonts/FontFaces/0ArameH_Regular.ufont" 95
"S:/GitHub/massey-unreal-2/Orbital/Content/SystemFonts/Fonts/0ArameH.uasset" 96
"S:/GitHub/massey-unreal-2/Orbital/Content/SystemFonts/Fonts/0ArameH.uexp" 97
"../../../Engine/Content/VREditor/Fonts/VRText_RobotoLarge.uasset" 98
"../../../Engine/Content/VREditor/Fonts/VRText_RobotoLarge.uexp" 99
"../../../Engine/Content/MobileResources/HUD/VirtualJoystick_Thumb.uasset" 100
"../../../Engine/Content/MobileResources/HUD/VirtualJoystick_Thumb.uexp" 101
"../../../Engine/Content/MobileResources/HUD/VirtualJoystick_Background.uasset" 102
"../../../Engine/Content/MobileResources/HUD/VirtualJoystick_Background.uexp" 103
"../../../Engine/Content/MobileResources/HUD/DefaultVirtualJoysticks.uasset" 104
"../../../Engine/Content/MobileResources/HUD/DefaultVirtualJoysticks.uexp" 105
"../../../Engine/Content/EngineSounds/Submixes/MasterReverbEffectPreset.uasset" 106
"../../../Engine/Content/EngineSounds/Submixes/MasterReverbEffectPreset.uexp" 107
"S:/GitHub/massey-unreal-2/Orbital/Content/_nOrbital/snd/NewSoundSubmix.uasset" 108
"S:/GitHub/massey-unreal-2/Orbital/Content/_nOrbital/snd/NewSoundSubmix.uexp" 109
"../../../Engine/Content/EngineResources/GradientTexture0.uasset" 110
"../../../Engine/Content/EngineResources/GradientTexture0.uexp" 111
"../../../Engine/Content/EngineResources/Black.uasset" 112
"../../../Engine/Content/EngineResources/Black.uexp" 113
"../../../Engine/Content/EditorResources/S_TriggerSphere.uasset" 114
"../../../Engine/Content/EditorResources/S_TriggerSphere.uexp" 115
"../../../Engine/Content/EditorResources/S_TriggerCapsule.uasset" 116
"../../../Engine/Content/EditorResources/S_TriggerCapsule.uexp" 117
"../../../Engine/Content/EditorResources/S_TriggerBox.uasset" 118
"../../../Engine/Content/EditorResources/S_TriggerBox.uexp" 119
"../../../Engine/Content/EditorResources/S_Trigger.ubulk" 120
"../../../Engine/Content/EditorResources/S_Trigger.uasset" 121
"../../../Engine/Content/EditorResources/S_Trigger.uexp" 122
"../../../Engine/Content/EditorResources/S_Terrain.ubulk" 123
"../../../Engine/Content/EditorResources/S_Terrain.uasset" 124
"../../../Engine/Content/EditorResources/S_Terrain.uexp" 125
"../../../Engine/Content/EditorResources/S_Solver.ubulk" 126
"../../../Engine/Content/EditorResources/S_Solver.uasset" 127
"../../../Engine/Content/EditorResources/S_Solver.uexp" 128
"../../../Engine/Content/EditorResources/S_BoxReflectionCapture.uasset" 129
"../../../Engine/Content/EditorResources/S_BoxReflectionCapture.uexp" 130
"../../../Engine/Content/EditorResources/S_Actor.ubulk" 131
"../../../Engine/Content/EditorResources/S_Actor.uasset" 132
"../../../Engine/Content/EditorResources/S_Actor.uexp" 133
"../../../Engine/Content/EditorResources/BSPVertex.uasset" 134
"../../../Engine/Content/EditorResources/BSPVertex.uexp" 135
"../../../Engine/Content/EngineResources/DefaultTexture.ubulk" 136
"../../../Engine/Content/EngineResources/DefaultTexture.uasset" 137
"../../../Engine/Content/EngineResources/DefaultTexture.uexp" 138
"../../../Engine/Content/EngineMaterials/PreintegratedSkinBRDF.uasset" 139
"../../../Engine/Content/EngineMaterials/PreintegratedSkinBRDF.uexp" 140
"../../../Engine/Content/EngineMaterials/MiniFont.uasset" 141
"../../../Engine/Content/EngineMaterials/MiniFont.uexp" 142
"../../../Engine/Content/EngineMaterials/FastBlueNoise_vec2_128x128x64.uasset" 143
"../../../Engine/Content/EngineMaterials/FastBlueNoise_vec2_128x128x64.uexp" 144
"../../../Engine/Content/EngineMaterials/FastBlueNoise_scalar_128x128x8.uasset" 145
"../../../Engine/Content/EngineMaterials/FastBlueNoise_scalar_128x128x8.uexp" 146
"../../../Engine/Content/EngineMaterials/FastBlueNoise_scalar_128x128x64.uasset" 147
"../../../Engine/Content/EngineMaterials/FastBlueNoise_scalar_128x128x64.uexp" 148
"../../../Engine/Content/EngineMaterials/DefaultBloomKernel.uasset" 149
"../../../Engine/Content/EngineMaterials/DefaultBloomKernel.uexp" 150
"../../../Engine/Content/EngineDamageTypes/DmgTypeBP_Environmental.uasset" 151
"../../../Engine/Content/EngineDamageTypes/DmgTypeBP_Environmental.uexp" 152
"../../../Engine/Plugins/Runtime/AudioWidgets/Content/Resources/ScrubHandleDown_Clamped.uasset" 153
"../../../Engine/Plugins/Runtime/AudioWidgets/Content/Resources/ScrubHandleDown_Clamped.uexp" 154
"../../../Engine/Content/EngineResources/FilmGrains/Marcie_Grain_v3_128_M2_000.uasset" 155
"../../../Engine/Content/EngineResources/FilmGrains/Marcie_Grain_v3_128_M2_000.uexp" 156
"../../../Engine/Content/EngineResources/Development/ZenLogo_64.uasset" 157
"../../../Engine/Content/EngineResources/Development/ZenLogo_64.uexp" 158
"../../../Engine/Content/EngineMaterials/LTC/Sheen_LTC.uasset" 159
"../../../Engine/Content/EngineMaterials/LTC/Sheen_LTC.uexp" 160
"../../../Engine/Content/EngineMaterials/LTC/GGX_LTCMat.uasset" 161
"../../../Engine/Content/EngineMaterials/LTC/GGX_LTCMat.uexp" 162
"../../../Engine/Content/EngineMaterials/LTC/GGX_LTCAmp.uasset" 163
"../../../Engine/Content/EngineMaterials/LTC/GGX_LTCAmp.uexp" 164
"../../../Engine/Content/EngineMaterials/EnergyConservation/Sheen_Energy.uasset" 165
"../../../Engine/Content/EngineMaterials/EnergyConservation/Sheen_Energy.uexp" 166
"../../../Engine/Content/EngineMaterials/EnergyConservation/SheenLegacy_Energy.uasset" 167
"../../../Engine/Content/EngineMaterials/EnergyConservation/SheenLegacy_Energy.uexp" 168
"../../../Engine/Content/EngineMaterials/EnergyConservation/GGX_TransmissionEnergyArray.uasset" 169
"../../../Engine/Content/EngineMaterials/EnergyConservation/GGX_TransmissionEnergyArray.uexp" 170
"../../../Engine/Content/EngineMaterials/EnergyConservation/GGX_ReflectionEnergy.uasset" 171
"../../../Engine/Content/EngineMaterials/EnergyConservation/GGX_ReflectionEnergy.uexp" 172
"../../../Engine/Content/EngineMaterials/EnergyConservation/Diffuse_Energy.uasset" 173
"../../../Engine/Content/EngineMaterials/EnergyConservation/Diffuse_Energy.uexp" 174
"../../../Engine/Content/EditorResources/SequenceRecorder/RecordingIndicator.uasset" 175
"../../../Engine/Content/EditorResources/SequenceRecorder/RecordingIndicator.uexp" 176
"../../../Engine/Content/EditorResources/SequenceRecorder/Countdown.uasset" 177
"../../../Engine/Content/EditorResources/SequenceRecorder/Countdown.uexp" 178
"../../../Engine/Content/EditorMaterials/ParticleSystems/PSysThumbnail_OOD.ubulk" 179
"../../../Engine/Content/EditorMaterials/ParticleSystems/PSysThumbnail_OOD.uasset" 180
"../../../Engine/Content/EditorMaterials/ParticleSystems/PSysThumbnail_OOD.uexp" 181
"../../../Engine/Content/EditorMaterials/ParticleSystems/PSysThumbnail_NoImage.ubulk" 182
"../../../Engine/Content/EditorMaterials/ParticleSystems/PSysThumbnail_NoImage.uasset" 183
"../../../Engine/Content/EditorMaterials/ParticleSystems/PSysThumbnail_NoImage.uexp" 184
"S:/GitHub/massey-unreal-2/Orbital/Content/_nOrbital/bp/gm_mainmenu.uasset" 185
"S:/GitHub/massey-unreal-2/Orbital/Content/_nOrbital/bp/gm_mainmenu.uexp" 186
"../../../Engine/Content/Functions/Engine_MaterialFunctions01/Shading/ConvertFromDiffSpec.uasset" 187
"../../../Engine/Content/Functions/Engine_MaterialFunctions01/Shading/ConvertFromDiffSpec.uexp" 188
"../../../Engine/Content/Functions/Engine_MaterialFunctions01/Shading/PowerToRoughness.uasset" 189
"../../../Engine/Content/Functions/Engine_MaterialFunctions01/Shading/PowerToRoughness.uexp" 190
"../../../Engine/Content/EditorMaterials/Dataflow/DataflowTwoSidedVertexMaterial.uasset" 191
"../../../Engine/Content/EditorMaterials/Dataflow/DataflowTwoSidedVertexMaterial.uexp" 192
"../../../Engine/Content/EditorMaterials/Dataflow/DataflowVertexMaterial.uasset" 193
"../../../Engine/Content/EditorMaterials/Dataflow/DataflowVertexMaterial.uexp" 194
"../../../Engine/Plugins/Interchange/Assets/Content/Functions/MX_AbsorptionVDF.uasset" 195
"../../../Engine/Plugins/Interchange/Assets/Content/Functions/MX_AbsorptionVDF.uexp" 196
"../../../Engine/Plugins/Interchange/Assets/Content/Functions/MX_AnisotropicVDF.uasset" 197
"../../../Engine/Plugins/Interchange/Assets/Content/Functions/MX_AnisotropicVDF.uexp" 198
"../../../Engine/Plugins/Interchange/Assets/Content/Functions/MX_BurleyDiffuseBSDF.uasset" 199
"../../../Engine/Plugins/Interchange/Assets/Content/Functions/MX_BurleyDiffuseBSDF.uexp" 200
"../../../Engine/Plugins/Interchange/Assets/Content/Functions/MX_ConductorBSDF.uasset" 201
"../../../Engine/Plugins/Interchange/Assets/Content/Functions/MX_ConductorBSDF.uexp" 202
"../../../Engine/Plugins/Interchange/Assets/Content/Functions/MX_ConicalEDF.uasset" 203
"../../../Engine/Plugins/Interchange/Assets/Content/Functions/MX_ConicalEDF.uexp" 204
"../../../Engine/Plugins/Interchange/Assets/Content/Functions/MX_DielectricBSDF.uasset" 205
"../../../Engine/Plugins/Interchange/Assets/Content/Functions/MX_DielectricBSDF.uexp" 206
"../../../Engine/Plugins/Interchange/Assets/Content/Functions/MX_Displacement.uasset" 207
"../../../Engine/Plugins/Interchange/Assets/Content/Functions/MX_Displacement.uexp" 208
"../../../Engine/Plugins/Interchange/Assets/Content/Functions/MX_GeneralizedSchlickBSDF.uasset" 209
"../../../Engine/Plugins/Interchange/Assets/Content/Functions/MX_GeneralizedSchlickBSDF.uexp" 210
"../../../Engine/Plugins/Interchange/Assets/Content/Functions/MX_MeasuredEDF.uasset" 211
"../../../Engine/Plugins/Interchange/Assets/Content/Functions/MX_MeasuredEDF.uexp" 212
"../../../Engine/Plugins/Interchange/Assets/Content/Functions/MF_IridescenceNoLUT.uasset" 213
"../../../Engine/Plugins/Interchange/Assets/Content/Functions/MF_IridescenceNoLUT.uexp" 214
"../../../Engine/Plugins/Interchange/Assets/Content/Functions/MX_StandardSurface.uasset" 215
"../../../Engine/Plugins/Interchange/Assets/Content/Functions/MX_StandardSurface.uexp" 216
"../../../Engine/Plugins/Interchange/Assets/Content/Functions/MX_OpenPBR_Opaque.uasset" 217
"../../../Engine/Plugins/Interchange/Assets/Content/Functions/MX_OpenPBR_Opaque.uexp" 218
"../../../Engine/Plugins/Interchange/Assets/Content/Functions/MX_TransmissionSurface.uasset" 219
"../../../Engine/Plugins/Interchange/Assets/Content/Functions/MX_TransmissionSurface.uexp" 220
"../../../Engine/Plugins/Interchange/Assets/Content/Functions/MX_OpenPBR_Translucent.uasset" 221
"../../../Engine/Plugins/Interchange/Assets/Content/Functions/MX_OpenPBR_Translucent.uexp" 222
"../../../Engine/Plugins/Interchange/Assets/Content/Functions/MX_OrenNayarBSDF.uasset" 223
"../../../Engine/Plugins/Interchange/Assets/Content/Functions/MX_OrenNayarBSDF.uexp" 224
"../../../Engine/Plugins/Interchange/Assets/Content/Functions/MX_SheenBSDF.uasset" 225
"../../../Engine/Plugins/Interchange/Assets/Content/Functions/MX_SheenBSDF.uexp" 226
"../../../Engine/Plugins/Interchange/Assets/Content/Functions/MX_SubsurfaceBSDF.uasset" 227
"../../../Engine/Plugins/Interchange/Assets/Content/Functions/MX_SubsurfaceBSDF.uexp" 228
"../../../Engine/Plugins/Interchange/Assets/Content/Functions/MX_Surface.uasset" 229
"../../../Engine/Plugins/Interchange/Assets/Content/Functions/MX_Surface.uexp" 230
"../../../Engine/Plugins/Interchange/Assets/Content/Functions/MX_SurfaceUnlit.uasset" 231
"../../../Engine/Plugins/Interchange/Assets/Content/Functions/MX_SurfaceUnlit.uexp" 232
"../../../Engine/Plugins/Interchange/Assets/Content/Functions/MX_ThinFilmBSDF.uasset" 233
"../../../Engine/Plugins/Interchange/Assets/Content/Functions/MX_ThinFilmBSDF.uexp" 234
"../../../Engine/Plugins/Interchange/Assets/Content/Functions/MX_TranslucentBSDF.uasset" 235
"../../../Engine/Plugins/Interchange/Assets/Content/Functions/MX_TranslucentBSDF.uexp" 236
"../../../Engine/Plugins/Interchange/Assets/Content/Functions/MX_UniformEDF.uasset" 237
"../../../Engine/Plugins/Interchange/Assets/Content/Functions/MX_UniformEDF.uexp" 238
"../../../Engine/Plugins/Interchange/Assets/Content/Functions/MX_UsdPreviewSurface.uasset" 239
"../../../Engine/Plugins/Interchange/Assets/Content/Functions/MX_UsdPreviewSurface.uexp" 240
"../../../Engine/Plugins/VirtualProduction/CameraCalibrationCore/Content/Materials/M_DefaultEvenSquare.uasset" 241
"../../../Engine/Plugins/VirtualProduction/CameraCalibrationCore/Content/Materials/M_DefaultEvenSquare.uexp" 242
"../../../Engine/Plugins/VirtualProduction/CameraCalibrationCore/Content/Materials/M_DefaultOddSquare.uasset" 243
"../../../Engine/Plugins/VirtualProduction/CameraCalibrationCore/Content/Materials/M_DefaultOddSquare.uexp" 244
"../../../Engine/Content/EngineDebugMaterials/DebugEditorMaterial.uasset" 245
"../../../Engine/Content/EngineDebugMaterials/DebugEditorMaterial.uexp" 246
"../../../Engine/Content/EngineDebugMaterials/DebugMeshMaterial.uasset" 247
"../../../Engine/Content/EngineDebugMaterials/DebugMeshMaterial.uexp" 248
"../../../Engine/Content/EngineDebugMaterials/M_SimpleUnlitTranslucent.uasset" 249
"../../../Engine/Content/EngineDebugMaterials/M_SimpleUnlitTranslucent.uexp" 250
"../../../Engine/Content/Functions/Engine_MaterialFunctions02/Utility/CameraDirectionVector.uasset" 251
"../../../Engine/Content/Functions/Engine_MaterialFunctions02/Utility/CameraDirectionVector.uexp" 252
"../../../Engine/Content/EngineDebugMaterials/VolumeToRender.uasset" 253
"../../../Engine/Content/EngineDebugMaterials/VolumeToRender.uexp" 254
"../../../Engine/Content/EngineDebugMaterials/M_VolumeRenderSphereTracePP.uasset" 255
"../../../Engine/Content/EngineDebugMaterials/M_VolumeRenderSphereTracePP.uexp" 256
"../../../Engine/Content/EngineMaterials/DefaultDiffuse.ubulk" 257
"../../../Engine/Content/EngineMaterials/DefaultDiffuse.uasset" 258
"../../../Engine/Content/EngineMaterials/DefaultDiffuse.uexp" 259
"../../../Engine/Content/EngineMaterials/DefaultDeferredDecalMaterial.uasset" 260
"../../../Engine/Content/EngineMaterials/DefaultDeferredDecalMaterial.uexp" 261
"../../../Engine/Content/EngineMaterials/DefaultLightFunctionMaterial.uasset" 262
"../../../Engine/Content/EngineMaterials/DefaultLightFunctionMaterial.uexp" 263
"../../../Engine/Content/Functions/Engine_MaterialFunctions02/Utility/BreakOutFloat2Components.uasset" 264
"../../../Engine/Content/Functions/Engine_MaterialFunctions02/Utility/BreakOutFloat2Components.uexp" 265
"../../../Engine/Content/EngineMaterials/DefaultPostProcessMaterial.uasset" 266
"../../../Engine/Content/EngineMaterials/DefaultPostProcessMaterial.uexp" 267
"../../../Engine/Content/EngineFonts/RobotoDistanceField.uasset" 268
"../../../Engine/Content/EngineFonts/RobotoDistanceField.uexp" 269
"../../../Engine/Content/EngineMaterials/DefaultTextMaterialOpaque.uasset" 270
"../../../Engine/Content/EngineMaterials/DefaultTextMaterialOpaque.uexp" 271
"../../../Engine/Content/EngineMaterials/DefaultWhiteGrid_Low.uasset" 272
"../../../Engine/Content/EngineMaterials/DefaultWhiteGrid_Low.uexp" 273
"../../../Engine/Content/EngineMaterials/EmissiveMeshMaterial.uasset" 274
"../../../Engine/Content/EngineMaterials/EmissiveMeshMaterial.uexp" 275
"../../../Engine/Content/EngineMaterials/BaseFlattenLinearColor.uasset" 276
"../../../Engine/Content/EngineMaterials/BaseFlattenLinearColor.uexp" 277
"../../../Engine/Content/EngineMaterials/BaseFlattenNormalMap.uasset" 278
"../../../Engine/Content/EngineMaterials/BaseFlattenNormalMap.uexp" 279
"../../../Engine/Content/EngineMaterials/BaseFlattenDiffuseMap.uasset" 280
"../../../Engine/Content/EngineMaterials/BaseFlattenDiffuseMap.uexp" 281
"../../../Engine/Content/EngineMaterials/BaseFlattenEmissiveMap.uasset" 282
"../../../Engine/Content/EngineMaterials/BaseFlattenEmissiveMap.uexp" 283
"../../../Engine/Content/EngineMaterials/BaseFlattenGrayscaleMap.uasset" 284
"../../../Engine/Content/EngineMaterials/BaseFlattenGrayscaleMap.uexp" 285
"../../../Engine/Content/Functions/Engine_MaterialFunctions02/PivotPainter2/Black_1x1_EXR_Texture.uasset" 286
"../../../Engine/Content/Functions/Engine_MaterialFunctions02/PivotPainter2/Black_1x1_EXR_Texture.uexp" 287
"../../../Engine/Content/EngineMaterials/FlattenMaterial.uasset" 288
"../../../Engine/Content/EngineMaterials/FlattenMaterial.uexp" 289
"../../../Engine/Content/EngineMaterials/BaseFlattenDiffuseMap_VT.ubulk" 290
"../../../Engine/Content/EngineMaterials/BaseFlattenDiffuseMap_VT.uasset" 291
"../../../Engine/Content/EngineMaterials/BaseFlattenDiffuseMap_VT.uexp" 292
"../../../Engine/Content/EngineMaterials/BaseFlattenEmissiveMap_VT.ubulk" 293
"../../../Engine/Content/EngineMaterials/BaseFlattenEmissiveMap_VT.uasset" 294
"../../../Engine/Content/EngineMaterials/BaseFlattenEmissiveMap_VT.uexp" 295
"../../../Engine/Content/EngineMaterials/BaseFlattenGrayscaleMap_VT.ubulk" 296
"../../../Engine/Content/EngineMaterials/BaseFlattenGrayscaleMap_VT.uasset" 297
"../../../Engine/Content/EngineMaterials/BaseFlattenGrayscaleMap_VT.uexp" 298
"../../../Engine/Content/EngineMaterials/BaseFlattenLinearColor_VT.ubulk" 299
"../../../Engine/Content/EngineMaterials/BaseFlattenLinearColor_VT.uasset" 300
"../../../Engine/Content/EngineMaterials/BaseFlattenLinearColor_VT.uexp" 301
"../../../Engine/Content/EngineMaterials/BaseFlattenNormalMap_VT.ubulk" 302
"../../../Engine/Content/EngineMaterials/BaseFlattenNormalMap_VT.uasset" 303
"../../../Engine/Content/EngineMaterials/BaseFlattenNormalMap_VT.uexp" 304
"../../../Engine/Content/EngineMaterials/Black_1x1_EXR_Texture_VT.ubulk" 305
"../../../Engine/Content/EngineMaterials/Black_1x1_EXR_Texture_VT.uasset" 306
"../../../Engine/Content/EngineMaterials/Black_1x1_EXR_Texture_VT.uexp" 307
"../../../Engine/Content/EngineMaterials/FlattenMaterial_VT.uasset" 308
"../../../Engine/Content/EngineMaterials/FlattenMaterial_VT.uexp" 309
"../../../Engine/Content/EngineMaterials/FlattenMaterial_WS_Normal_VT.uasset" 310
"../../../Engine/Content/EngineMaterials/FlattenMaterial_WS_Normal_VT.uexp" 311
"../../../Engine/Content/EngineMaterials/GizmoMaterial.uasset" 312
"../../../Engine/Content/EngineMaterials/GizmoMaterial.uexp" 313
"../../../Engine/Content/EngineMaterials/InvalidLightmapSettings.ubulk" 314
"../../../Engine/Content/EngineMaterials/InvalidLightmapSettings.uasset" 315
"../../../Engine/Content/EngineMaterials/InvalidLightmapSettings.uexp" 316
"../../../Engine/Content/EngineMaterials/M_InvalidLightmapSettings.uasset" 317
"../../../Engine/Content/EngineMaterials/M_InvalidLightmapSettings.uexp" 318
"../../../Engine/Content/EngineMaterials/NaniteHiddenSectionMaterial.uasset" 319
"../../../Engine/Content/EngineMaterials/NaniteHiddenSectionMaterial.uexp" 320
"../../../Engine/Content/Functions/Engine_MaterialFunctions02/WorldPositionOffset/CameraOffset.uasset" 321
"../../../Engine/Content/Functions/Engine_MaterialFunctions02/WorldPositionOffset/CameraOffset.uexp" 322
"../../../Engine/Content/EngineMaterials/PhAT_JointLimitMaterial.uasset" 323
"../../../Engine/Content/EngineMaterials/PhAT_JointLimitMaterial.uexp" 324
"../../../Engine/Content/EngineMaterials/DefaultCalibrationColor.uasset" 325
"../../../Engine/Content/EngineMaterials/DefaultCalibrationColor.uexp" 326
"../../../Engine/Content/EngineMaterials/PPM_DefaultCalibrationColor.uasset" 327
"../../../Engine/Content/EngineMaterials/PPM_DefaultCalibrationColor.uexp" 328
"../../../Engine/Content/EngineMaterials/DefaultCalibrationGrayscale.uasset" 329
"../../../Engine/Content/EngineMaterials/DefaultCalibrationGrayscale.uexp" 330
"../../../Engine/Content/EngineMaterials/PPM_DefaultCalibrationGrayscale.uasset" 331
"../../../Engine/Content/EngineMaterials/PPM_DefaultCalibrationGrayscale.uexp" 332
"../../../Engine/Content/EngineMaterials/RemoveSurfaceMaterial.uasset" 333
"../../../Engine/Content/EngineMaterials/RemoveSurfaceMaterial.uexp" 334
"../../../Engine/Plugins/Animation/ControlRig/Content/Controls/ControlRigGizmoMaterial.uasset" 335
"../../../Engine/Plugins/Animation/ControlRig/Content/Controls/ControlRigGizmoMaterial.uexp" 336
"../../../Engine/Plugins/Animation/ControlRig/Content/Controls/ControlRigXRayMaterial.uasset" 337
"../../../Engine/Plugins/Animation/ControlRig/Content/Controls/ControlRigXRayMaterial.uexp" 338
"../../../Engine/Content/Functions/Engine_MaterialFunctions02/Utility/BreakOutFloat4Components.uasset" 339
"../../../Engine/Content/Functions/Engine_MaterialFunctions02/Utility/BreakOutFloat4Components.uexp" 340
"../../../Engine/Content/EngineResources/WhiteSquareTexture.uasset" 341
"../../../Engine/Content/EngineResources/WhiteSquareTexture.uexp" 342
"../../../Engine/Content/Functions/Engine_MaterialFunctions02/Utility/MakeFloat4.uasset" 343
"../../../Engine/Content/Functions/Engine_MaterialFunctions02/Utility/MakeFloat4.uexp" 344
"../../../Engine/Content/EngineMaterials/DefaultWhiteGrid.ubulk" 345
"../../../Engine/Content/EngineMaterials/DefaultWhiteGrid.uasset" 346
"../../../Engine/Content/EngineMaterials/DefaultWhiteGrid.uexp" 347
"../../../Engine/Content/Functions/Engine_MaterialFunctions01/Texturing/ScaleUVsByCenter.uasset" 348
"../../../Engine/Content/Functions/Engine_MaterialFunctions01/Texturing/ScaleUVsByCenter.uexp" 349
"../../../Engine/Content/Functions/Engine_MaterialFunctions01/Gradient/LinearGradient.uasset" 350
"../../../Engine/Content/Functions/Engine_MaterialFunctions01/Gradient/LinearGradient.uexp" 351
"../../../Engine/Plugins/VirtualProduction/GeometryMask/Content/GeometryMask/MF_ApplyMaskFeather.uasset" 352
"../../../Engine/Plugins/VirtualProduction/GeometryMask/Content/GeometryMask/MF_ApplyMaskFeather.uexp" 353
"../../../Engine/Plugins/VirtualProduction/GeometryMask/Content/GeometryMask/MF_ApplyGeometryMask.uasset" 354
"../../../Engine/Plugins/VirtualProduction/GeometryMask/Content/GeometryMask/MF_ApplyGeometryMask.uexp" 355
"../../../Engine/Plugins/VirtualProduction/GeometryMask/Content/GeometryMask/MF_ApplyMask2D.uasset" 356
"../../../Engine/Plugins/VirtualProduction/GeometryMask/Content/GeometryMask/MF_ApplyMask2D.uexp" 357
"../../../Engine/Plugins/VirtualProduction/GeometryMask/Content/GeometryMask/MF_ApplyMask2D_Single.uasset" 358
"../../../Engine/Plugins/VirtualProduction/GeometryMask/Content/GeometryMask/MF_ApplyMask2D_Single.uexp" 359
"../../../Engine/Plugins/Experimental/Text3D/Content/MaterialFunctions/MF_Text3DTexture.uasset" 360
"../../../Engine/Plugins/Experimental/Text3D/Content/MaterialFunctions/MF_Text3DTexture.uexp" 361
"../../../Engine/Plugins/Experimental/Text3D/Content/MaterialFunctions/MF_Text3DLinearGradient.uasset" 362
"../../../Engine/Plugins/Experimental/Text3D/Content/MaterialFunctions/MF_Text3DLinearGradient.uexp" 363
"../../../Engine/Plugins/Experimental/Text3D/Content/MaterialFunctions/MF_Text3DMask.uasset" 364
"../../../Engine/Plugins/Experimental/Text3D/Content/MaterialFunctions/MF_Text3DMask.uexp" 365
"../../../Engine/Plugins/Experimental/Text3D/Content/MaterialFunctions/MF_Text3DGradient.uasset" 366
"../../../Engine/Plugins/Experimental/Text3D/Content/MaterialFunctions/MF_Text3DGradient.uexp" 367
"../../../Engine/Plugins/Experimental/Text3D/Content/Materials/M_Text3DOpaqueUnlit.uasset" 368
"../../../Engine/Plugins/Experimental/Text3D/Content/Materials/M_Text3DOpaqueUnlit.uexp" 369
"../../../Engine/Content/EditorLandscapeResources/DefaultAlphaTexture.uasset" 370
"../../../Engine/Content/EditorLandscapeResources/DefaultAlphaTexture.uexp" 371
"../../../Engine/Content/EditorLandscapeResources/LandscapeDirtyMaterial.uasset" 372
"../../../Engine/Content/EditorLandscapeResources/LandscapeDirtyMaterial.uexp" 373
"../../../Engine/Content/Functions/Engine_MaterialFunctions02/WorldPositionOffset/LocalPosition.uasset" 374
"../../../Engine/Content/Functions/Engine_MaterialFunctions02/WorldPositionOffset/LocalPosition.uexp" 375
"../../../Engine/Content/Functions/Engine_MaterialFunctions01/Texturing/TextureCropping.uasset" 376
"../../../Engine/Content/Functions/Engine_MaterialFunctions01/Texturing/TextureCropping.uexp" 377
"../../../Engine/Content/Functions/Engine_MaterialFunctions02/ExampleContent/DebugNumberStrip.uasset" 378
"../../../Engine/Content/Functions/Engine_MaterialFunctions02/ExampleContent/DebugNumberStrip.uexp" 379
"../../../Engine/Content/Functions/Engine_MaterialFunctions01/Debug/DebugIntValues.uasset" 380
"../../../Engine/Content/Functions/Engine_MaterialFunctions01/Debug/DebugIntValues.uexp" 381
"../../../Engine/Content/EditorLandscapeResources/LandscapeLayerUsageMaterial.uasset" 382
"../../../Engine/Content/EditorLandscapeResources/LandscapeLayerUsageMaterial.uexp" 383
"../../../Engine/Content/EditorLandscapeResources/WhiteSquareTexture.uasset" 384
"../../../Engine/Content/EditorLandscapeResources/WhiteSquareTexture.uexp" 385
"../../../Engine/Content/EditorLandscapeResources/LayerVisMaterial.uasset" 386
"../../../Engine/Content/EditorLandscapeResources/LayerVisMaterial.uexp" 387
"../../../Engine/Content/EditorMaterials/PhAT_NoCollisionMaterial.uasset" 388
"../../../Engine/Content/EditorMaterials/PhAT_NoCollisionMaterial.uexp" 389
"../../../Engine/Content/EditorMaterials/PhAT_UnselectedMaterial.uasset" 390
"../../../Engine/Content/EditorMaterials/PhAT_UnselectedMaterial.uexp" 391
"../../../Engine/Content/EditorMaterials/PreviewShadowIndicator.ubulk" 392
"../../../Engine/Content/EditorMaterials/PreviewShadowIndicator.uasset" 393
"../../../Engine/Content/EditorMaterials/PreviewShadowIndicator.uexp" 394
"../../../Engine/Content/EditorMaterials/PreviewShadowIndicatorMaterial.uasset" 395
"../../../Engine/Content/EditorMaterials/PreviewShadowIndicatorMaterial.uexp" 396
"../../../Engine/Plugins/Animation/ControlRig/Content/M_Manip.uasset" 397
"../../../Engine/Plugins/Animation/ControlRig/Content/M_Manip.uexp" 398
"../../../Engine/Content/EngineMeshes/Sphere.uasset" 399
"../../../Engine/Content/EngineMeshes/Sphere.uexp" 400
"../../../Engine/Content/VREditor/TransformGizmo/Xray.uasset" 401
"../../../Engine/Content/VREditor/TransformGizmo/Xray.uexp" 402
"../../../Engine/Content/VREditor/TransformGizmo/Main.uasset" 403
"../../../Engine/Content/VREditor/TransformGizmo/Main.uexp" 404
"../../../Engine/Content/VREditor/TransformGizmo/SM_Sequencer_Node.uasset" 405
"../../../Engine/Content/VREditor/TransformGizmo/SM_Sequencer_Node.uexp" 406
"../../../Engine/Content/VREditor/LaserPointer/VR_LaserPower_01.ubulk" 407
"../../../Engine/Content/VREditor/LaserPointer/VR_LaserPower_01.uasset" 408
"../../../Engine/Content/VREditor/LaserPointer/VR_LaserPower_01.uexp" 409
"../../../Engine/Content/VREditor/TransformGizmo/TransformGizmoMaterial.uasset" 410
"../../../Engine/Content/VREditor/TransformGizmo/TransformGizmoMaterial.uexp" 411
"../../../Engine/Content/VREditor/TransformGizmo/TranslucentTransformGizmoMaterial.uasset" 412
"../../../Engine/Content/VREditor/TransformGizmo/TranslucentTransformGizmoMaterial.uexp" 413
"../../../Engine/Content/VREditor/TransformGizmo/BoundingBoxEdge.uasset" 414
"../../../Engine/Content/VREditor/TransformGizmo/BoundingBoxEdge.uexp" 415
"../../../Engine/Content/VREditor/TransformGizmo/BoundingBoxCorner.uasset" 416
"../../../Engine/Content/VREditor/TransformGizmo/BoundingBoxCorner.uexp" 417
"../../../Engine/Content/EditorMaterials/Camera/CineMat.uasset" 418
"../../../Engine/Content/EditorMaterials/Camera/CineMat.uexp" 419
"../../../Engine/Content/EditorMaterials/Camera/MI_CineMat_Rig.uasset" 420
"../../../Engine/Content/EditorMaterials/Camera/MI_CineMat_Rig.uexp" 421
"../../../Engine/Content/EditorMeshes/Camera/SM_RailRig_Track.uasset" 422
"../../../Engine/Content/EditorMeshes/Camera/SM_RailRig_Track.uexp" 423
"../../../Engine/Content/EditorMeshes/Camera/SM_RailRig_Mount.uasset" 424
"../../../Engine/Content/EditorMeshes/Camera/SM_RailRig_Mount.uexp" 425
"../../../Engine/Content/EditorMeshes/Camera/SM_CraneRig_Mount.uasset" 426
"../../../Engine/Content/EditorMeshes/Camera/SM_CraneRig_Mount.uexp" 427
"../../../Engine/Content/EditorMeshes/Camera/SM_CraneRig_Body.uasset" 428
"../../../Engine/Content/EditorMeshes/Camera/SM_CraneRig_Body.uexp" 429
"../../../Engine/Content/EditorMeshes/Camera/SM_CraneRig_Base.uasset" 430
"../../../Engine/Content/EditorMeshes/Camera/SM_CraneRig_Base.uexp" 431
"../../../Engine/Content/EditorMeshes/Camera/SM_CraneRig_Arm.uasset" 432
"../../../Engine/Content/EditorMeshes/Camera/SM_CraneRig_Arm.uexp" 433
"../../../Engine/Content/EngineMaterials/T_Default_Material_Grid_M.ubulk" 434
"../../../Engine/Content/EngineMaterials/T_Default_Material_Grid_M.uasset" 435
"../../../Engine/Content/EngineMaterials/T_Default_Material_Grid_M.uexp" 436
"../../../Engine/Content/Functions/Engine_MaterialFunctions01/Opacity/CameraDepthFade.uasset" 437
"../../../Engine/Content/Functions/Engine_MaterialFunctions01/Opacity/CameraDepthFade.uexp" 438
"../../../Engine/Content/EngineMaterials/T_Default_Material_Grid_N.ubulk" 439
"../../../Engine/Content/EngineMaterials/T_Default_Material_Grid_N.uasset" 440
"../../../Engine/Content/EngineMaterials/T_Default_Material_Grid_N.uexp" 441
"../../../Engine/Content/EngineMaterials/WorldGridMaterial.uasset" 442
"../../../Engine/Content/EngineMaterials/WorldGridMaterial.uexp" 443
"../../../Engine/Content/ArtTools/RenderToTexture/Meshes/S_1_Unit_Plane.uasset" 444
"../../../Engine/Content/ArtTools/RenderToTexture/Meshes/S_1_Unit_Plane.uexp" 445
"../../../Engine/Plugins/Animation/ControlRig/Content/Controls/ControlRig_Arrow2_1mm.uasset" 446
"../../../Engine/Plugins/Animation/ControlRig/Content/Controls/ControlRig_Arrow2_1mm.uexp" 447
"../../../Engine/Plugins/Animation/ControlRig/Content/Controls/ControlRig_Arrow2_3mm.uasset" 448
"../../../Engine/Plugins/Animation/ControlRig/Content/Controls/ControlRig_Arrow2_3mm.uexp" 449
"../../../Engine/Plugins/Animation/ControlRig/Content/Controls/ControlRig_Arrow2_solid.uasset" 450
"../../../Engine/Plugins/Animation/ControlRig/Content/Controls/ControlRig_Arrow2_solid.uexp" 451
"../../../Engine/Plugins/Animation/ControlRig/Content/Controls/ControlRig_Arrow4_1mm.uasset" 452
"../../../Engine/Plugins/Animation/ControlRig/Content/Controls/ControlRig_Arrow4_1mm.uexp" 453
"../../../Engine/Plugins/Animation/ControlRig/Content/Controls/ControlRig_Arrow4_3mm.uasset" 454
"../../../Engine/Plugins/Animation/ControlRig/Content/Controls/ControlRig_Arrow4_3mm.uexp" 455
"../../../Engine/Plugins/Animation/ControlRig/Content/Controls/ControlRig_Arrow4_solid.uasset" 456
"../../../Engine/Plugins/Animation/ControlRig/Content/Controls/ControlRig_Arrow4_solid.uexp" 457
"../../../Engine/Plugins/Animation/ControlRig/Content/Controls/ControlRig_Arrow_1mm.uasset" 458
"../../../Engine/Plugins/Animation/ControlRig/Content/Controls/ControlRig_Arrow_1mm.uexp" 459
"../../../Engine/Plugins/Animation/ControlRig/Content/Controls/ControlRig_Arrow_3mm.uasset" 460
"../../../Engine/Plugins/Animation/ControlRig/Content/Controls/ControlRig_Arrow_3mm.uexp" 461
"../../../Engine/Plugins/Animation/ControlRig/Content/Controls/ControlRig_Arrow_solid.uasset" 462
"../../../Engine/Plugins/Animation/ControlRig/Content/Controls/ControlRig_Arrow_solid.uexp" 463
"../../../Engine/Plugins/Animation/ControlRig/Content/Controls/ControlRig_Box_1mm.uasset" 464
"../../../Engine/Plugins/Animation/ControlRig/Content/Controls/ControlRig_Box_1mm.uexp" 465
"../../../Engine/Plugins/Animation/ControlRig/Content/Controls/ControlRig_Box_3mm.uasset" 466
"../../../Engine/Plugins/Animation/ControlRig/Content/Controls/ControlRig_Box_3mm.uexp" 467
"../../../Engine/Plugins/Animation/ControlRig/Content/Controls/ControlRig_Box_solid.uasset" 468
"../../../Engine/Plugins/Animation/ControlRig/Content/Controls/ControlRig_Box_solid.uexp" 469
"../../../Engine/Plugins/Animation/ControlRig/Content/Controls/ControlRig_Circle_1mm.uasset" 470
"../../../Engine/Plugins/Animation/ControlRig/Content/Controls/ControlRig_Circle_1mm.uexp" 471
"../../../Engine/Plugins/Animation/ControlRig/Content/Controls/ControlRig_Circle_3mm.uasset" 472
"../../../Engine/Plugins/Animation/ControlRig/Content/Controls/ControlRig_Circle_3mm.uexp" 473
"../../../Engine/Plugins/Animation/ControlRig/Content/Controls/ControlRig_Circle_solid.uasset" 474
"../../../Engine/Plugins/Animation/ControlRig/Content/Controls/ControlRig_Circle_solid.uexp" 475
"../../../Engine/Plugins/Animation/ControlRig/Content/Controls/ControlRig_Diamond_1mm.uasset" 476
"../../../Engine/Plugins/Animation/ControlRig/Content/Controls/ControlRig_Diamond_1mm.uexp" 477
"../../../Engine/Plugins/Animation/ControlRig/Content/Controls/ControlRig_Diamond_3mm.uasset" 478
"../../../Engine/Plugins/Animation/ControlRig/Content/Controls/ControlRig_Diamond_3mm.uexp" 479
"../../../Engine/Plugins/Animation/ControlRig/Content/Controls/ControlRig_Diamond_solid.uasset" 480
"../../../Engine/Plugins/Animation/ControlRig/Content/Controls/ControlRig_Diamond_solid.uexp" 481
"../../../Engine/Plugins/Animation/ControlRig/Content/Controls/ControlRig_HalfCircle_1mm.uasset" 482
"../../../Engine/Plugins/Animation/ControlRig/Content/Controls/ControlRig_HalfCircle_1mm.uexp" 483
"../../../Engine/Plugins/Animation/ControlRig/Content/Controls/ControlRig_HalfCircle_3mm.uasset" 484
"../../../Engine/Plugins/Animation/ControlRig/Content/Controls/ControlRig_HalfCircle_3mm.uexp" 485
"../../../Engine/Plugins/Animation/ControlRig/Content/Controls/ControlRig_HalfCircle_solid.uasset" 486
"../../../Engine/Plugins/Animation/ControlRig/Content/Controls/ControlRig_HalfCircle_solid.uexp" 487
"../../../Engine/Plugins/Animation/ControlRig/Content/Controls/ControlRig_Hexagon_1mm.uasset" 488
"../../../Engine/Plugins/Animation/ControlRig/Content/Controls/ControlRig_Hexagon_1mm.uexp" 489
"../../../Engine/Plugins/Animation/ControlRig/Content/Controls/ControlRig_Hexagon_3mm.uasset" 490
"../../../Engine/Plugins/Animation/ControlRig/Content/Controls/ControlRig_Hexagon_3mm.uexp" 491
"../../../Engine/Plugins/Animation/ControlRig/Content/Controls/ControlRig_Hexagon_solid.uasset" 492
"../../../Engine/Plugins/Animation/ControlRig/Content/Controls/ControlRig_Hexagon_solid.uexp" 493
"../../../Engine/Plugins/Animation/ControlRig/Content/Controls/ControlRig_Octagon_1mm.uasset" 494
"../../../Engine/Plugins/Animation/ControlRig/Content/Controls/ControlRig_Octagon_1mm.uexp" 495
"../../../Engine/Plugins/Animation/ControlRig/Content/Controls/ControlRig_Octagon_3mm.uasset" 496
"../../../Engine/Plugins/Animation/ControlRig/Content/Controls/ControlRig_Octagon_3mm.uexp" 497
"../../../Engine/Plugins/Animation/ControlRig/Content/Controls/ControlRig_Octagon_solid.uasset" 498
"../../../Engine/Plugins/Animation/ControlRig/Content/Controls/ControlRig_Octagon_solid.uexp" 499
"../../../Engine/Plugins/Animation/ControlRig/Content/Controls/ControlRig_Pyramid_1mm.uasset" 500
"../../../Engine/Plugins/Animation/ControlRig/Content/Controls/ControlRig_Pyramid_1mm.uexp" 501
"../../../Engine/Plugins/Animation/ControlRig/Content/Controls/ControlRig_Pyramid_3mm.uasset" 502
"../../../Engine/Plugins/Animation/ControlRig/Content/Controls/ControlRig_Pyramid_3mm.uexp" 503
"../../../Engine/Plugins/Animation/ControlRig/Content/Controls/ControlRig_Pyramid_solid.uasset" 504
"../../../Engine/Plugins/Animation/ControlRig/Content/Controls/ControlRig_Pyramid_solid.uexp" 505
"../../../Engine/Plugins/Animation/ControlRig/Content/Controls/ControlRig_QuarterCircle_1mm.uasset" 506
"../../../Engine/Plugins/Animation/ControlRig/Content/Controls/ControlRig_QuarterCircle_1mm.uexp" 507
"../../../Engine/Plugins/Animation/ControlRig/Content/Controls/ControlRig_QuarterCircle_3mm.uasset" 508
"../../../Engine/Plugins/Animation/ControlRig/Content/Controls/ControlRig_QuarterCircle_3mm.uexp" 509
"../../../Engine/Plugins/Animation/ControlRig/Content/Controls/ControlRig_QuarterCircle_solid.uasset" 510
"../../../Engine/Plugins/Animation/ControlRig/Content/Controls/ControlRig_QuarterCircle_solid.uexp" 511
"../../../Engine/Plugins/Animation/ControlRig/Content/Controls/ControlRig_RoundedSquare_1mm.uasset" 512
"../../../Engine/Plugins/Animation/ControlRig/Content/Controls/ControlRig_RoundedSquare_1mm.uexp" 513
"../../../Engine/Plugins/Animation/ControlRig/Content/Controls/ControlRig_RoundedSquare_3mm.uasset" 514
"../../../Engine/Plugins/Animation/ControlRig/Content/Controls/ControlRig_RoundedSquare_3mm.uexp" 515
"../../../Engine/Plugins/Animation/ControlRig/Content/Controls/ControlRig_RoundedSquare_solid.uasset" 516
"../../../Engine/Plugins/Animation/ControlRig/Content/Controls/ControlRig_RoundedSquare_solid.uexp" 517
"../../../Engine/Plugins/Animation/ControlRig/Content/Controls/ControlRig_RoundedTriangle_1mm.uasset" 518
"../../../Engine/Plugins/Animation/ControlRig/Content/Controls/ControlRig_RoundedTriangle_1mm.uexp" 519
"../../../Engine/Plugins/Animation/ControlRig/Content/Controls/ControlRig_RoundedTriangle_3mm.uasset" 520
"../../../Engine/Plugins/Animation/ControlRig/Content/Controls/ControlRig_RoundedTriangle_3mm.uexp" 521
"../../../Engine/Plugins/Animation/ControlRig/Content/Controls/ControlRig_RoundedTriangle_solid.uasset" 522
"../../../Engine/Plugins/Animation/ControlRig/Content/Controls/ControlRig_RoundedTriangle_solid.uexp" 523
"../../../Engine/Plugins/Animation/ControlRig/Content/Controls/ControlRig_Sphere_1mm.uasset" 524
"../../../Engine/Plugins/Animation/ControlRig/Content/Controls/ControlRig_Sphere_1mm.uexp" 525
"../../../Engine/Plugins/Animation/ControlRig/Content/Controls/ControlRig_Sphere_3mm.uasset" 526
"../../../Engine/Plugins/Animation/ControlRig/Content/Controls/ControlRig_Sphere_3mm.uexp" 527
"../../../Engine/Plugins/Animation/ControlRig/Content/Controls/ControlRig_Sphere_solid.uasset" 528
"../../../Engine/Plugins/Animation/ControlRig/Content/Controls/ControlRig_Sphere_solid.uexp" 529
"../../../Engine/Plugins/Animation/ControlRig/Content/Controls/ControlRig_Square_1mm.uasset" 530
"../../../Engine/Plugins/Animation/ControlRig/Content/Controls/ControlRig_Square_1mm.uexp" 531
"../../../Engine/Plugins/Animation/ControlRig/Content/Controls/ControlRig_Square_3mm.uasset" 532
"../../../Engine/Plugins/Animation/ControlRig/Content/Controls/ControlRig_Square_3mm.uexp" 533
"../../../Engine/Plugins/Animation/ControlRig/Content/Controls/ControlRig_Square_solid.uasset" 534
"../../../Engine/Plugins/Animation/ControlRig/Content/Controls/ControlRig_Square_solid.uexp" 535
"../../../Engine/Plugins/Animation/ControlRig/Content/Controls/ControlRig_Star4_1mm.uasset" 536
"../../../Engine/Plugins/Animation/ControlRig/Content/Controls/ControlRig_Star4_1mm.uexp" 537
"../../../Engine/Plugins/Animation/ControlRig/Content/Controls/ControlRig_Star4_3mm.uasset" 538
"../../../Engine/Plugins/Animation/ControlRig/Content/Controls/ControlRig_Star4_3mm.uexp" 539
"../../../Engine/Plugins/Animation/ControlRig/Content/Controls/ControlRig_Star4_solid.uasset" 540
"../../../Engine/Plugins/Animation/ControlRig/Content/Controls/ControlRig_Star4_solid.uexp" 541
"../../../Engine/Plugins/Animation/ControlRig/Content/Controls/ControlRig_Triangle_1mm.uasset" 542
"../../../Engine/Plugins/Animation/ControlRig/Content/Controls/ControlRig_Triangle_1mm.uexp" 543
"../../../Engine/Plugins/Animation/ControlRig/Content/Controls/ControlRig_Triangle_3mm.uasset" 544
"../../../Engine/Plugins/Animation/ControlRig/Content/Controls/ControlRig_Triangle_3mm.uexp" 545
"../../../Engine/Plugins/Animation/ControlRig/Content/Controls/ControlRig_Triangle_solid.uasset" 546
"../../../Engine/Plugins/Animation/ControlRig/Content/Controls/ControlRig_Triangle_solid.uexp" 547
"../../../Engine/Plugins/Animation/ControlRig/Content/Controls/ControlRig_Wedge_1mm.uasset" 548
"../../../Engine/Plugins/Animation/ControlRig/Content/Controls/ControlRig_Wedge_1mm.uexp" 549
"../../../Engine/Plugins/Animation/ControlRig/Content/Controls/ControlRig_Wedge_3mm.uasset" 550
"../../../Engine/Plugins/Animation/ControlRig/Content/Controls/ControlRig_Wedge_3mm.uexp" 551
"../../../Engine/Plugins/Animation/ControlRig/Content/Controls/ControlRig_Wedge_solid.uasset" 552
"../../../Engine/Plugins/Animation/ControlRig/Content/Controls/ControlRig_Wedge_solid.uexp" 553
"../../../Engine/Content/EditorLandscapeResources/SplineEditorMeshMat.uasset" 554
"../../../Engine/Content/EditorLandscapeResources/SplineEditorMeshMat.uexp" 555
"../../../Engine/Content/EditorLandscapeResources/SplineEditorMesh.uasset" 556
"../../../Engine/Content/EditorLandscapeResources/SplineEditorMesh.uexp" 557
"../../../Engine/Content/EngineMaterials/DefaultMaterial.uasset" 558
"../../../Engine/Content/EngineMaterials/DefaultMaterial.uexp" 559
"../../../Engine/Content/BasicShapes/Cone.uasset" 560
"../../../Engine/Content/BasicShapes/Cone.uexp" 561
"../../../Engine/Content/BasicShapes/Cylinder.uasset" 562
"../../../Engine/Content/BasicShapes/Cylinder.uexp" 563
"../../../Engine/Plugins/Media/MediaPlate/Content/SM_MediaPlateScreen.uasset" 564
"../../../Engine/Plugins/Media/MediaPlate/Content/SM_MediaPlateScreen.uexp" 565
"../../../Engine/Content/EngineResources/DefaultTextureCube.uasset" 566
"../../../Engine/Content/EngineResources/DefaultTextureCube.uexp" 567
"../../../Engine/Content/EngineResources/DefaultVolumeTexture2D.uasset" 568
"../../../Engine/Content/EngineResources/DefaultVolumeTexture2D.uexp" 569
"../../../Engine/Content/EngineResources/DefaultVolumeTexture.uasset" 570
"../../../Engine/Content/EngineResources/DefaultVolumeTexture.uexp" 571
"../../../Engine/Content/EngineMaterials/Substrate/GLints/AGlintTex2dArray.uasset" 572
"../../../Engine/Content/EngineMaterials/Substrate/GLints/AGlintTex2dArray.uexp" 573
"../../../Engine/Content/EngineMaterials/Substrate/Glints2/AGlintTex2dArray2.uasset" 574
"../../../Engine/Content/EngineMaterials/Substrate/Glints2/AGlintTex2dArray2.uexp" 575
"../../../Engine/Content/EngineMaterials/Substrate/Volume/SubstrateSimpleVolumeEnvLUT3D.uasset" 576
"../../../Engine/Content/EngineMaterials/Substrate/Volume/SubstrateSimpleVolumeEnvLUT3D.uexp" 577
"../../../Engine/Content/EngineMaterials/Substrate/Volume/SubstrateSimpleVolumeLUT3D.uasset" 578
"../../../Engine/Content/EngineMaterials/Substrate/Volume/SubstrateSimpleVolumeLUT3D.uexp" 579
"../../../Engine/Content/Functions/Engine_MaterialFunctions02/Utility/MakeFloat3.uasset" 580
"../../../Engine/Content/Functions/Engine_MaterialFunctions02/Utility/MakeFloat3.uexp" 581
"../../../Engine/Content/Functions/Engine_MaterialFunctions02/Utility/BreakOutFloat3Components.uasset" 582
"../../../Engine/Content/Functions/Engine_MaterialFunctions02/Utility/BreakOutFloat3Components.uexp" 583
"../../../Engine/Plugins/Interchange/Assets/Content/Utilities/New_LUT.uasset" 584
"../../../Engine/Plugins/Interchange/Assets/Content/Utilities/New_LUT.uexp" 585
"../../../Engine/Content/Functions/Engine_MaterialFunctions03/Math/RemapValueRange.uasset" 586
"../../../Engine/Content/Functions/Engine_MaterialFunctions03/Math/RemapValueRange.uexp" 587
"../../../Engine/Plugins/Interchange/Assets/Content/Functions/MF_Iridescence.uasset" 588
"../../../Engine/Plugins/Interchange/Assets/Content/Functions/MF_Iridescence.uexp" 589
"../../../Engine/Plugins/Interchange/Assets/Content/gltf/Textures/T_White_srgb.uasset" 590
"../../../Engine/Plugins/Interchange/Assets/Content/gltf/Textures/T_White_srgb.uexp" 591
"../../../Engine/Plugins/Interchange/Assets/Content/gltf/MaterialFunctions/MF_BaseColor.uasset" 592
"../../../Engine/Plugins/Interchange/Assets/Content/gltf/MaterialFunctions/MF_BaseColor.uexp" 593
"../../../Engine/Plugins/Interchange/Assets/Content/gltf/MaterialFunctions/MF_RotateV2.uasset" 594
"../../../Engine/Plugins/Interchange/Assets/Content/gltf/MaterialFunctions/MF_RotateV2.uexp" 595
"../../../Engine/Plugins/Interchange/Assets/Content/gltf/MaterialFunctions/MF_TransformUVs.uasset" 596
"../../../Engine/Plugins/Interchange/Assets/Content/gltf/MaterialFunctions/MF_TransformUVs.uexp" 597
"../../../Engine/Plugins/Interchange/Assets/Content/gltf/MaterialFunctions/MF_IOR.uasset" 598
"../../../Engine/Plugins/Interchange/Assets/Content/gltf/MaterialFunctions/MF_IOR.uexp" 599
"../../../Engine/Plugins/Interchange/Assets/Content/gltf/MaterialFunctions/MF_Iridescence.uasset" 600
"../../../Engine/Plugins/Interchange/Assets/Content/gltf/MaterialFunctions/MF_Iridescence.uexp" 601
"../../../Engine/Plugins/Interchange/Assets/Content/gltf/Textures/T_White_Linear.uasset" 602
"../../../Engine/Plugins/Interchange/Assets/Content/gltf/Textures/T_White_Linear.uexp" 603
"../../../Engine/Plugins/Interchange/Assets/Content/gltf/MaterialFunctions/MF_MetallicRoughness.uasset" 604
"../../../Engine/Plugins/Interchange/Assets/Content/gltf/MaterialFunctions/MF_MetallicRoughness.uexp" 605
"../../../Engine/Content/Functions/Engine_MaterialFunctions02/Math/Transform3x3Matrix.uasset" 606
"../../../Engine/Content/Functions/Engine_MaterialFunctions02/Math/Transform3x3Matrix.uexp" 607
"../../../Engine/Plugins/Interchange/Assets/Content/gltf/MaterialFunctions/MF_RotateNormals_TS.uasset" 608
"../../../Engine/Plugins/Interchange/Assets/Content/gltf/MaterialFunctions/MF_RotateNormals_TS.uexp" 609
"../../../Engine/Plugins/Interchange/Assets/Content/gltf/MaterialFunctions/MF_ScaleNormal.uasset" 610
"../../../Engine/Plugins/Interchange/Assets/Content/gltf/MaterialFunctions/MF_ScaleNormal.uexp" 611
"../../../Engine/Plugins/Interchange/Assets/Content/gltf/Textures/T_Generic_N.uasset" 612
"../../../Engine/Plugins/Interchange/Assets/Content/gltf/Textures/T_Generic_N.uexp" 613
"../../../Engine/Plugins/Interchange/Assets/Content/gltf/MaterialFunctions/MF_Normals.uasset" 614
"../../../Engine/Plugins/Interchange/Assets/Content/gltf/MaterialFunctions/MF_Normals.uexp" 615
"../../../Engine/Plugins/Interchange/Assets/Content/gltf/MaterialFunctions/MF_Occlusion.uasset" 616
"../../../Engine/Plugins/Interchange/Assets/Content/gltf/MaterialFunctions/MF_Occlusion.uexp" 617
"../../../Engine/Plugins/Interchange/Assets/Content/gltf/MaterialFunctions/MF_Specular.uasset" 618
"../../../Engine/Plugins/Interchange/Assets/Content/gltf/MaterialFunctions/MF_Specular.uexp" 619
"../../../Engine/Plugins/Interchange/Assets/Content/gltf/Textures/T_Anisotropy_Direction_Linear.uasset" 620
"../../../Engine/Plugins/Interchange/Assets/Content/gltf/Textures/T_Anisotropy_Direction_Linear.uexp" 621
"../../../Engine/Plugins/Interchange/Assets/Content/gltf/MaterialFunctions/MF_SpecularAnisotropy.uasset" 622
"../../../Engine/Plugins/Interchange/Assets/Content/gltf/MaterialFunctions/MF_SpecularAnisotropy.uexp" 623
"../../../Engine/Plugins/Interchange/Assets/Content/gltf/MaterialFunctions/MF_Emissive.uasset" 624
"../../../Engine/Plugins/Interchange/Assets/Content/gltf/MaterialFunctions/MF_Emissive.uexp" 625
"../../../Engine/Content/Functions/Engine_MaterialFunctions01/Texturing/FlattenNormal.uasset" 626
"../../../Engine/Content/Functions/Engine_MaterialFunctions01/Texturing/FlattenNormal.uexp" 627
"../../../Engine/Plugins/Interchange/Assets/Content/gltf/MaterialFunctions/MF_Clearcoat.uasset" 628
"../../../Engine/Plugins/Interchange/Assets/Content/gltf/MaterialFunctions/MF_Clearcoat.uexp" 629
"../../../Engine/Plugins/Interchange/Assets/Content/gltf/MaterialBodies/MF_ClearCoat_Body.uasset" 630
"../../../Engine/Plugins/Interchange/Assets/Content/gltf/MaterialBodies/MF_ClearCoat_Body.uexp" 631
"../../../Engine/Plugins/Interchange/Assets/Content/gltf/M_ClearCoat.uasset" 632
"../../../Engine/Plugins/Interchange/Assets/Content/gltf/M_ClearCoat.uexp" 633
"../../../Engine/Plugins/Interchange/Assets/Content/gltf/MaterialInstances/MI_ClearCoat_Blend.uasset" 634
"../../../Engine/Plugins/Interchange/Assets/Content/gltf/MaterialInstances/MI_ClearCoat_Blend.uexp" 635
"../../../Engine/Plugins/Interchange/Assets/Content/gltf/MaterialInstances/MI_ClearCoat_Blend_DS.uasset" 636
"../../../Engine/Plugins/Interchange/Assets/Content/gltf/MaterialInstances/MI_ClearCoat_Blend_DS.uexp" 637
"../../../Engine/Plugins/Interchange/Assets/Content/gltf/MaterialInstances/MI_ClearCoat_Mask.uasset" 638
"../../../Engine/Plugins/Interchange/Assets/Content/gltf/MaterialInstances/MI_ClearCoat_Mask.uexp" 639
"../../../Engine/Plugins/Interchange/Assets/Content/gltf/MaterialInstances/MI_ClearCoat_Mask_DS.uasset" 640
"../../../Engine/Plugins/Interchange/Assets/Content/gltf/MaterialInstances/MI_ClearCoat_Mask_DS.uexp" 641
"../../../Engine/Plugins/Interchange/Assets/Content/gltf/MaterialInstances/MI_ClearCoat_Opaque.uasset" 642
"../../../Engine/Plugins/Interchange/Assets/Content/gltf/MaterialInstances/MI_ClearCoat_Opaque.uexp" 643
"../../../Engine/Plugins/Interchange/Assets/Content/gltf/MaterialInstances/MI_ClearCoat_Opaque_DS.uasset" 644
"../../../Engine/Plugins/Interchange/Assets/Content/gltf/MaterialInstances/MI_ClearCoat_Opaque_DS.uexp" 645
"../../../Engine/Plugins/Interchange/Assets/Content/gltf/MaterialBodies/MF_Default_Body.uasset" 646
"../../../Engine/Plugins/Interchange/Assets/Content/gltf/MaterialBodies/MF_Default_Body.uexp" 647
"../../../Engine/Plugins/Interchange/Assets/Content/gltf/M_Default.uasset" 648
"../../../Engine/Plugins/Interchange/Assets/Content/gltf/M_Default.uexp" 649
"../../../Engine/Plugins/Interchange/Assets/Content/gltf/MaterialInstances/MI_Default_Blend.uasset" 650
"../../../Engine/Plugins/Interchange/Assets/Content/gltf/MaterialInstances/MI_Default_Blend.uexp" 651
"../../../Engine/Plugins/Interchange/Assets/Content/gltf/MaterialInstances/MI_Default_Blend_DS.uasset" 652
"../../../Engine/Plugins/Interchange/Assets/Content/gltf/MaterialInstances/MI_Default_Blend_DS.uexp" 653
"../../../Engine/Plugins/Interchange/Assets/Content/gltf/MaterialInstances/MI_Default_Mask.uasset" 654
"../../../Engine/Plugins/Interchange/Assets/Content/gltf/MaterialInstances/MI_Default_Mask.uexp" 655
"../../../Engine/Plugins/Interchange/Assets/Content/gltf/MaterialInstances/MI_Default_Mask_DS.uasset" 656
"../../../Engine/Plugins/Interchange/Assets/Content/gltf/MaterialInstances/MI_Default_Mask_DS.uexp" 657
"../../../Engine/Plugins/Interchange/Assets/Content/gltf/MaterialInstances/MI_Default_Opaque.uasset" 658
"../../../Engine/Plugins/Interchange/Assets/Content/gltf/MaterialInstances/MI_Default_Opaque.uexp" 659
"../../../Engine/Plugins/Interchange/Assets/Content/gltf/MaterialInstances/MI_Default_Opaque_DS.uasset" 660
"../../../Engine/Plugins/Interchange/Assets/Content/gltf/MaterialInstances/MI_Default_Opaque_DS.uexp" 661
"../../../Engine/Plugins/Interchange/Assets/Content/gltf/MaterialFunctions/MF_Sheen.uasset" 662
"../../../Engine/Plugins/Interchange/Assets/Content/gltf/MaterialFunctions/MF_Sheen.uexp" 663
"../../../Engine/Plugins/Interchange/Assets/Content/gltf/MaterialBodies/MF_Sheen_Body.uasset" 664
"../../../Engine/Plugins/Interchange/Assets/Content/gltf/MaterialBodies/MF_Sheen_Body.uexp" 665
"../../../Engine/Plugins/Interchange/Assets/Content/gltf/M_Sheen.uasset" 666
"../../../Engine/Plugins/Interchange/Assets/Content/gltf/M_Sheen.uexp" 667
"../../../Engine/Plugins/Interchange/Assets/Content/gltf/MaterialInstances/MI_Sheen_Blend.uasset" 668
"../../../Engine/Plugins/Interchange/Assets/Content/gltf/MaterialInstances/MI_Sheen_Blend.uexp" 669
"../../../Engine/Plugins/Interchange/Assets/Content/gltf/MaterialInstances/MI_Sheen_Blend_DS.uasset" 670
"../../../Engine/Plugins/Interchange/Assets/Content/gltf/MaterialInstances/MI_Sheen_Blend_DS.uexp" 671
"../../../Engine/Plugins/Interchange/Assets/Content/gltf/MaterialInstances/MI_Sheen_Mask.uasset" 672
"../../../Engine/Plugins/Interchange/Assets/Content/gltf/MaterialInstances/MI_Sheen_Mask.uexp" 673
"../../../Engine/Plugins/Interchange/Assets/Content/gltf/MaterialInstances/MI_Sheen_Mask_DS.uasset" 674
"../../../Engine/Plugins/Interchange/Assets/Content/gltf/MaterialInstances/MI_Sheen_Mask_DS.uexp" 675
"../../../Engine/Plugins/Interchange/Assets/Content/gltf/MaterialInstances/MI_Sheen_Opaque.uasset" 676
"../../../Engine/Plugins/Interchange/Assets/Content/gltf/MaterialInstances/MI_Sheen_Opaque.uexp" 677
"../../../Engine/Plugins/Interchange/Assets/Content/gltf/MaterialInstances/MI_Sheen_Opaque_DS.uasset" 678
"../../../Engine/Plugins/Interchange/Assets/Content/gltf/MaterialInstances/MI_Sheen_Opaque_DS.uexp" 679
"../../../Engine/Content/Functions/Engine_MaterialFunctions02/Math/AddComponents.uasset" 680
"../../../Engine/Content/Functions/Engine_MaterialFunctions02/Math/AddComponents.uexp" 681
"../../../Engine/Plugins/Interchange/Assets/Content/gltf/MaterialFunctions/MF_DiffuseSpecGloss.uasset" 682
"../../../Engine/Plugins/Interchange/Assets/Content/gltf/MaterialFunctions/MF_DiffuseSpecGloss.uexp" 683
"../../../Engine/Plugins/Interchange/Assets/Content/gltf/MaterialFunctions/MF_MaxComponentValue.uasset" 684
"../../../Engine/Plugins/Interchange/Assets/Content/gltf/MaterialFunctions/MF_MaxComponentValue.uexp" 685
"../../../Engine/Plugins/Interchange/Assets/Content/gltf/MaterialFunctions/MF_PerceivedBrightness.uasset" 686
"../../../Engine/Plugins/Interchange/Assets/Content/gltf/MaterialFunctions/MF_PerceivedBrightness.uexp" 687
"../../../Engine/Plugins/Interchange/Assets/Content/gltf/MaterialFunctions/MF_SpecGlossToMetalRoughness.uasset" 688
"../../../Engine/Plugins/Interchange/Assets/Content/gltf/MaterialFunctions/MF_SpecGlossToMetalRoughness.uexp" 689
"../../../Engine/Plugins/Interchange/Assets/Content/gltf/MaterialBodies/MF_SpecularGlossiness_Body.uasset" 690
"../../../Engine/Plugins/Interchange/Assets/Content/gltf/MaterialBodies/MF_SpecularGlossiness_Body.uexp" 691
"../../../Engine/Plugins/Interchange/Assets/Content/gltf/M_SpecularGlossiness.uasset" 692
"../../../Engine/Plugins/Interchange/Assets/Content/gltf/M_SpecularGlossiness.uexp" 693
"../../../Engine/Plugins/Interchange/Assets/Content/gltf/MaterialInstances/MI_SpecularGlossiness_Blend.uasset" 694
"../../../Engine/Plugins/Interchange/Assets/Content/gltf/MaterialInstances/MI_SpecularGlossiness_Blend.uexp" 695
"../../../Engine/Plugins/Interchange/Assets/Content/gltf/MaterialInstances/MI_SpecularGlossiness_Blend_DS.uasset" 696
"../../../Engine/Plugins/Interchange/Assets/Content/gltf/MaterialInstances/MI_SpecularGlossiness_Blend_DS.uexp" 697
"../../../Engine/Plugins/Interchange/Assets/Content/gltf/MaterialInstances/MI_SpecularGlossiness_Mask.uasset" 698
"../../../Engine/Plugins/Interchange/Assets/Content/gltf/MaterialInstances/MI_SpecularGlossiness_Mask.uexp" 699
"../../../Engine/Plugins/Interchange/Assets/Content/gltf/MaterialInstances/MI_SpecularGlossiness_Mask_DS.uasset" 700
"../../../Engine/Plugins/Interchange/Assets/Content/gltf/MaterialInstances/MI_SpecularGlossiness_Mask_DS.uexp" 701
"../../../Engine/Plugins/Interchange/Assets/Content/gltf/MaterialInstances/MI_SpecularGlossiness_Opaque.uasset" 702
"../../../Engine/Plugins/Interchange/Assets/Content/gltf/MaterialInstances/MI_SpecularGlossiness_Opaque.uexp" 703
"../../../Engine/Plugins/Interchange/Assets/Content/gltf/MaterialInstances/MI_SpecularGlossiness_Opaque_DS.uasset" 704
"../../../Engine/Plugins/Interchange/Assets/Content/gltf/MaterialInstances/MI_SpecularGlossiness_Opaque_DS.uexp" 705
"../../../Engine/Content/EngineMaterials/Good64x64TilingNoiseHighFreq.uasset" 706
"../../../Engine/Content/EngineMaterials/Good64x64TilingNoiseHighFreq.uexp" 707
"../../../Engine/Content/Functions/Engine_MaterialFunctions02/Texturing/ScreenAlignedPixelToPixelUVs.uasset" 708
"../../../Engine/Content/Functions/Engine_MaterialFunctions02/Texturing/ScreenAlignedPixelToPixelUVs.uexp" 709
"../../../Engine/Plugins/Interchange/Assets/Content/gltf/MaterialFunctions/MF_Fresnel_DS.uasset" 710
"../../../Engine/Plugins/Interchange/Assets/Content/gltf/MaterialFunctions/MF_Fresnel_DS.uexp" 711
"../../../Engine/Plugins/Interchange/Assets/Content/gltf/MaterialFunctions/MF_Temporal_Blur.uasset" 712
"../../../Engine/Plugins/Interchange/Assets/Content/gltf/MaterialFunctions/MF_Temporal_Blur.uexp" 713
"../../../Engine/Plugins/Interchange/Assets/Content/gltf/MaterialFunctions/MF_Transmission.uasset" 714
"../../../Engine/Plugins/Interchange/Assets/Content/gltf/MaterialFunctions/MF_Transmission.uexp" 715
"../../../Engine/Plugins/Interchange/Assets/Content/gltf/MaterialBodies/MF_Transmission_Body.uasset" 716
"../../../Engine/Plugins/Interchange/Assets/Content/gltf/MaterialBodies/MF_Transmission_Body.uexp" 717
"../../../Engine/Plugins/Interchange/Assets/Content/gltf/M_Transmission.uasset" 718
"../../../Engine/Plugins/Interchange/Assets/Content/gltf/M_Transmission.uexp" 719
"../../../Engine/Plugins/Interchange/Assets/Content/gltf/MaterialInstances/MI_Transmission.uasset" 720
"../../../Engine/Plugins/Interchange/Assets/Content/gltf/MaterialInstances/MI_Transmission.uexp" 721
"../../../Engine/Plugins/Interchange/Assets/Content/gltf/MaterialInstances/MI_Transmission_DS.uasset" 722
"../../../Engine/Plugins/Interchange/Assets/Content/gltf/MaterialInstances/MI_Transmission_DS.uexp" 723
"../../../Engine/Plugins/Interchange/Assets/Content/gltf/MaterialBodies/MF_Unlit_Body.uasset" 724
"../../../Engine/Plugins/Interchange/Assets/Content/gltf/MaterialBodies/MF_Unlit_Body.uexp" 725
"../../../Engine/Plugins/Interchange/Assets/Content/gltf/M_Unlit.uasset" 726
"../../../Engine/Plugins/Interchange/Assets/Content/gltf/M_Unlit.uexp" 727
"../../../Engine/Plugins/Interchange/Assets/Content/gltf/MaterialInstances/MI_Unlit_Blend.uasset" 728
"../../../Engine/Plugins/Interchange/Assets/Content/gltf/MaterialInstances/MI_Unlit_Blend.uexp" 729
"../../../Engine/Plugins/Interchange/Assets/Content/gltf/MaterialInstances/MI_Unlit_Blend_DS.uasset" 730
"../../../Engine/Plugins/Interchange/Assets/Content/gltf/MaterialInstances/MI_Unlit_Blend_DS.uexp" 731
"../../../Engine/Plugins/Interchange/Assets/Content/gltf/MaterialInstances/MI_Unlit_Mask.uasset" 732
"../../../Engine/Plugins/Interchange/Assets/Content/gltf/MaterialInstances/MI_Unlit_Mask.uexp" 733
"../../../Engine/Plugins/Interchange/Assets/Content/gltf/MaterialInstances/MI_Unlit_Mask_DS.uasset" 734
"../../../Engine/Plugins/Interchange/Assets/Content/gltf/MaterialInstances/MI_Unlit_Mask_DS.uexp" 735
"../../../Engine/Plugins/Interchange/Assets/Content/gltf/MaterialInstances/MI_Unlit_Opaque.uasset" 736
"../../../Engine/Plugins/Interchange/Assets/Content/gltf/MaterialInstances/MI_Unlit_Opaque.uexp" 737
"../../../Engine/Plugins/Interchange/Assets/Content/gltf/MaterialInstances/MI_Unlit_Opaque_DS.uasset" 738
"../../../Engine/Plugins/Interchange/Assets/Content/gltf/MaterialInstances/MI_Unlit_Opaque_DS.uexp" 739
"../../../Engine/Content/EngineMaterials/WeightMapPlaceholderTexture.uasset" 740
"../../../Engine/Content/EngineMaterials/WeightMapPlaceholderTexture.uexp" 741
"../../../Engine/Content/EngineMaterials/WeightMapArrayPlaceholderTexture.uasset" 742
"../../../Engine/Content/EngineMaterials/WeightMapArrayPlaceholderTexture.uexp" 743
"../../../Engine/Content/EngineMaterials/Widget3DPassThrough.uasset" 744
"../../../Engine/Content/EngineMaterials/Widget3DPassThrough.uexp" 745
"../../../Engine/Content/EngineMaterials/Widget3DPassThrough_Masked.uasset" 746
"../../../Engine/Content/EngineMaterials/Widget3DPassThrough_Masked.uexp" 747
"../../../Engine/Content/EngineMaterials/Widget3DPassThrough_Opaque.uasset" 748
"../../../Engine/Content/EngineMaterials/Widget3DPassThrough_Opaque.uexp" 749
"../../../Engine/Content/EngineMaterials/Widget3DPassThrough_Masked_OneSided.uasset" 750
"../../../Engine/Content/EngineMaterials/Widget3DPassThrough_Masked_OneSided.uexp" 751
"../../../Engine/Content/EngineMaterials/Widget3DPassThrough_Opaque_OneSided.uasset" 752
"../../../Engine/Content/EngineMaterials/Widget3DPassThrough_Opaque_OneSided.uexp" 753
"../../../Engine/Content/EngineMaterials/Widget3DPassThrough_Translucent.uasset" 754
"../../../Engine/Content/EngineMaterials/Widget3DPassThrough_Translucent.uexp" 755
"../../../Engine/Content/EngineMaterials/Widget3DPassThrough_Translucent_OneSided.uasset" 756
"../../../Engine/Content/EngineMaterials/Widget3DPassThrough_Translucent_OneSided.uexp" 757
"../../../Engine/Content/EngineResources/LandscapeVisibilityLayerInfo.uasset" 758
"../../../Engine/Content/EngineResources/LandscapeVisibilityLayerInfo.uexp" 759
"../../../Engine/Content/VREditor/Sounds/UI/Drop_Item_From_ContentBrowser.ubulk" 760
"../../../Engine/Content/VREditor/Sounds/UI/Drop_Item_From_ContentBrowser.uasset" 761
"../../../Engine/Content/VREditor/Sounds/UI/Drop_Item_From_ContentBrowser.uexp" 762
"../../../Engine/Content/VREditor/TransformGizmo/TransformGizmoMaterial_Inst.uasset" 763
"../../../Engine/Content/VREditor/TransformGizmo/TransformGizmoMaterial_Inst.uexp" 764
"../../../Engine/Content/VREditor/TransformGizmo/TranslucentTransformGizmoMaterial_Inst.uasset" 765
"../../../Engine/Content/VREditor/TransformGizmo/TranslucentTransformGizmoMaterial_Inst.uexp" 766
"../../../Engine/Content/Functions/Engine_MaterialFunctions02/SplitComponents.uasset" 767
"../../../Engine/Content/Functions/Engine_MaterialFunctions02/SplitComponents.uexp" 768
"../../../Engine/Content/VREditor/SnapGrid/SnapGridMaterial.uasset" 769
"../../../Engine/Content/VREditor/SnapGrid/SnapGridMaterial.uexp" 770
"../../../Engine/Content/VREditor/SnapGrid/SnapGridPlaneMesh.uasset" 771
"../../../Engine/Content/VREditor/SnapGrid/SnapGridPlaneMesh.uexp" 772
"../../../Engine/Content/VREditor/Sounds/UI/Gizmo_Handle_Clicked.ubulk" 773
"../../../Engine/Content/VREditor/Sounds/UI/Gizmo_Handle_Clicked.uasset" 774
"../../../Engine/Content/VREditor/Sounds/UI/Gizmo_Handle_Clicked.uexp" 775
"../../../Engine/Content/VREditor/Sounds/UI/Object_PickUp.ubulk" 776
"../../../Engine/Content/VREditor/Sounds/UI/Object_PickUp.uasset" 777
"../../../Engine/Content/VREditor/Sounds/UI/Object_PickUp.uexp" 778
"../../../Engine/Content/VREditor/Sounds/UI/Object_Snaps_To_Another_Actor.ubulk" 779
"../../../Engine/Content/VREditor/Sounds/UI/Object_Snaps_To_Another_Actor.uasset" 780
"../../../Engine/Content/VREditor/Sounds/UI/Object_Snaps_To_Another_Actor.uexp" 781
"../../../Engine/Content/VREditor/Sounds/UI/Object_Snaps_To_Grid.ubulk" 782
"../../../Engine/Content/VREditor/Sounds/UI/Object_Snaps_To_Grid.uasset" 783
"../../../Engine/Content/VREditor/Sounds/UI/Object_Snaps_To_Grid.uexp" 784
"../../../Engine/Content/VREditor/Sounds/UI/Scaling_Down.ubulk" 785
"../../../Engine/Content/VREditor/Sounds/UI/Scaling_Down.uasset" 786
"../../../Engine/Content/VREditor/Sounds/UI/Scaling_Down.uexp" 787
"../../../Engine/Content/VREditor/Sounds/UI/Scaling_Up.ubulk" 788
"../../../Engine/Content/VREditor/Sounds/UI/Scaling_Up.uasset" 789
"../../../Engine/Content/VREditor/Sounds/UI/Scaling_Up.uexp" 790
"../../../Engine/Content/VREditor/Sounds/UI/Selection_Changes.ubulk" 791
"../../../Engine/Content/VREditor/Sounds/UI/Selection_Changes.uasset" 792
"../../../Engine/Content/VREditor/Sounds/UI/Selection_Changes.uexp" 793
"../../../Engine/Content/VREditor/TransformGizmo/PlaneTranslationHandle.uasset" 794
"../../../Engine/Content/VREditor/TransformGizmo/PlaneTranslationHandle.uexp" 795
"../../../Engine/Content/VREditor/TransformGizmo/RotationHandleFull.uasset" 796
"../../../Engine/Content/VREditor/TransformGizmo/RotationHandleFull.uexp" 797
"../../../Engine/Content/VREditor/TransformGizmo/RotationHandleIndicator.uasset" 798
"../../../Engine/Content/VREditor/TransformGizmo/RotationHandleIndicator.uexp" 799
"../../../Engine/Content/VREditor/TransformGizmo/RotationHandleQuarter.uasset" 800
"../../../Engine/Content/VREditor/TransformGizmo/RotationHandleQuarter.uexp" 801
"../../../Engine/Content/VREditor/TransformGizmo/StartRotationHandleIndicator.uasset" 802
"../../../Engine/Content/VREditor/TransformGizmo/StartRotationHandleIndicator.uexp" 803
"../../../Engine/Content/VREditor/TransformGizmo/TransformGizmoFreeRotation.uasset" 804
"../../../Engine/Content/VREditor/TransformGizmo/TransformGizmoFreeRotation.uexp" 805
"../../../Engine/Content/VREditor/TransformGizmo/TranslateArrowHandle.uasset" 806
"../../../Engine/Content/VREditor/TransformGizmo/TranslateArrowHandle.uexp" 807
"../../../Engine/Content/VREditor/TransformGizmo/UniformScaleHandle.uasset" 808
"../../../Engine/Content/VREditor/TransformGizmo/UniformScaleHandle.uexp" 809
"../../../Engine/Content/EditorLandscapeResources/ColorMaskBrushMaterial.uasset" 810
"../../../Engine/Content/EditorLandscapeResources/ColorMaskBrushMaterial.uexp" 811
"../../../Engine/Content/EditorLandscapeResources/ColorMaskBrushMaterial_MaskedRegion.uasset" 812
"../../../Engine/Content/EditorLandscapeResources/ColorMaskBrushMaterial_MaskedRegion.uexp" 813
"../../../Engine/Content/Functions/Engine_MaterialFunctions03/Math/WithinRangeFloat2.uasset" 814
"../../../Engine/Content/Functions/Engine_MaterialFunctions03/Math/WithinRangeFloat2.uexp" 815
"../../../Engine/Content/EditorLandscapeResources/MaskBrushMaterial.uasset" 816
"../../../Engine/Content/EditorLandscapeResources/MaskBrushMaterial.uexp" 817
"../../../Engine/Content/EditorLandscapeResources/MaskBrushMaterial_MaskedRegion.uasset" 818
"../../../Engine/Content/EditorLandscapeResources/MaskBrushMaterial_MaskedRegion.uexp" 819
"../../../Engine/Content/EditorLandscapeResources/SelectBrushMaterial.uasset" 820
"../../../Engine/Content/EditorLandscapeResources/SelectBrushMaterial.uexp" 821
"../../../Engine/Content/EditorLandscapeResources/SelectBrushMaterial_Selected.uasset" 822
"../../../Engine/Content/EditorLandscapeResources/SelectBrushMaterial_Selected.uexp" 823
"../../../Engine/Content/EditorLandscapeResources/SelectBrushMaterial_SelectedRegion.uasset" 824
"../../../Engine/Content/EditorLandscapeResources/SelectBrushMaterial_SelectedRegion.uexp" 825
"../../../Engine/Plugins/2D/Paper2D/Content/DefaultSpriteMaterial.uasset" 826
"../../../Engine/Plugins/2D/Paper2D/Content/DefaultSpriteMaterial.uexp" 827
"../../../Engine/Plugins/2D/Paper2D/Content/MaskedUnlitSpriteMaterial.uasset" 828
"../../../Engine/Plugins/2D/Paper2D/Content/MaskedUnlitSpriteMaterial.uexp" 829
"../../../Engine/Plugins/2D/Paper2D/Content/OpaqueUnlitSpriteMaterial.uasset" 830
"../../../Engine/Plugins/2D/Paper2D/Content/OpaqueUnlitSpriteMaterial.uexp" 831
"../../../Engine/Plugins/Experimental/SubtitlesAndClosedCaptions/Content/Widgets/DefaultSubtitleWidget.uasset" 832
"../../../Engine/Plugins/Experimental/SubtitlesAndClosedCaptions/Content/Widgets/DefaultSubtitleWidget.uexp" 833
"S:/GitHub/massey-unreal-2/Orbital/Content/VRTemplate/VFX/NPC_VRTemplate.uasset" 834
"S:/GitHub/massey-unreal-2/Orbital/Content/VRTemplate/VFX/NPC_VRTemplate.uexp" 835
"../../../Engine/Content/Maps/Entry_BuiltData.uasset" 836
"../../../Engine/Content/Maps/Entry_BuiltData.uexp" 837
"../../../Engine/Content/Maps/Entry.uexp" 838
"../../../Engine/Content/Maps/Entry.umap" 839
"../../../Engine/Content/BasicShapes/Cube.uasset" 840
"../../../Engine/Content/BasicShapes/Cube.uexp" 841
"../../../Engine/Content/BasicShapes/BasicShapeMaterial.uasset" 842
"../../../Engine/Content/BasicShapes/BasicShapeMaterial.uexp" 843
"../../../Engine/Content/EngineMaterials/BlendFunc_DefBlend.uasset" 844
"../../../Engine/Content/EngineMaterials/BlendFunc_DefBlend.uexp" 845
"../../../Engine/Content/EngineMaterials/BlendFunc_DefBase.uasset" 846
"../../../Engine/Content/EngineMaterials/BlendFunc_DefBase.uexp" 847
"../../../Engine/Content/Functions/Engine_MaterialFunctions03/Blends/Blend_LinearDodge.uasset" 848
"../../../Engine/Content/Functions/Engine_MaterialFunctions03/Blends/Blend_LinearDodge.uexp" 849
"../../../Engine/Content/Functions/Engine_MaterialFunctions03/Blends/Blend_HardLight.uasset" 850
"../../../Engine/Content/Functions/Engine_MaterialFunctions03/Blends/Blend_HardLight.uexp" 851
"../../../Engine/Content/Functions/Engine_MaterialFunctions03/Blends/Blend_Darken.uasset" 852
"../../../Engine/Content/Functions/Engine_MaterialFunctions03/Blends/Blend_Darken.uexp" 853
"../../../Engine/Content/Functions/Engine_MaterialFunctions02/3PointLevels.uasset" 854
"../../../Engine/Content/Functions/Engine_MaterialFunctions02/3PointLevels.uexp" 855
"../../../Engine/Content/Functions/Engine_MaterialFunctions01/ImageAdjustment/SCurve.uasset" 856
"../../../Engine/Content/Functions/Engine_MaterialFunctions01/ImageAdjustment/SCurve.uexp" 857
"S:/GitHub/massey-unreal-2/Orbital/Content/Neo/NeoTex/SBS/devtex_transparent.ubulk" 858
"S:/GitHub/massey-unreal-2/Orbital/Content/Neo/NeoTex/SBS/devtex_transparent.uasset" 859
"S:/GitHub/massey-unreal-2/Orbital/Content/Neo/NeoTex/SBS/devtex_transparent.uexp" 860
"S:/GitHub/massey-unreal-2/Orbital/Content/Neo/NeoTex/SBS/BW_Marble_Tile_04-128x128.uasset" 861
"S:/GitHub/massey-unreal-2/Orbital/Content/Neo/NeoTex/SBS/BW_Marble_Tile_04-128x128.uexp" 862
"S:/GitHub/massey-unreal-2/Orbital/Content/Neo/NeoMat/matVertexColor.uasset" 863
"S:/GitHub/massey-unreal-2/Orbital/Content/Neo/NeoMat/matVertexColor.uexp" 864
"S:/GitHub/massey-unreal-2/Orbital/Content/Neo/NeoMat/matWireframe.uasset" 865
"S:/GitHub/massey-unreal-2/Orbital/Content/Neo/NeoMat/matWireframe.uexp" 866
"S:/GitHub/massey-unreal-2/Orbital/Content/Neo/NeoMat/matWireframe_Inst.uasset" 867
"S:/GitHub/massey-unreal-2/Orbital/Content/Neo/NeoMat/matWireframe_Inst.uexp" 868
"S:/GitHub/massey-unreal-2/Orbital/Content/Neo/NeoMat/matField.uasset" 869
"S:/GitHub/massey-unreal-2/Orbital/Content/Neo/NeoMat/matField.uexp" 870
"S:/GitHub/massey-unreal-2/Orbital/Content/_nOrbital/fbx/Prison.uasset" 871
"S:/GitHub/massey-unreal-2/Orbital/Content/_nOrbital/fbx/Prison.uexp" 872
"S:/GitHub/massey-unreal-2/Orbital/Content/InteractionSystem/Assets/Materials/Master/M_Glow.uasset" 873
"S:/GitHub/massey-unreal-2/Orbital/Content/InteractionSystem/Assets/Materials/Master/M_Glow.uexp" 874
"S:/GitHub/massey-unreal-2/Orbital/Content/InteractionSystem/Blueprints/Connections/Master/BP_Connection.uasset" 875
"S:/GitHub/massey-unreal-2/Orbital/Content/InteractionSystem/Blueprints/Connections/Master/BP_Connection.uexp" 876
"../../../Engine/Content/EngineMeshes/MaterialSphere.uasset" 877
"../../../Engine/Content/EngineMeshes/MaterialSphere.uexp" 878
"../../../Engine/Content/EditorBlueprintResources/StandardMacros.uasset" 879
"../../../Engine/Content/EditorBlueprintResources/StandardMacros.uexp" 880
"S:/GitHub/massey-unreal-2/Orbital/Content/InteractionSystem/Core/E_ItemType.uasset" 881
"S:/GitHub/massey-unreal-2/Orbital/Content/InteractionSystem/Core/E_ItemType.uexp" 882
"S:/GitHub/massey-unreal-2/Orbital/Content/InteractionSystem/Core/BPI_Interaction.uasset" 883
"S:/GitHub/massey-unreal-2/Orbital/Content/InteractionSystem/Core/BPI_Interaction.uexp" 884
"../../../Engine/Content/Functions/Engine_MaterialFunctions03/Blends/Blend_Overlay.uasset" 885
"../../../Engine/Content/Functions/Engine_MaterialFunctions03/Blends/Blend_Overlay.uexp" 886
"../../../Engine/Content/Functions/Engine_MaterialFunctions01/ImageAdjustment/CheapContrast.uasset" 887
"../../../Engine/Content/Functions/Engine_MaterialFunctions01/ImageAdjustment/CheapContrast.uexp" 888
"S:/GitHub/massey-unreal-2/Orbital/Content/InteractionSystem/Assets/Textures/T_GridChecker_A.ubulk" 889
"S:/GitHub/massey-unreal-2/Orbital/Content/InteractionSystem/Assets/Textures/T_GridChecker_A.uasset" 890
"S:/GitHub/massey-unreal-2/Orbital/Content/InteractionSystem/Assets/Textures/T_GridChecker_A.uexp" 891
"S:/GitHub/massey-unreal-2/Orbital/Content/InteractionSystem/Assets/Materials/Master/MF_ProcGrid.uasset" 892
"S:/GitHub/massey-unreal-2/Orbital/Content/InteractionSystem/Assets/Materials/Master/MF_ProcGrid.uexp" 893
"S:/GitHub/massey-unreal-2/Orbital/Content/InteractionSystem/Assets/Materials/Master/M_ProcGrid.uasset" 894
"S:/GitHub/massey-unreal-2/Orbital/Content/InteractionSystem/Assets/Materials/Master/M_ProcGrid.uexp" 895
"S:/GitHub/massey-unreal-2/Orbital/Content/InteractionSystem/Assets/Materials/ProcGrid/MI_ProcGrid.uasset" 896
"S:/GitHub/massey-unreal-2/Orbital/Content/InteractionSystem/Assets/Materials/ProcGrid/MI_ProcGrid.uexp" 897
"S:/GitHub/massey-unreal-2/Orbital/Content/InteractionSystem/Assets/Materials/ProcGrid/MI_ProcGrid_Blue.uasset" 898
"S:/GitHub/massey-unreal-2/Orbital/Content/InteractionSystem/Assets/Materials/ProcGrid/MI_ProcGrid_Blue.uexp" 899
"S:/GitHub/massey-unreal-2/Orbital/Content/InteractionSystem/Assets/Meshes/SM_Shape_Cube.uasset" 900
"S:/GitHub/massey-unreal-2/Orbital/Content/InteractionSystem/Assets/Meshes/SM_Shape_Cube.uexp" 901
"S:/GitHub/massey-unreal-2/Orbital/Content/InteractionSystem/Assets/Materials/Physics/PM_HighFriction.uasset" 902
"S:/GitHub/massey-unreal-2/Orbital/Content/InteractionSystem/Assets/Materials/Physics/PM_HighFriction.uexp" 903
"S:/GitHub/massey-unreal-2/Orbital/Content/InteractionSystem/Blueprints/Items/Master/BP_Item.uasset" 904
"S:/GitHub/massey-unreal-2/Orbital/Content/InteractionSystem/Blueprints/Items/Master/BP_Item.uexp" 905
"S:/GitHub/massey-unreal-2/Orbital/Content/InteractionSystem/Assets/Textures/T_Crosshair_CircleDot.uasset" 906
"S:/GitHub/massey-unreal-2/Orbital/Content/InteractionSystem/Assets/Textures/T_Crosshair_CircleDot.uexp" 907
"S:/GitHub/massey-unreal-2/Orbital/Content/InteractionSystem/UI/BPW_HUD.uasset" 908
"S:/GitHub/massey-unreal-2/Orbital/Content/InteractionSystem/UI/BPW_HUD.uexp" 909
"S:/GitHub/massey-unreal-2/Orbital/Content/InteractionSystem/Blueprints/Player/BP_FPS_Character.uasset" 910
"S:/GitHub/massey-unreal-2/Orbital/Content/InteractionSystem/Blueprints/Player/BP_FPS_Character.uexp" 911
"S:/GitHub/massey-unreal-2/Orbital/Content/InteractionSystem/Assets/Materials/ProcGrid/MI_ProcGrid_Gray.uasset" 912
"S:/GitHub/massey-unreal-2/Orbital/Content/InteractionSystem/Assets/Materials/ProcGrid/MI_ProcGrid_Gray.uexp" 913
"S:/GitHub/massey-unreal-2/Orbital/Content/InteractionSystem/Assets/Materials/ProcGrid/MI_ProcGrid_OffLines.uasset" 914
"S:/GitHub/massey-unreal-2/Orbital/Content/InteractionSystem/Assets/Materials/ProcGrid/MI_ProcGrid_OffLines.uexp" 915
"S:/GitHub/massey-unreal-2/Orbital/Content/InteractionSystem/Assets/Meshes/SM_Button_Top.uasset" 916
"S:/GitHub/massey-unreal-2/Orbital/Content/InteractionSystem/Assets/Meshes/SM_Button_Top.uexp" 917
"S:/GitHub/massey-unreal-2/Orbital/Content/InteractionSystem/Assets/Meshes/SM_Button_Base.uasset" 918
"S:/GitHub/massey-unreal-2/Orbital/Content/InteractionSystem/Assets/Meshes/SM_Button_Base.uexp" 919
"S:/GitHub/massey-unreal-2/Orbital/Content/InteractionSystem/Assets/Materials/ProcGrid/MI_ProcGrid_OnLines.uasset" 920
"S:/GitHub/massey-unreal-2/Orbital/Content/InteractionSystem/Assets/Materials/ProcGrid/MI_ProcGrid_OnLines.uexp" 921
"S:/GitHub/massey-unreal-2/Orbital/Content/InteractionSystem/Blueprints/Input/Master/BP_Button.uasset" 922
"S:/GitHub/massey-unreal-2/Orbital/Content/InteractionSystem/Blueprints/Input/Master/BP_Button.uexp" 923
"S:/GitHub/massey-unreal-2/Orbital/Content/InteractionSystem/Assets/Materials/Master/M_Basic.uasset" 924
"S:/GitHub/massey-unreal-2/Orbital/Content/InteractionSystem/Assets/Materials/Master/M_Basic.uexp" 925
"S:/GitHub/massey-unreal-2/Orbital/Content/InteractionSystem/Assets/Materials/Glow/MI_Glow_Off.uasset" 926
"S:/GitHub/massey-unreal-2/Orbital/Content/InteractionSystem/Assets/Materials/Glow/MI_Glow_Off.uexp" 927
"S:/GitHub/massey-unreal-2/Orbital/Content/InteractionSystem/Assets/Materials/Glow/MI_Glow_On.uasset" 928
"S:/GitHub/massey-unreal-2/Orbital/Content/InteractionSystem/Assets/Materials/Glow/MI_Glow_On.uexp" 929
"S:/GitHub/massey-unreal-2/Orbital/Content/InteractionSystem/Assets/Meshes/SM_Kiosk.uasset" 930
"S:/GitHub/massey-unreal-2/Orbital/Content/InteractionSystem/Assets/Meshes/SM_Kiosk.uexp" 931
"S:/GitHub/massey-unreal-2/Orbital/Content/InteractionSystem/Blueprints/Input/BP_Button_Kiosk.uasset" 932
"S:/GitHub/massey-unreal-2/Orbital/Content/InteractionSystem/Blueprints/Input/BP_Button_Kiosk.uexp" 933
"S:/GitHub/massey-unreal-2/Orbital/Content/Neo/NeoMusic/NewSoundAttenuation.uasset" 934
"S:/GitHub/massey-unreal-2/Orbital/Content/Neo/NeoMusic/NewSoundAttenuation.uexp" 935
"S:/GitHub/massey-unreal-2/Orbital/Content/Neo/NeoMusic/hbfx_rec1_11.ubulk" 936
"S:/GitHub/massey-unreal-2/Orbital/Content/Neo/NeoMusic/hbfx_rec1_11.uasset" 937
"S:/GitHub/massey-unreal-2/Orbital/Content/Neo/NeoMusic/hbfx_rec1_11.uexp" 938
"S:/GitHub/massey-unreal-2/Orbital/Content/Neo/NeoMat/matBridge.uasset" 939
"S:/GitHub/massey-unreal-2/Orbital/Content/Neo/NeoMat/matBridge.uexp" 940
"../../../Engine/Plugins/FX/Niagara/Content/DefaultAssets/DefaultSpriteMaterial.uasset" 941
"../../../Engine/Plugins/FX/Niagara/Content/DefaultAssets/DefaultSpriteMaterial.uexp" 942
"../../../Engine/Plugins/FX/Niagara/Content/VectorFields/Assets/TilingCurl32.uasset" 943
"../../../Engine/Plugins/FX/Niagara/Content/VectorFields/Assets/TilingCurl32.uexp" 944
"S:/GitHub/massey-unreal-2/Orbital/Content/Neo/NeoFX/BridgeFX.uasset" 945
"S:/GitHub/massey-unreal-2/Orbital/Content/Neo/NeoFX/BridgeFX.uexp" 946
"S:/GitHub/massey-unreal-2/Orbital/Content/Neo/NeoBP/BP_HoloBridge.uasset" 947
"S:/GitHub/massey-unreal-2/Orbital/Content/Neo/NeoBP/BP_HoloBridge.uexp" 948
"S:/GitHub/massey-unreal-2/Orbital/Content/Neo/NeoBP/BP_InverseField.uasset" 949
"S:/GitHub/massey-unreal-2/Orbital/Content/Neo/NeoBP/BP_InverseField.uexp" 950
"S:/GitHub/massey-unreal-2/Orbital/Content/Neo/NeoFX/SparxFX.uasset" 951
"S:/GitHub/massey-unreal-2/Orbital/Content/Neo/NeoFX/SparxFX.uexp" 952
"S:/GitHub/massey-unreal-2/Orbital/Content/JeremyPuzzle/ModelsAndProps/Assets/Textures/Chest_texture.ubulk" 953
"S:/GitHub/massey-unreal-2/Orbital/Content/JeremyPuzzle/ModelsAndProps/Assets/Textures/Chest_texture.uasset" 954
"S:/GitHub/massey-unreal-2/Orbital/Content/JeremyPuzzle/ModelsAndProps/Assets/Textures/Chest_texture.uexp" 955
"S:/GitHub/massey-unreal-2/Orbital/Content/JeremyPuzzle/ModelsAndProps/Assets/Textures/Chest_normal.ubulk" 956
"S:/GitHub/massey-unreal-2/Orbital/Content/JeremyPuzzle/ModelsAndProps/Assets/Textures/Chest_normal.uasset" 957
"S:/GitHub/massey-unreal-2/Orbital/Content/JeremyPuzzle/ModelsAndProps/Assets/Textures/Chest_normal.uexp" 958
"S:/GitHub/massey-unreal-2/Orbital/Content/JeremyPuzzle/ModelsAndProps/Assets/Materials/Chest.uasset" 959
"S:/GitHub/massey-unreal-2/Orbital/Content/JeremyPuzzle/ModelsAndProps/Assets/Materials/Chest.uexp" 960
"S:/GitHub/massey-unreal-2/Orbital/Content/JeremyPuzzle/ModelsAndProps/Assets/Models/Chest.uasset" 961
"S:/GitHub/massey-unreal-2/Orbital/Content/JeremyPuzzle/ModelsAndProps/Assets/Models/Chest.uexp" 962
"../../../Engine/Content/MapTemplates/Bokeh_5Sides.ubulk" 963
"../../../Engine/Content/MapTemplates/Bokeh_5Sides.uasset" 964
"../../../Engine/Content/MapTemplates/Bokeh_5Sides.uexp" 965
"../../../Engine/Content/EditorMeshes/ColorCalibrator/M_ChromeBall.uasset" 966
"../../../Engine/Content/EditorMeshes/ColorCalibrator/M_ChromeBall.uexp" 967
"../../../Engine/Content/VREditor/Sounds/VR_click1.ubulk" 968
"../../../Engine/Content/VREditor/Sounds/VR_click1.uasset" 969
"../../../Engine/Content/VREditor/Sounds/VR_click1.uexp" 970
"../../../Engine/Content/VREditor/Sounds/UI/Click_on_Button.ubulk" 971
"../../../Engine/Content/VREditor/Sounds/UI/Click_on_Button.uasset" 972
"../../../Engine/Content/VREditor/Sounds/UI/Click_on_Button.uexp" 973
"S:/GitHub/massey-unreal-2/Orbital/Content/_nOrbital/snd/monophonic.uasset" 974
"S:/GitHub/massey-unreal-2/Orbital/Content/_nOrbital/snd/monophonic.uexp" 975
"../../../Engine/Content/EngineSounds/Master.uasset" 976
"../../../Engine/Content/EngineSounds/Master.uexp" 977
"../../../Engine/Content/EngineSounds/Normal_Attack.uasset" 978
"../../../Engine/Content/EngineSounds/Normal_Attack.uexp" 979
"../../../Engine/Content/EngineSounds/Duck_Normal_Attack_MixMod.uasset" 980
"../../../Engine/Content/EngineSounds/Duck_Normal_Attack_MixMod.uexp" 981
"../../../Engine/Content/EngineSounds/Special_Attack_PSM.uasset" 982
"../../../Engine/Content/EngineSounds/Special_Attack_PSM.uexp" 983
"../../../Engine/Content/EngineSounds/SFX.uasset" 984
"../../../Engine/Content/EngineSounds/SFX.uexp" 985
"S:/GitHub/massey-unreal-2/Orbital/Content/_nOrbital/snd/nfx/hbfx_rec1_90.ubulk" 986
"S:/GitHub/massey-unreal-2/Orbital/Content/_nOrbital/snd/nfx/hbfx_rec1_90.uasset" 987
"S:/GitHub/massey-unreal-2/Orbital/Content/_nOrbital/snd/nfx/hbfx_rec1_90.uexp" 988
"S:/GitHub/massey-unreal-2/Orbital/Content/_nOrbital/ui/fonts/BerkeleyMono-Bold.uexp" 989
"S:/GitHub/massey-unreal-2/Orbital/Content/_nOrbital/ui/fonts/BerkeleyMono-Bold.uasset" 990
"S:/GitHub/massey-unreal-2/Orbital/Content/_nOrbital/ui/fonts/BerkeleyMono-Bold.ufont" 991
"S:/GitHub/massey-unreal-2/Orbital/Content/_nOrbital/ui/fonts/BerkeleyMono-Regular.uexp" 992
"S:/GitHub/massey-unreal-2/Orbital/Content/_nOrbital/ui/fonts/BerkeleyMono-Regular.uasset" 993
"S:/GitHub/massey-unreal-2/Orbital/Content/_nOrbital/ui/fonts/BerkeleyMono-Regular.ufont" 994
"S:/GitHub/massey-unreal-2/Orbital/Content/_nOrbital/ui/fonts/BerkeleyMono.uasset" 995
"S:/GitHub/massey-unreal-2/Orbital/Content/_nOrbital/ui/fonts/BerkeleyMono.uexp" 996
"S:/GitHub/massey-unreal-2/Orbital/Content/_nOrbital/ui/WBP_typetext.uasset" 997
"S:/GitHub/massey-unreal-2/Orbital/Content/_nOrbital/ui/WBP_typetext.uexp" 998
"S:/GitHub/massey-unreal-2/Orbital/Content/_nOrbital/ui/HUD_player.uasset" 999
"S:/GitHub/massey-unreal-2/Orbital/Content/_nOrbital/ui/HUD_player.uexp" 1000
"S:/GitHub/massey-unreal-2/Orbital/Content/_nOrbital/lvl/_GENERATED/neo/VoxelBoolean_380CE6A9.ubulk" 1001
"S:/GitHub/massey-unreal-2/Orbital/Content/_nOrbital/lvl/_GENERATED/neo/VoxelBoolean_380CE6A9.uasset" 1002
"S:/GitHub/massey-unreal-2/Orbital/Content/_nOrbital/lvl/_GENERATED/neo/VoxelBoolean_380CE6A9.uexp" 1003
"S:/GitHub/massey-unreal-2/Orbital/Content/_nOrbital/bp/BP_nChar_You.uasset" 1004
"S:/GitHub/massey-unreal-2/Orbital/Content/_nOrbital/bp/BP_nChar_You.uexp" 1005
"S:/GitHub/massey-unreal-2/Orbital/Content/SystemFonts/FontFaces/MicrogrammaExtDMed_Regular.uexp" 1006
"S:/GitHub/massey-unreal-2/Orbital/Content/SystemFonts/FontFaces/MicrogrammaExtDMed_Regular.uasset" 1007
"S:/GitHub/massey-unreal-2/Orbital/Content/SystemFonts/FontFaces/MicrogrammaExtDMed_Regular.ufont" 1008
"S:/GitHub/massey-unreal-2/Orbital/Content/SystemFonts/Fonts/MicrogrammaExtDMed.uasset" 1009
"S:/GitHub/massey-unreal-2/Orbital/Content/SystemFonts/Fonts/MicrogrammaExtDMed.uexp" 1010
"S:/GitHub/massey-unreal-2/Orbital/Content/SystemFonts/FontFaces/MicrogrammaExtDBol_Regular.uexp" 1011
"S:/GitHub/massey-unreal-2/Orbital/Content/SystemFonts/FontFaces/MicrogrammaExtDBol_Regular.uasset" 1012
"S:/GitHub/massey-unreal-2/Orbital/Content/SystemFonts/FontFaces/MicrogrammaExtDBol_Regular.ufont" 1013
"S:/GitHub/massey-unreal-2/Orbital/Content/SystemFonts/Fonts/MicrogrammaExtDBol.uasset" 1014
"S:/GitHub/massey-unreal-2/Orbital/Content/SystemFonts/Fonts/MicrogrammaExtDBol.uexp" 1015
"S:/GitHub/massey-unreal-2/Orbital/Content/SystemFonts/FontFaces/FixedsysExcelsior301_Regular.uexp" 1016
"S:/GitHub/massey-unreal-2/Orbital/Content/SystemFonts/FontFaces/FixedsysExcelsior301_Regular.uasset" 1017
"S:/GitHub/massey-unreal-2/Orbital/Content/SystemFonts/FontFaces/FixedsysExcelsior301_Regular.ufont" 1018
"S:/GitHub/massey-unreal-2/Orbital/Content/SystemFonts/Fonts/FixedsysExcelsior301.uasset" 1019
"S:/GitHub/massey-unreal-2/Orbital/Content/SystemFonts/Fonts/FixedsysExcelsior301.uexp" 1020
"S:/GitHub/massey-unreal-2/Orbital/Content/StarterContent/Textures/T_Smoke_Tiled_D.ubulk" 1021
"S:/GitHub/massey-unreal-2/Orbital/Content/StarterContent/Textures/T_Smoke_Tiled_D.uasset" 1022
"S:/GitHub/massey-unreal-2/Orbital/Content/StarterContent/Textures/T_Smoke_Tiled_D.uexp" 1023
"S:/GitHub/massey-unreal-2/Orbital/Content/StarterContent/Textures/T_Smoke_SubUV.ubulk" 1024
"S:/GitHub/massey-unreal-2/Orbital/Content/StarterContent/Textures/T_Smoke_SubUV.uasset" 1025
"S:/GitHub/massey-unreal-2/Orbital/Content/StarterContent/Textures/T_Smoke_SubUV.uexp" 1026
"S:/GitHub/massey-unreal-2/Orbital/Content/StarterContent/Particles/Materials/M_smoke_subUV.uasset" 1027
"S:/GitHub/massey-unreal-2/Orbital/Content/StarterContent/Particles/Materials/M_smoke_subUV.uexp" 1028
"S:/GitHub/massey-unreal-2/Orbital/Content/StarterContent/Textures/T_Spark_Core.ubulk" 1029
"S:/GitHub/massey-unreal-2/Orbital/Content/StarterContent/Textures/T_Spark_Core.uasset" 1030
"S:/GitHub/massey-unreal-2/Orbital/Content/StarterContent/Textures/T_Spark_Core.uexp" 1031
"S:/GitHub/massey-unreal-2/Orbital/Content/StarterContent/Particles/Materials/M_Spark.uasset" 1032
"S:/GitHub/massey-unreal-2/Orbital/Content/StarterContent/Particles/Materials/M_Spark.uexp" 1033
"../../../Engine/Content/Functions/Engine_MaterialFunctions01/Gradient/RadialGradient.uasset" 1034
"../../../Engine/Content/Functions/Engine_MaterialFunctions01/Gradient/RadialGradient.uexp" 1035
"S:/GitHub/massey-unreal-2/Orbital/Content/StarterContent/Particles/Materials/M_Radial_Gradient.uasset" 1036
"S:/GitHub/massey-unreal-2/Orbital/Content/StarterContent/Particles/Materials/M_Radial_Gradient.uexp" 1037
"S:/GitHub/massey-unreal-2/Orbital/Content/StarterContent/Particles/P_Sparks.uasset" 1038
"S:/GitHub/massey-unreal-2/Orbital/Content/StarterContent/Particles/P_Sparks.uexp" 1039
"../../../Engine/Content/EngineSounds/Submixes/MasterEQEffectPreset.uasset" 1040
"../../../Engine/Content/EngineSounds/Submixes/MasterEQEffectPreset.uexp" 1041
"../../../Engine/Content/EngineSounds/Submixes/MasterEQSubmixDefault.uasset" 1042
"../../../Engine/Content/EngineSounds/Submixes/MasterEQSubmixDefault.uexp" 1043
"../../../Engine/Content/EngineSounds/Submixes/MasterSubmixDefault.uasset" 1044
"../../../Engine/Content/EngineSounds/Submixes/MasterSubmixDefault.uexp" 1045
"../../../Engine/Content/EngineSounds/Submixes/MasterReverbSubmixDefault.uasset" 1046
"../../../Engine/Content/EngineSounds/Submixes/MasterReverbSubmixDefault.uexp" 1047
"../../../Engine/Content/EngineSounds/ReverbSettings/StoneCorridor.uasset" 1048
"../../../Engine/Content/EngineSounds/ReverbSettings/StoneCorridor.uexp" 1049
"../../../Engine/Content/EngineSounds/ReverbSettings/BunkerHall.uasset" 1050
"../../../Engine/Content/EngineSounds/ReverbSettings/BunkerHall.uexp" 1051
"S:/GitHub/massey-unreal-2/Orbital/Content/_nOrbital/snd/nfx/hbfx_rec1_113.ubulk" 1052
"S:/GitHub/massey-unreal-2/Orbital/Content/_nOrbital/snd/nfx/hbfx_rec1_113.uasset" 1053
"S:/GitHub/massey-unreal-2/Orbital/Content/_nOrbital/snd/nfx/hbfx_rec1_113.uexp" 1054
"S:/GitHub/massey-unreal-2/Orbital/Content/_nOrbital/mat/rt_Screen1.uasset" 1055
"S:/GitHub/massey-unreal-2/Orbital/Content/_nOrbital/mat/rt_Screen1.uexp" 1056
"S:/GitHub/massey-unreal-2/Orbital/Content/_nOrbital/mat/rt_Screen1_Mat.uasset" 1057
"S:/GitHub/massey-unreal-2/Orbital/Content/_nOrbital/mat/rt_Screen1_Mat.uexp" 1058
"S:/GitHub/massey-unreal-2/Orbital/Content/_nOrbital/ui/HUD_grabber.uasset" 1059
"S:/GitHub/massey-unreal-2/Orbital/Content/_nOrbital/ui/HUD_grabber.uexp" 1060
"S:/GitHub/massey-unreal-2/Orbital/Content/_nOrbital/ui/HUD_finder.uasset" 1061
"S:/GitHub/massey-unreal-2/Orbital/Content/_nOrbital/ui/HUD_finder.uexp" 1062
"S:/GitHub/massey-unreal-2/Orbital/Content/_nOrbital/snd/creepy.ubulk" 1063
"S:/GitHub/massey-unreal-2/Orbital/Content/_nOrbital/snd/creepy.uasset" 1064
"S:/GitHub/massey-unreal-2/Orbital/Content/_nOrbital/snd/creepy.uexp" 1065
"S:/GitHub/massey-unreal-2/Orbital/Content/_nOrbital/obj/lightpulse.uasset" 1066
"S:/GitHub/massey-unreal-2/Orbital/Content/_nOrbital/obj/lightpulse.uexp" 1067
"../../../Engine/Content/Functions/Engine_MaterialFunctions01/Coordinates/LongLatToUV.uasset" 1068
"../../../Engine/Content/Functions/Engine_MaterialFunctions01/Coordinates/LongLatToUV.uexp" 1069
"S:/GitHub/massey-unreal-2/Orbital/Content/_nOrbital/tex/sky/scr00001.uasset" 1070
"S:/GitHub/massey-unreal-2/Orbital/Content/_nOrbital/tex/sky/scr00001.uexp" 1071
"S:/GitHub/massey-unreal-2/Orbital/Content/_nOrbital/tex/sky/skymat.uasset" 1072
"S:/GitHub/massey-unreal-2/Orbital/Content/_nOrbital/tex/sky/skymat.uexp" 1073
"S:/GitHub/massey-unreal-2/Orbital/Content/_nOrbital/mdl/skysphere.uasset" 1074
"S:/GitHub/massey-unreal-2/Orbital/Content/_nOrbital/mdl/skysphere.uexp" 1075
"../../../Engine/Plugins/Interchange/Assets/Content/Functions/MF_PhongToMetalRoughness.uasset" 1076
"../../../Engine/Plugins/Interchange/Assets/Content/Functions/MF_PhongToMetalRoughness.uexp" 1077
"S:/GitHub/massey-unreal-2/Orbital/Content/_nOrbital/mat/space_trim_reflect.uasset" 1078
"S:/GitHub/massey-unreal-2/Orbital/Content/_nOrbital/mat/space_trim_reflect.uexp" 1079
"S:/GitHub/massey-unreal-2/Orbital/Content/_nOrbital/mat/space_trim_red.uasset" 1080
"S:/GitHub/massey-unreal-2/Orbital/Content/_nOrbital/mat/space_trim_red.uexp" 1081
"../../../Engine/Content/EngineDebugMaterials/HeatmapGradient.ubulk" 1082
"../../../Engine/Content/EngineDebugMaterials/HeatmapGradient.uasset" 1083
"../../../Engine/Content/EngineDebugMaterials/HeatmapGradient.uexp" 1084
"../../../Engine/Content/Functions/Engine_MaterialFunctions01/ImageAdjustment/CheapContrast_RGB.uasset" 1085
"../../../Engine/Content/Functions/Engine_MaterialFunctions01/ImageAdjustment/CheapContrast_RGB.uexp" 1086
"S:/GitHub/massey-unreal-2/Orbital/Content/StarterContent/Textures/T_Metal_Steel_D.ubulk" 1087
"S:/GitHub/massey-unreal-2/Orbital/Content/StarterContent/Textures/T_Metal_Steel_D.uasset" 1088
"S:/GitHub/massey-unreal-2/Orbital/Content/StarterContent/Textures/T_Metal_Steel_D.uexp" 1089
"S:/GitHub/massey-unreal-2/Orbital/Content/StarterContent/Textures/T_Metal_Aluminum_D.ubulk" 1090
"S:/GitHub/massey-unreal-2/Orbital/Content/StarterContent/Textures/T_Metal_Aluminum_D.uasset" 1091
"S:/GitHub/massey-unreal-2/Orbital/Content/StarterContent/Textures/T_Metal_Aluminum_D.uexp" 1092
"S:/GitHub/massey-unreal-2/Orbital/Content/_nOrbital/mat/space_base.uasset" 1093
"S:/GitHub/massey-unreal-2/Orbital/Content/_nOrbital/mat/space_base.uexp" 1094
"S:/GitHub/massey-unreal-2/Orbital/Content/_nOrbital/mat/rt_Screen2.uasset" 1095
"S:/GitHub/massey-unreal-2/Orbital/Content/_nOrbital/mat/rt_Screen2.uexp" 1096
"S:/GitHub/massey-unreal-2/Orbital/Content/_nOrbital/lvl/prototype_BuiltData.ubulk" 1097
"S:/GitHub/massey-unreal-2/Orbital/Content/_nOrbital/lvl/prototype_BuiltData.uasset" 1098
"S:/GitHub/massey-unreal-2/Orbital/Content/_nOrbital/lvl/prototype_BuiltData.uexp" 1099
"S:/GitHub/massey-unreal-2/Orbital/Content/Neo/NeoTex/SBS/Tex_Metal_03-128x128.ubulk" 1100
"S:/GitHub/massey-unreal-2/Orbital/Content/Neo/NeoTex/SBS/Tex_Metal_03-128x128.uasset" 1101
"S:/GitHub/massey-unreal-2/Orbital/Content/Neo/NeoTex/SBS/Tex_Metal_03-128x128.uexp" 1102
"S:/GitHub/massey-unreal-2/Orbital/Content/_nOrbital/mat/space_trim_dark.uasset" 1103
"S:/GitHub/massey-unreal-2/Orbital/Content/_nOrbital/mat/space_trim_dark.uexp" 1104
"S:/GitHub/massey-unreal-2/Orbital/Content/_nOrbital/mat/space_trim_blue.uasset" 1105
"S:/GitHub/massey-unreal-2/Orbital/Content/_nOrbital/mat/space_trim_blue.uexp" 1106
"S:/GitHub/massey-unreal-2/Orbital/Content/_nOrbital/fbx/corridor__junction_ladder.uasset" 1107
"S:/GitHub/massey-unreal-2/Orbital/Content/_nOrbital/fbx/corridor__junction_ladder.uexp" 1108
"S:/GitHub/massey-unreal-2/Orbital/Content/_nOrbital/fbx/corridor_straight_doublebrace.uasset" 1109
"S:/GitHub/massey-unreal-2/Orbital/Content/_nOrbital/fbx/corridor_straight_doublebrace.uexp" 1110
"S:/GitHub/massey-unreal-2/Orbital/Content/_nOrbital/fbx/corridor_straight_double.uasset" 1111
"S:/GitHub/massey-unreal-2/Orbital/Content/_nOrbital/fbx/corridor_straight_double.uexp" 1112
"S:/GitHub/massey-unreal-2/Orbital/Content/_nOrbital/fbx/corridor_single3.uasset" 1113
"S:/GitHub/massey-unreal-2/Orbital/Content/_nOrbital/fbx/corridor_single3.uexp" 1114
"S:/GitHub/massey-unreal-2/Orbital/Content/_nOrbital/fbx/corridor_single2.uasset" 1115
"S:/GitHub/massey-unreal-2/Orbital/Content/_nOrbital/fbx/corridor_single2.uexp" 1116
"S:/GitHub/massey-unreal-2/Orbital/Content/_nOrbital/fbx/corridor_single1.uasset" 1117
"S:/GitHub/massey-unreal-2/Orbital/Content/_nOrbital/fbx/corridor_single1.uexp" 1118
"S:/GitHub/massey-unreal-2/Orbital/Content/_nOrbital/fbx/corridor_junction_passage.uasset" 1119
"S:/GitHub/massey-unreal-2/Orbital/Content/_nOrbital/fbx/corridor_junction_passage.uexp" 1120
"S:/GitHub/massey-unreal-2/Orbital/Content/_nOrbital/fbx/corridor_junction_circuit.uasset" 1121
"S:/GitHub/massey-unreal-2/Orbital/Content/_nOrbital/fbx/corridor_junction_circuit.uexp" 1122
"S:/GitHub/massey-unreal-2/Orbital/Content/_nOrbital/fbx/corridor_corner_outer.uasset" 1123
"S:/GitHub/massey-unreal-2/Orbital/Content/_nOrbital/fbx/corridor_corner_outer.uexp" 1124
"S:/GitHub/massey-unreal-2/Orbital/Content/_nOrbital/fbx/corridor_corner_inner.uasset" 1125
"S:/GitHub/massey-unreal-2/Orbital/Content/_nOrbital/fbx/corridor_corner_inner.uexp" 1126
"S:/GitHub/massey-unreal-2/Orbital/Content/_nOrbital/fbx/Corridor2.uasset" 1127
"S:/GitHub/massey-unreal-2/Orbital/Content/_nOrbital/fbx/Corridor2.uexp" 1128
"S:/GitHub/massey-unreal-2/Orbital/Content/_nOrbital/fbx/Corridor1.uasset" 1129
"S:/GitHub/massey-unreal-2/Orbital/Content/_nOrbital/fbx/Corridor1.uexp" 1130
"S:/GitHub/massey-unreal-2/Orbital/Content/StarterContent/Textures/T_Dust_Particle_D.ubulk" 1131
"S:/GitHub/massey-unreal-2/Orbital/Content/StarterContent/Textures/T_Dust_Particle_D.uasset" 1132
"S:/GitHub/massey-unreal-2/Orbital/Content/StarterContent/Textures/T_Dust_Particle_D.uexp" 1133
"S:/GitHub/massey-unreal-2/Orbital/Content/StarterContent/Particles/Materials/M_Dust_Particle.uasset" 1134
"S:/GitHub/massey-unreal-2/Orbital/Content/StarterContent/Particles/Materials/M_Dust_Particle.uexp" 1135
"S:/GitHub/massey-unreal-2/Orbital/Content/StarterContent/Particles/P_Ambient_Dust.uasset" 1136
"S:/GitHub/massey-unreal-2/Orbital/Content/StarterContent/Particles/P_Ambient_Dust.uexp" 1137
"S:/GitHub/massey-unreal-2/Orbital/Content/_nOrbital/bp/ZeroG_Box.uasset" 1138
"S:/GitHub/massey-unreal-2/Orbital/Content/_nOrbital/bp/ZeroG_Box.uexp" 1139
"../../../Engine/Content/BasicShapes/Plane.uasset" 1140
"../../../Engine/Content/BasicShapes/Plane.uexp" 1141
"S:/GitHub/massey-unreal-2/Orbital/Content/_nOrbital/mat/rt_Screen2_Mat.uasset" 1142
"S:/GitHub/massey-unreal-2/Orbital/Content/_nOrbital/mat/rt_Screen2_Mat.uexp" 1143
"S:/GitHub/massey-unreal-2/Orbital/Content/_nOrbital/bp/ControlScreen.uasset" 1144
"S:/GitHub/massey-unreal-2/Orbital/Content/_nOrbital/bp/ControlScreen.uexp" 1145
"../../../Engine/Content/MapTemplates/T_ScreenDirt02_w.uasset" 1146
"../../../Engine/Content/MapTemplates/T_ScreenDirt02_w.uexp" 1147
"../../../Engine/Content/EngineMaterials/DefaultBokeh.uasset" 1148
"../../../Engine/Content/EngineMaterials/DefaultBokeh.uexp" 1149
"S:/GitHub/massey-unreal-2/Orbital/Content/_nOrbital/snd/nfx/hbfx_rec1_31.ubulk" 1150
"S:/GitHub/massey-unreal-2/Orbital/Content/_nOrbital/snd/nfx/hbfx_rec1_31.uasset" 1151
"S:/GitHub/massey-unreal-2/Orbital/Content/_nOrbital/snd/nfx/hbfx_rec1_31.uexp" 1152
"../../../Engine/Plugins/FX/Niagara/Content/DefaultAssets/DefaultRIbbonMaterial.uasset" 1153
"../../../Engine/Plugins/FX/Niagara/Content/DefaultAssets/DefaultRIbbonMaterial.uexp" 1154
"S:/GitHub/massey-unreal-2/Orbital/Content/_nOrbital/fx/fx_Jet.uasset" 1155
"S:/GitHub/massey-unreal-2/Orbital/Content/_nOrbital/fx/fx_Jet.uexp" 1156
"S:/GitHub/massey-unreal-2/Orbital/Content/_nOrbital/bp/BP_nChar_Grabber.uasset" 1157
"S:/GitHub/massey-unreal-2/Orbital/Content/_nOrbital/bp/BP_nChar_Grabber.uexp" 1158
"S:/GitHub/massey-unreal-2/Orbital/Content/_nOrbital/bp/BP_nChar_Finder.uasset" 1159
"S:/GitHub/massey-unreal-2/Orbital/Content/_nOrbital/bp/BP_nChar_Finder.uexp" 1160
"../../../Engine/Content/EditorSounds/Notifications/CompileFailed.ubulk" 1161
"../../../Engine/Content/EditorSounds/Notifications/CompileFailed.uasset" 1162
"../../../Engine/Content/EditorSounds/Notifications/CompileFailed.uexp" 1163
"S:/GitHub/massey-unreal-2/Orbital/Content/_nOrbital/mat/text_3D_emissive.uasset" 1164
"S:/GitHub/massey-unreal-2/Orbital/Content/_nOrbital/mat/text_3D_emissive.uexp" 1165
"S:/GitHub/massey-unreal-2/Orbital/Content/_nOrbital/enum/enum_DoorState.uasset" 1166
"S:/GitHub/massey-unreal-2/Orbital/Content/_nOrbital/enum/enum_DoorState.uexp" 1167
"../../../Engine/Content/VREditor/Sounds/UI/Camera_Shutter.ubulk" 1168
"../../../Engine/Content/VREditor/Sounds/UI/Camera_Shutter.uasset" 1169
"../../../Engine/Content/VREditor/Sounds/UI/Camera_Shutter.uexp" 1170
"S:/GitHub/massey-unreal-2/Orbital/Content/_nOrbital/snd/door/transition_shutter_002.ubulk" 1171
"S:/GitHub/massey-unreal-2/Orbital/Content/_nOrbital/snd/door/transition_shutter_002.uasset" 1172
"S:/GitHub/massey-unreal-2/Orbital/Content/_nOrbital/snd/door/transition_shutter_002.uexp" 1173
"S:/GitHub/massey-unreal-2/Orbital/Content/_nOrbital/snd/door/PM_FSSF_DOOR_MID_9.ubulk" 1174
"S:/GitHub/massey-unreal-2/Orbital/Content/_nOrbital/snd/door/PM_FSSF_DOOR_MID_9.uasset" 1175
"S:/GitHub/massey-unreal-2/Orbital/Content/_nOrbital/snd/door/PM_FSSF_DOOR_MID_9.uexp" 1176
"S:/GitHub/massey-unreal-2/Orbital/Content/_nOrbital/fbx/corridor_1_door/space_trim_dark.uasset" 1177
"S:/GitHub/massey-unreal-2/Orbital/Content/_nOrbital/fbx/corridor_1_door/space_trim_dark.uexp" 1178
"S:/GitHub/massey-unreal-2/Orbital/Content/_nOrbital/fbx/corridor_1_door/doorway.uasset" 1179
"S:/GitHub/massey-unreal-2/Orbital/Content/_nOrbital/fbx/corridor_1_door/doorway.uexp" 1180
"S:/GitHub/massey-unreal-2/Orbital/Content/_nOrbital/fbx/corridor_1_door/space_glass.uasset" 1181
"S:/GitHub/massey-unreal-2/Orbital/Content/_nOrbital/fbx/corridor_1_door/space_glass.uexp" 1182
"S:/GitHub/massey-unreal-2/Orbital/Content/_nOrbital/fbx/corridor_1_door/door.uasset" 1183
"S:/GitHub/massey-unreal-2/Orbital/Content/_nOrbital/fbx/corridor_1_door/door.uexp" 1184
"S:/GitHub/massey-unreal-2/Orbital/Content/_nOrbital/bp/bp_door.uasset" 1185
"S:/GitHub/massey-unreal-2/Orbital/Content/_nOrbital/bp/bp_door.uexp" 1186
"../../../Engine/Content/BasicShapes/Sphere.uasset" 1187
"../../../Engine/Content/BasicShapes/Sphere.uexp" 1188
"../../../Engine/Content/EditorSounds/GamePreview/EndSimulate.ubulk" 1189
"../../../Engine/Content/EditorSounds/GamePreview/EndSimulate.uasset" 1190
"../../../Engine/Content/EditorSounds/GamePreview/EndSimulate.uexp" 1191
"S:/GitHub/massey-unreal-2/Orbital/Content/_nOrbital/bp/BP_AirTank.uasset" 1192
"S:/GitHub/massey-unreal-2/Orbital/Content/_nOrbital/bp/BP_AirTank.uexp" 1193
"S:/GitHub/massey-unreal-2/Orbital/Content/_nOrbital/snd/amb/windydunes.ubulk" 1194
"S:/GitHub/massey-unreal-2/Orbital/Content/_nOrbital/snd/amb/windydunes.uasset" 1195
"S:/GitHub/massey-unreal-2/Orbital/Content/_nOrbital/snd/amb/windydunes.uexp" 1196
"S:/GitHub/massey-unreal-2/Orbital/Content/_nOrbital/snd/amb/indoor_alarm_far_stereo.ubulk" 1197
"S:/GitHub/massey-unreal-2/Orbital/Content/_nOrbital/snd/amb/indoor_alarm_far_stereo.uasset" 1198
"S:/GitHub/massey-unreal-2/Orbital/Content/_nOrbital/snd/amb/indoor_alarm_far_stereo.uexp" 1199
"S:/GitHub/massey-unreal-2/Orbital/Content/_nOrbital/snd/amb/airydrone.ubulk" 1200
"S:/GitHub/massey-unreal-2/Orbital/Content/_nOrbital/snd/amb/airydrone.uasset" 1201
"S:/GitHub/massey-unreal-2/Orbital/Content/_nOrbital/snd/amb/airydrone.uexp" 1202
"S:/GitHub/massey-unreal-2/Orbital/Content/_nOrbital/fbx/corridor_1/space_trim_reflect.uasset" 1203
"S:/GitHub/massey-unreal-2/Orbital/Content/_nOrbital/fbx/corridor_1/space_trim_reflect.uexp" 1204
"S:/GitHub/massey-unreal-2/Orbital/Content/_nOrbital/fbx/corridor_1/space_trim_red.uasset" 1205
"S:/GitHub/massey-unreal-2/Orbital/Content/_nOrbital/fbx/corridor_1/space_trim_red.uexp" 1206
"S:/GitHub/massey-unreal-2/Orbital/Content/_nOrbital/fbx/corridor_1/space_trim_blue.uasset" 1207
"S:/GitHub/massey-unreal-2/Orbital/Content/_nOrbital/fbx/corridor_1/space_trim_blue.uexp" 1208
"S:/GitHub/massey-unreal-2/Orbital/Content/_nOrbital/fbx/corridor_1/corridor_triplebrace.uasset" 1209
"S:/GitHub/massey-unreal-2/Orbital/Content/_nOrbital/fbx/corridor_1/corridor_triplebrace.uexp" 1210
"S:/GitHub/massey-unreal-2/Orbital/Content/_nOrbital/fbx/corridor_1/corridor_triple.uasset" 1211
"S:/GitHub/massey-unreal-2/Orbital/Content/_nOrbital/fbx/corridor_1/corridor_triple.uexp" 1212
"S:/GitHub/massey-unreal-2/Orbital/Content/_nOrbital/fbx/corridor_1/corridor_straight_doublebrace.uasset" 1213
"S:/GitHub/massey-unreal-2/Orbital/Content/_nOrbital/fbx/corridor_1/corridor_straight_doublebrace.uexp" 1214
"S:/GitHub/massey-unreal-2/Orbital/Content/_nOrbital/fbx/corridor_1/corridor_single3.uasset" 1215
"S:/GitHub/massey-unreal-2/Orbital/Content/_nOrbital/fbx/corridor_1/corridor_single3.uexp" 1216
"S:/GitHub/massey-unreal-2/Orbital/Content/_nOrbital/fbx/corridor_1/corridor_single2.uasset" 1217
"S:/GitHub/massey-unreal-2/Orbital/Content/_nOrbital/fbx/corridor_1/corridor_single2.uexp" 1218
"S:/GitHub/massey-unreal-2/Orbital/Content/_nOrbital/fbx/corridor_1/corridor_single1.uasset" 1219
"S:/GitHub/massey-unreal-2/Orbital/Content/_nOrbital/fbx/corridor_1/corridor_single1.uexp" 1220
"S:/GitHub/massey-unreal-2/Orbital/Content/_nOrbital/fbx/corridor_1/corridor_junction_vertical.uasset" 1221
"S:/GitHub/massey-unreal-2/Orbital/Content/_nOrbital/fbx/corridor_1/corridor_junction_vertical.uexp" 1222
"S:/GitHub/massey-unreal-2/Orbital/Content/_nOrbital/fbx/corridor_1/corridor_junction_circuit.uasset" 1223
"S:/GitHub/massey-unreal-2/Orbital/Content/_nOrbital/fbx/corridor_1/corridor_junction_circuit.uexp" 1224
"S:/GitHub/massey-unreal-2/Orbital/Content/_nOrbital/fbx/corridor_1/corridor_corner_outer.uasset" 1225
"S:/GitHub/massey-unreal-2/Orbital/Content/_nOrbital/fbx/corridor_1/corridor_corner_outer.uexp" 1226
"S:/GitHub/massey-unreal-2/Orbital/Content/_nOrbital/fbx/corridor_1/corridor_corner_inner.uasset" 1227
"S:/GitHub/massey-unreal-2/Orbital/Content/_nOrbital/fbx/corridor_1/corridor_corner_inner.uexp" 1228
"../../../Engine/Content/EngineMaterials/DefaultPhysicalMaterial.uasset" 1229
"../../../Engine/Content/EngineMaterials/DefaultPhysicalMaterial.uexp" 1230
"../../../Engine/Content/Functions/Engine_MaterialFunctions03/Texturing/CameraWorldBlend.uasset" 1231
"../../../Engine/Content/Functions/Engine_MaterialFunctions03/Texturing/CameraWorldBlend.uexp" 1232
"S:/GitHub/massey-unreal-2/Orbital/Content/_nOrbital/ai/dart/flares_weapon_lens.uasset" 1233
"S:/GitHub/massey-unreal-2/Orbital/Content/_nOrbital/ai/dart/flares_weapon_lens.uexp" 1234
"S:/GitHub/massey-unreal-2/Orbital/Content/_nOrbital/ai/dart/flares_weapon_lens_Mat.uasset" 1235
"S:/GitHub/massey-unreal-2/Orbital/Content/_nOrbital/ai/dart/flares_weapon_lens_Mat.uexp" 1236
"S:/GitHub/massey-unreal-2/Orbital/Content/_nOrbital/fx/fx_DartFlare.uasset" 1237
"S:/GitHub/massey-unreal-2/Orbital/Content/_nOrbital/fx/fx_DartFlare.uexp" 1238
"S:/GitHub/massey-unreal-2/Orbital/Content/_nOrbital/fbx/dart/dart_spin.uasset" 1239
"S:/GitHub/massey-unreal-2/Orbital/Content/_nOrbital/fbx/dart/dart_spin.uexp" 1240
"S:/GitHub/massey-unreal-2/Orbital/Content/_nOrbital/fbx/dart/dart_Skeleton.uasset" 1241
"S:/GitHub/massey-unreal-2/Orbital/Content/_nOrbital/fbx/dart/dart_Skeleton.uexp" 1242
"S:/GitHub/massey-unreal-2/Orbital/Content/_nOrbital/fbx/dart/dart_PhysicsAsset.uasset" 1243
"S:/GitHub/massey-unreal-2/Orbital/Content/_nOrbital/fbx/dart/dart_PhysicsAsset.uexp" 1244
"S:/GitHub/massey-unreal-2/Orbital/Content/_nOrbital/fbx/dart/dart_outside.uasset" 1245
"S:/GitHub/massey-unreal-2/Orbital/Content/_nOrbital/fbx/dart/dart_outside.uexp" 1246
"../../../Engine/Content/Functions/Engine_MaterialFunctions02/Math/MultiplyAdd.uasset" 1247
"../../../Engine/Content/Functions/Engine_MaterialFunctions02/Math/MultiplyAdd.uexp" 1248
"S:/GitHub/massey-unreal-2/Orbital/Content/_nOrbital/fbx/dart/dart_core.uasset" 1249
"S:/GitHub/massey-unreal-2/Orbital/Content/_nOrbital/fbx/dart/dart_core.uexp" 1250
"S:/GitHub/massey-unreal-2/Orbital/Content/_nOrbital/fbx/dart/dart.uasset" 1251
"S:/GitHub/massey-unreal-2/Orbital/Content/_nOrbital/fbx/dart/dart.uexp" 1252
"../../../Engine/Plugins/Animation/ACLPlugin/Content/ACLAnimCurveCompressionSettings.uasset" 1253
"../../../Engine/Plugins/Animation/ACLPlugin/Content/ACLAnimCurveCompressionSettings.uexp" 1254
"../../../Engine/Plugins/Animation/ACLPlugin/Content/ACLAnimBoneCompressionSettings.uasset" 1255
"../../../Engine/Plugins/Animation/ACLPlugin/Content/ACLAnimBoneCompressionSettings.uexp" 1256
"../../../Engine/Content/Animation/DefaultVariableFrameStrippingSettings.uasset" 1257
"../../../Engine/Content/Animation/DefaultVariableFrameStrippingSettings.uexp" 1258
"S:/GitHub/massey-unreal-2/Orbital/Content/_nOrbital/fbx/dart/dart_Anim.uasset" 1259
"S:/GitHub/massey-unreal-2/Orbital/Content/_nOrbital/fbx/dart/dart_Anim.uexp" 1260
"S:/GitHub/massey-unreal-2/Orbital/Content/_nOrbital/ai/dart/BP_Dart.uasset" 1261
"S:/GitHub/massey-unreal-2/Orbital/Content/_nOrbital/ai/dart/BP_Dart.uexp" 1262
"S:/GitHub/massey-unreal-2/Orbital/Content/_nOrbital/lvl/prototype.uexp" 1263
"S:/GitHub/massey-unreal-2/Orbital/Content/_nOrbital/lvl/prototype.umap" 1264
"S:/GitHub/massey-unreal-2/Orbital/Content/_nOrbital/lvl/loader.uexp" 1265
"S:/GitHub/massey-unreal-2/Orbital/Content/_nOrbital/lvl/loader.umap" 1266
"../../../Engine/Plugins/Media/MediaPlate/Content/T_MediaPlate.uasset" 1267
"../../../Engine/Plugins/Media/MediaPlate/Content/T_MediaPlate.uexp" 1268
"../../../Engine/Plugins/Media/MediaPlate/Content/M_MediaPlate_Opaque.uasset" 1269
"../../../Engine/Plugins/Media/MediaPlate/Content/M_MediaPlate_Opaque.uexp" 1270
"S:/GitHub/massey-unreal-2/Orbital/Content/Movies/fmv.uasset" 1271
"S:/GitHub/massey-unreal-2/Orbital/Content/Movies/fmv.uexp" 1272
"S:/GitHub/massey-unreal-2/Orbital/Content/Movies/playlist.uasset" 1273
"S:/GitHub/massey-unreal-2/Orbital/Content/Movies/playlist.uexp" 1274
"S:/GitHub/massey-unreal-2/Orbital/Content/Movies/fmvcontainer.uasset" 1275
"S:/GitHub/massey-unreal-2/Orbital/Content/Movies/fmvcontainer.uexp" 1276
"S:/GitHub/massey-unreal-2/Orbital/Content/_nOrbital/mat/rt_StationCam.uasset" 1277
"S:/GitHub/massey-unreal-2/Orbital/Content/_nOrbital/mat/rt_StationCam.uexp" 1278
"S:/GitHub/massey-unreal-2/Orbital/Content/_nOrbital/mat/rt_StationCam_Mat.uasset" 1279
"S:/GitHub/massey-unreal-2/Orbital/Content/_nOrbital/mat/rt_StationCam_Mat.uexp" 1280
"S:/GitHub/massey-unreal-2/Orbital/Content/StarterContent/Textures/T_Fire_Tiled_D.ubulk" 1281
"S:/GitHub/massey-unreal-2/Orbital/Content/StarterContent/Textures/T_Fire_Tiled_D.uasset" 1282
"S:/GitHub/massey-unreal-2/Orbital/Content/StarterContent/Textures/T_Fire_Tiled_D.uexp" 1283
"S:/GitHub/massey-unreal-2/Orbital/Content/StarterContent/Textures/T_Fire_SubUV.ubulk" 1284
"S:/GitHub/massey-unreal-2/Orbital/Content/StarterContent/Textures/T_Fire_SubUV.uasset" 1285
"S:/GitHub/massey-unreal-2/Orbital/Content/StarterContent/Textures/T_Fire_SubUV.uexp" 1286
"S:/GitHub/massey-unreal-2/Orbital/Content/StarterContent/Particles/Materials/M_Fire_SubUV.uasset" 1287
"S:/GitHub/massey-unreal-2/Orbital/Content/StarterContent/Particles/Materials/M_Fire_SubUV.uexp" 1288
"S:/GitHub/massey-unreal-2/Orbital/Content/StarterContent/Textures/T_Water_N.ubulk" 1289
"S:/GitHub/massey-unreal-2/Orbital/Content/StarterContent/Textures/T_Water_N.uasset" 1290
"S:/GitHub/massey-unreal-2/Orbital/Content/StarterContent/Textures/T_Water_N.uexp" 1291
"S:/GitHub/massey-unreal-2/Orbital/Content/StarterContent/Particles/Materials/M_Heat_Distortion.uasset" 1292
"S:/GitHub/massey-unreal-2/Orbital/Content/StarterContent/Particles/Materials/M_Heat_Distortion.uexp" 1293
"S:/GitHub/massey-unreal-2/Orbital/Content/StarterContent/Particles/P_Fire.uasset" 1294
"S:/GitHub/massey-unreal-2/Orbital/Content/StarterContent/Particles/P_Fire.uexp" 1295
"../../../Engine/Content/MapTemplates/Sky/SunsetAmbientCubemap.uasset" 1296
"../../../Engine/Content/MapTemplates/Sky/SunsetAmbientCubemap.uexp" 1297
"../../../Engine/Content/Engine_MI_Shaders/Textures/Bokeh.uasset" 1298
"../../../Engine/Content/Engine_MI_Shaders/Textures/Bokeh.uexp" 1299
"S:/GitHub/massey-unreal-2/Orbital/Content/_nOrbital/mat/rtCanvas_StationCam2.uasset" 1300
"S:/GitHub/massey-unreal-2/Orbital/Content/_nOrbital/mat/rtCanvas_StationCam2.uexp" 1301
"S:/GitHub/massey-unreal-2/Orbital/Content/_nOrbital/fbx/station/solar_border.uasset" 1302
"S:/GitHub/massey-unreal-2/Orbital/Content/_nOrbital/fbx/station/solar_border.uexp" 1303
"S:/GitHub/massey-unreal-2/Orbital/Content/_nOrbital/fbx/station/solar.uasset" 1304
"S:/GitHub/massey-unreal-2/Orbital/Content/_nOrbital/fbx/station/solar.uexp" 1305
"S:/GitHub/massey-unreal-2/Orbital/Content/_nOrbital/fbx/station/ship.uasset" 1306
"S:/GitHub/massey-unreal-2/Orbital/Content/_nOrbital/fbx/station/ship.uexp" 1307
"S:/GitHub/massey-unreal-2/Orbital/Content/_nOrbital/fbx/station/spacestation.uasset" 1308
"S:/GitHub/massey-unreal-2/Orbital/Content/_nOrbital/fbx/station/spacestation.uexp" 1309
"S:/GitHub/massey-unreal-2/Orbital/Content/_nOrbital/bp/BP_StationOrbital_Menu.uasset" 1310
"S:/GitHub/massey-unreal-2/Orbital/Content/_nOrbital/bp/BP_StationOrbital_Menu.uexp" 1311
"S:/GitHub/massey-unreal-2/Orbital/Content/_nOrbital/ui/HUD_mainmenu.uasset" 1312
"S:/GitHub/massey-unreal-2/Orbital/Content/_nOrbital/ui/HUD_mainmenu.uexp" 1313
"S:/GitHub/massey-unreal-2/Orbital/Content/_nOrbital/mus/spaceflac.ubulk" 1314
"S:/GitHub/massey-unreal-2/Orbital/Content/_nOrbital/mus/spaceflac.uasset" 1315
"S:/GitHub/massey-unreal-2/Orbital/Content/_nOrbital/mus/spaceflac.uexp" 1316
"S:/GitHub/massey-unreal-2/Orbital/Content/_nOrbital/lvl/mainmenu_BuiltData.uasset" 1317
"S:/GitHub/massey-unreal-2/Orbital/Content/_nOrbital/lvl/mainmenu_BuiltData.uexp" 1318
"S:/GitHub/massey-unreal-2/Orbital/Content/_nOrbital/lvl/mainmenu.uexp" 1319
"S:/GitHub/massey-unreal-2/Orbital/Content/_nOrbital/lvl/mainmenu.umap" 1320
