"S:/GitHub/massey-unreal-2/Orbital/Orbital.uproject" 1
"../../../Engine/Plugins/AudioGameplayVolume/AudioGameplayVolume.uplugin" 2
"../../../Engine/Plugins/BlueprintFileUtils/BlueprintFileUtils.uplugin" 3
"../../../Engine/Plugins/ChaosClothAsset/ChaosClothAsset.uplugin" 4
"../../../Engine/Plugins/AudioInsights/AudioInsights.uplugin" 5
"../../../Engine/Plugins/ChaosInsights/ChaosInsights.uplugin" 6
"../../../Engine/Plugins/CmdLinkServer/CmdLinkServer.uplugin" 7
"../../../Engine/Plugins/DiscoveryBeaconReceiver/DiscoveryBeaconReceiver.uplugin" 8
"../../../Engine/Plugins/Bridge/Bridge.uplugin" 9
"../../../Engine/Plugins/ChaosVD/ChaosVD.uplugin" 10
"../../../Engine/Plugins/Fab/Fab.uplugin" 11
"../../../Engine/Plugins/EnhancedInput/EnhancedInput.uplugin" 12
"../../../Engine/Plugins/ChaosCloth/ChaosCloth.uplugin" 13
"../../../Engine/Plugins/Chooser/Chooser.uplugin" 14
"../../../Engine/Plugins/AudioGameplay/AudioGameplay.uplugin" 15
"../../../Engine/Plugins/FastBuildController/FastBuildController.uplugin" 16
"../../../Engine/Plugins/ChaosClothAssetEditor/ChaosClothAssetEditor.uplugin" 17
"../../../Engine/Plugins/JsonBlueprintUtilities/JsonBlueprintUtilities.uplugin" 18
"../../../Engine/Plugins/LightWeightInstancesEditor/LightWeightInstancesEditor.uplugin" 19
"../../../Engine/Plugins/MemoryUsageQueries/MemoryUsageQueries.uplugin" 20
"../../../Engine/Plugins/Mutable/Mutable.uplugin" 21
"../../../Engine/Plugins/IoStoreInsights/IoStoreInsights.uplugin" 22
"../../../Engine/Plugins/MassInsights/MassInsights.uplugin" 23
"../../../Engine/Plugins/TextureGraph/TextureGraph.uplugin" 24
"../../../Engine/Plugins/PCG/PCG.uplugin" 25
"../../../Engine/Plugins/ScriptPlugin/ScriptPlugin.uplugin" 26
"../../../Engine/Plugins/RenderGraphInsights/RenderGraphInsights.uplugin" 27
"../../../Engine/Plugins/TraceUtilities/TraceUtilities.uplugin" 28
"../../../Engine/Plugins/UbaController/UbaController.uplugin" 29
"../../../Engine/Plugins/XGEController/XGEController.uplugin" 30
"../../../Engine/Plugins/WorldMetrics/WorldMetrics.uplugin" 31
"../../../Engine/Plugins/Compositing/Composure/Composure.uplugin" 32
"../../../Engine/Plugins/Developer/AnimationSharing/AnimationSharing.uplugin" 33
"../../../Engine/Plugins/Developer/BlankPlugin/BlankPlugin.uplugin" 34
"../../../Engine/Plugins/Compositing/OpenColorIO/OpenColorIO.uplugin" 35
"../../../Engine/Plugins/Compositing/LensDistortion/LensDistortion.uplugin" 36
"../../../Engine/Plugins/Compositing/OpenCVLensDistortion/OpenCVLensDistortion.uplugin" 37
"../../../Engine/Plugins/Developer/CodeLiteSourceCodeAccess/CodeLiteSourceCodeAccess.uplugin" 38
"../../../Engine/Plugins/Developer/DumpGPUServices/DumpGPUServices.uplugin" 39
"../../../Engine/Plugins/Developer/DirectoryPlaceholder/DirectoryPlaceholder.uplugin" 40
"../../../Engine/Plugins/Developer/FieldNotificationTrace/FieldNotificationTrace.uplugin" 41
"../../../Engine/Plugins/Developer/GitSourceControl/GitSourceControl.uplugin" 42
"../../../Engine/Plugins/Developer/NamingTokens/NamingTokens.uplugin" 43
"../../../Engine/Plugins/Developer/CLionSourceCodeAccess/CLionSourceCodeAccess.uplugin" 44
"../../../Engine/Plugins/Developer/N10XSourceCodeAccess/N10XSourceCodeAccess.uplugin" 45
"../../../Engine/Plugins/Developer/PixWinPlugin/PixWinPlugin.uplugin" 46
"../../../Engine/Plugins/Developer/PerforceSourceControl/PerforceSourceControl.uplugin" 47
"../../../Engine/Plugins/Developer/OneSkyLocalizationService/OneSkyLocalizationService.uplugin" 48
"../../../Engine/Plugins/Developer/NullSourceCodeAccess/NullSourceCodeAccess.uplugin" 49
"../../../Engine/Plugins/Developer/PluginUtils/PluginUtils.uplugin" 50
"../../../Engine/Plugins/Developer/PlasticSourceControl/PlasticSourceControl.uplugin" 51
"../../../Engine/Plugins/Developer/KDevelopSourceCodeAccess/KDevelopSourceCodeAccess.uplugin" 52
"../../../Engine/Plugins/Developer/ProjectLauncher/ProjectLauncher.uplugin" 53
"../../../Engine/Plugins/Developer/PropertyAccessNode/PropertyAccessNode.uplugin" 54
"../../../Engine/Plugins/Developer/RiderSourceCodeAccess/RiderSourceCodeAccess.uplugin" 55
"../../../Engine/Plugins/Developer/SubversionSourceControl/SubversionSourceControl.uplugin" 56
"../../../Engine/Plugins/Developer/RenderDocPlugin/RenderDocPlugin.uplugin" 57
"../../../Engine/Plugins/Developer/TraceDataFiltering/TraceDataFilters.uplugin" 58
"../../../Engine/Plugins/Developer/UObjectPlugin/UObjectPlugin.uplugin" 59
"../../../Engine/Plugins/Developer/TraceSourceFiltering/TraceSourceFilters.uplugin" 60
"../../../Engine/Plugins/Importers/AlembicHairImporter/AlembicHairImporter.uplugin" 61
"../../../Engine/Plugins/Developer/XcodeGPUDebuggerPlugin/XcodeGPUDebuggerPlugin.uplugin" 62
"../../../Engine/Plugins/Developer/VisualStudioSourceCodeAccess/VisualStudioSourceCodeAccess.uplugin" 63
"../../../Engine/Plugins/Developer/TextureFormatOodle/TextureFormatOodle.uplugin" 64
"../../../Engine/Plugins/MeshPainting/MeshPainting.uplugin" 65
"../../../Engine/Plugins/Developer/XCodeSourceCodeAccess/XCodeSourceCodeAccess.uplugin" 66
"../../../Engine/Plugins/Importers/AlembicImporter/AlembicImporter.uplugin" 67
"../../../Engine/Plugins/Importers/USDImporter/USDImporter.uplugin" 68
"../../../Engine/Plugins/Importers/USDImporterMDL/USDImporterMDL.uplugin" 69
"../../../Engine/Plugins/Importers/USDMultiUser/USDMultiUser.uplugin" 70
"../../../Engine/Plugins/Media/AjaMedia/AjaMedia.uplugin" 71
"../../../Engine/Plugins/Media/AndroidMedia/AndroidMedia.uplugin" 72
"../../../Engine/Plugins/Media/AndroidCamera/AndroidCamera.uplugin" 73
"../../../Engine/Plugins/Media/AppleProResDecoderElectra/AppleProResDecoderElectra.uplugin" 74
"../../../Engine/Plugins/Media/AppleProResMedia/AppleProResMedia.uplugin" 75
"../../../Engine/Plugins/Media/AvfMedia/AvfMedia.uplugin" 76
"../../../Engine/Plugins/Developer/VisualStudioCodeSourceCodeAccess/VisualStudioCodeSourceCodeAccess.uplugin" 77
"../../../Engine/Plugins/Media/AvidDNxHDDecoderElectra/AvidDNxHDDecoderElectra.uplugin" 78
"../../../Engine/Plugins/Media/AvidDNxMedia/AvidDNxMedia.uplugin" 79
"../../../Engine/Plugins/Media/BinkMedia/BinkMedia.uplugin" 80
"../../../Engine/Plugins/Media/BlackmagicMedia/BlackmagicMedia.uplugin" 81
"../../../Engine/Plugins/Media/D3D12VideoDecodersElectra/D3D12VideoDecodersElectra.uplugin" 82
"../../../Engine/Plugins/Media/ElectraPlayer/ElectraPlayer.uplugin" 83
"../../../Engine/Plugins/Media/ElectraCodecs/ElectraCodecs.uplugin" 84
"../../../Engine/Plugins/Media/ElectraCDM/ElectraCDM.uplugin" 85
"../../../Engine/Plugins/Media/ElectraSubtitles/ElectraSubtitles.uplugin" 86
"../../../Engine/Plugins/Media/ElectraUtil/ElectraUtil.uplugin" 87
"../../../Engine/Plugins/Media/FlacDecoderElectra/FlacDecoderElectra.uplugin" 88
"../../../Engine/Plugins/Media/HAPDecoderElectra/HAPDecoderElectra.uplugin" 89
"../../../Engine/Plugins/Media/AudioCaptureTimecodeProvider/AudioCaptureTimecodeProvider.uplugin" 90
"../../../Engine/Plugins/Media/HAPMedia/HAPMedia.uplugin" 91
"../../../Engine/Plugins/Media/ImgMedia/ImgMedia.uplugin" 92
"../../../Engine/Plugins/Media/HardwareEncoders/HardwareEncoders.uplugin" 93
"../../../Engine/Plugins/Media/LinearTimecode/LinearTimecode.uplugin" 94
"../../../Engine/Plugins/Media/MediaFrameworkUtilities/MediaFrameworkUtilities.uplugin" 95
"../../../Engine/Plugins/Media/MediaCompositing/MediaCompositing.uplugin" 96
"../../../Engine/Plugins/Media/MediaIOFramework/MediaIOFramework.uplugin" 97
"../../../Engine/Plugins/Media/MediaPlate/MediaPlate.uplugin" 98
"../../../Engine/Plugins/Media/MediaMovieStreamer/MediaMovieStreamer.uplugin" 99
"../../../Engine/Plugins/Media/NDIMedia/NDIMedia.uplugin" 100
"../../../Engine/Plugins/Media/OpusDecoderElectra/OpusDecoderElectra.uplugin" 101
"../../../Engine/Plugins/Media/PixelCapture/PixelCapture.uplugin" 102
"../../../Engine/Plugins/Media/MfMedia/MfMedia.uplugin" 103
"../../../Engine/Plugins/Media/MediaPlayerEditor/MediaPlayerEditor.uplugin" 104
"../../../Engine/Plugins/MetaHuman/MetaHumanAnimator/MetaHuman.uplugin" 105
"../../../Engine/Plugins/Media/PixelStreaming2/PixelStreaming2.uplugin" 106
"../../../Engine/Plugins/Media/PixelStreaming/PixelStreaming.uplugin" 107
"../../../Engine/Plugins/Media/TimecodeSynchronizer/TimecodeSynchronizer.uplugin" 108
"../../../Engine/Plugins/Media/VPxDecoderElectra/VPxDecoderElectra.uplugin" 109
"../../../Engine/Plugins/Media/WmfMedia/WmfMedia.uplugin" 110
"../../../Engine/Plugins/Media/WebMMedia/WebMMedia.uplugin" 111
"../../../Engine/Plugins/MetaHuman/MetaHumanCharacter/MetaHumanCharacter.uplugin" 112
"../../../Engine/Plugins/MetaHuman/MetaHumanLiveLink/MetaHumanLiveLink.uplugin" 113
"../../../Engine/Plugins/NNE/NNEDenoiser/NNEDenoiser.uplugin" 114
"../../../Engine/Plugins/MetaHuman/MetaHumanCoreTechLib/MetaHumanCoreTech.uplugin" 115
"../../../Engine/Plugins/Slate/SlateInsights/SlateInsights.uplugin" 116
"../../../Engine/Plugins/MetaHuman/MetaHumanSDK/MetaHumanSDK.uplugin" 117
"../../../Engine/Plugins/NNE/NNERuntimeORT/NNERuntimeORT.uplugin" 118
"../../../Engine/Plugins/Slate/SlateScripting/SlateScripting.uplugin" 119
"../../../Engine/Plugins/Experimental/AbilitySystemGameFeatureActions/AbilitySystemGameFeatureActions.uplugin" 120
"../../../Engine/Plugins/Portal/LauncherChunkInstaller/LauncherChunkInstaller.uplugin" 121
"../../../Engine/Plugins/Experimental/ActorPalette/ActorPalette.uplugin" 122
"../../../Engine/Plugins/Experimental/AnimNextPoseSearch/AnimNextPoseSearch.uplugin" 123
"../../../Engine/Plugins/Experimental/AnimNextAnimGraph/AnimNextAnimGraph.uplugin" 124
"../../../Engine/Plugins/Experimental/AnimNextChooser/AnimNextChooser.uplugin" 125
"../../../Engine/Plugins/Experimental/AdvancedRenamer/AdvancedRenamer.uplugin" 126
"../../../Engine/Plugins/Experimental/AnimNextStateTree/AnimNextStateTree.uplugin" 127
"../../../Engine/Plugins/Experimental/AnimNextWarping/AnimNextWarping.uplugin" 128
"../../../Engine/Plugins/Experimental/AnimNextControlRig/AnimNextControlRig.uplugin" 129
"../../../Engine/Plugins/MetaHuman/MetaHumanCalibrationProcessing/MetaHumanCalibrationProcessing.uplugin" 130
"../../../Engine/Plugins/Experimental/AnimToTexture/AnimToTexture.uplugin" 131
"../../../Engine/Plugins/Experimental/AsyncMessageSystem/AsyncMessageSystem.uplugin" 132
"../../../Engine/Plugins/Experimental/AutomationUtils/AutomationUtils.uplugin" 133
"../../../Engine/Plugins/Experimental/AvalancheDataLink/AvalancheDataLink.uplugin" 134
"../../../Engine/Plugins/Experimental/AsyncMessageSystemTests/AsyncMessageSystemTests.uplugin" 135
"../../../Engine/Plugins/Experimental/AvalancheDisplayCluster/AvalancheDisplayCluster.uplugin" 136
"../../../Engine/Plugins/Experimental/AvalancheSequenceNavigator/AvalancheSequenceNavigator.uplugin" 137
"../../../Engine/Plugins/Experimental/BlueprintSnapNodes/BlueprintSnapNodes.uplugin" 138
"../../../Engine/Plugins/Experimental/Buoyancy/Buoyancy.uplugin" 139
"../../../Engine/Plugins/Experimental/BlueprintStats/BlueprintStats.uplugin" 140
"../../../Engine/Plugins/Experimental/AnimNext/AnimNext.uplugin" 141
"../../../Engine/Plugins/Experimental/AvalancheSceneState/AvalancheSceneState.uplugin" 142
"../../../Engine/Plugins/Experimental/ChaosCaching/ChaosCaching.uplugin" 143
"../../../Engine/Plugins/Experimental/CelestialVault/CelestialVault.uplugin" 144
"../../../Engine/Plugins/Experimental/ChaosCachingUSD/ChaosCachingUSD.uplugin" 145
"../../../Engine/Plugins/Experimental/ChaosFlesh/ChaosFlesh.uplugin" 146
"../../../Engine/Plugins/Experimental/ChaosEditor/ChaosEditor.uplugin" 147
"../../../Engine/Plugins/Experimental/BackChannel/BackChannel.uplugin" 148
"../../../Engine/Plugins/Experimental/ChaosModularVehicle/ChaosModularVehicle.uplugin" 149
"../../../Engine/Plugins/Experimental/ChaosModularVehicleExamples/ChaosModularVehicleExamples.uplugin" 150
"../../../Engine/Plugins/Experimental/ChaosNiagara/ChaosNiagara.uplugin" 151
"../../../Engine/Plugins/Experimental/ChaosOutfitAsset/ChaosOutfitAsset.uplugin" 152
"../../../Engine/Plugins/Experimental/ChaosMover/ChaosMover.uplugin" 153
"../../../Engine/Plugins/Experimental/ChaosSolverPlugin/ChaosSolverPlugin.uplugin" 154
"../../../Engine/Plugins/Experimental/ChaosVehiclesPlugin/ChaosVehiclesPlugin.uplugin" 155
"../../../Engine/Plugins/Experimental/CharacterAI/CharacterAI.uplugin" 156
"../../../Engine/Plugins/Experimental/CineCameraRigs/CineCameraRigs.uplugin" 157
"../../../Engine/Plugins/Experimental/ChaosClothEditor/ChaosClothEditor.uplugin" 158
"../../../Engine/Plugins/Experimental/CinematicPrestreaming/CinematicPrestreaming.uplugin" 159
"../../../Engine/Plugins/Experimental/CineCameraSceneCapture/CineCameraSceneCapture.uplugin" 160
"../../../Engine/Plugins/Experimental/CodeEditor/CodeEditor.uplugin" 161
"../../../Engine/Plugins/Experimental/CodeView/CodeView.uplugin" 162
"../../../Engine/Plugins/Experimental/CommonConversation/CommonConversation.uplugin" 163
"../../../Engine/Plugins/Experimental/Dataflow/Dataflow.uplugin" 164
"../../../Engine/Plugins/Experimental/DataLink/DataLink.uplugin" 165
"../../../Engine/Plugins/Experimental/ControlFlows/ControlFlows.uplugin" 166
"../../../Engine/Plugins/Experimental/DataLinkOAuth/DataLinkOAuth.uplugin" 167
"../../../Engine/Plugins/Experimental/DaySequence/DaySequence.uplugin" 168
"../../../Engine/Plugins/Experimental/DynamicMaterialMediaStreamBridge/DynamicMaterialMediaStreamBridge.uplugin" 169
"../../../Engine/Plugins/Experimental/EditorDataStorageFeatures/EditorDataStorageFeatures.uplugin" 170
"../../../Engine/Plugins/Experimental/ColorCorrectRegions/ColorCorrectRegions.uplugin" 171
"../../../Engine/Plugins/Experimental/ChaosUserDataPT/ChaosUserDataPT.uplugin" 172
"../../../Engine/Plugins/Experimental/EditorPerformance/EditorPerformance.uplugin" 173
"../../../Engine/Plugins/Experimental/DefaultInstallBundleManager/DefaultInstallBundleManager.uplugin" 174
"../../../Engine/Plugins/Experimental/EditorDataStorage/EditorDataStorage.uplugin" 175
"../../../Engine/Plugins/Experimental/EditorTelemetry/EditorTelemetry.uplugin" 176
"../../../Engine/Plugins/Experimental/EvaluationNotifies/EvaluationNotifies.uplugin" 177
"../../../Engine/Plugins/Experimental/FastGeoStreaming/FastGeoStreaming.uplugin" 178
"../../../Engine/Plugins/Experimental/FloatingProperties/FloatingProperties.uplugin" 179
"../../../Engine/Plugins/Experimental/Fracture/Fracture.uplugin" 180
"../../../Engine/Plugins/Experimental/FieldSystemPlugin/FieldSystemPlugin.uplugin" 181
"../../../Engine/Plugins/Experimental/FullBodyIK/FullBodyIK.uplugin" 182
"../../../Engine/Plugins/Experimental/GameplayBehaviors/GameplayBehaviors.uplugin" 183
"../../../Engine/Plugins/Experimental/GameInputWindows/GameInputWindows.uplugin" 184
"../../../Engine/Plugins/Experimental/GameplayGraph/GameplayGraph.uplugin" 185
"../../../Engine/Plugins/Experimental/GameplayTargetingSystem/TargetingSystem.uplugin" 186
"../../../Engine/Plugins/Experimental/Gauntlet/Gauntlet.uplugin" 187
"../../../Engine/Plugins/Experimental/GeometryCacheLevelSequenceBaker/GeometryCacheLevelSequenceBaker.uplugin" 188
"../../../Engine/Plugins/Experimental/GeometryDataflow/GeometryDataflow.uplugin" 189
"../../../Engine/Plugins/Experimental/GeometryFlow/GeometryFlow.uplugin" 190
"../../../Engine/Plugins/Experimental/GeometryCollectionPlugin/GeometryCollectionPlugin.uplugin" 191
"../../../Engine/Plugins/Experimental/GizmoEdMode/GizmoEdMode.uplugin" 192
"../../../Engine/Plugins/Experimental/GizmoFramework/GizmoFramework.uplugin" 193
"../../../Engine/Plugins/Experimental/GeometryCacheAbcFile/GeometryCacheAbcFile.uplugin" 194
"../../../Engine/Plugins/Experimental/GPULightmass/GPULightmass.uplugin" 195
"../../../Engine/Plugins/Experimental/HairModelingToolset/HairModelingToolset.uplugin" 196
"../../../Engine/Plugins/Experimental/ImagePlate/ImagePlate.uplugin" 197
"../../../Engine/Plugins/Experimental/ImageWidgets/ImageWidgets.uplugin" 198
"../../../Engine/Plugins/Experimental/HairStrandsMutable/HairStrandsMutable.uplugin" 199
"../../../Engine/Plugins/Experimental/InlineMaterialInstance/InlineMaterialInstance.uplugin" 200
"../../../Engine/Plugins/Experimental/Iris/Iris.uplugin" 201
"../../../Engine/Plugins/Experimental/InstanceDataObjectFixupTool/InstanceDataObjectFixupTool.uplugin" 202
"../../../Engine/Plugins/Experimental/InteractionInterface/InteractionInterface.uplugin" 203
"../../../Engine/Plugins/Experimental/ImpostorBaker/ImpostorBaker.uplugin" 204
"../../../Engine/Plugins/Experimental/LandscapePatch/LandscapePatch.uplugin" 205
"../../../Engine/Plugins/Experimental/JWT/JWT.uplugin" 206
"../../../Engine/Plugins/Experimental/HairCardGenerator/HairCardGenerator.uplugin" 207
"../../../Engine/Plugins/Experimental/LearningAgents/LearningAgents.uplugin" 208
"../../../Engine/Plugins/Experimental/LevelSequenceNavigatorBridge/LevelSequenceNavigatorBridge.uplugin" 209
"../../../Engine/Plugins/Experimental/Landmass/Landmass.uplugin" 210
"../../../Engine/Plugins/Experimental/LiveLinkFaceImporter/LiveLinkFaceImporter.uplugin" 211
"../../../Engine/Plugins/Experimental/LiveLinkControlRig/LiveLinkControlRig.uplugin" 212
"../../../Engine/Plugins/Experimental/LiveLinkOpenVR/LiveLinkOpenVR.uplugin" 213
"../../../Engine/Plugins/Experimental/LowLevelNetTrace/LowLevelNetTrace.uplugin" 214
"../../../Engine/Plugins/Experimental/MediaViewer/MediaViewer.uplugin" 215
"../../../Engine/Plugins/Experimental/MeshModelingToolsetExp/MeshModelingToolsetExp.uplugin" 216
"../../../Engine/Plugins/Experimental/LocalizableMessage/LocalizableMessage.uplugin" 217
"../../../Engine/Plugins/Experimental/MeshResizing/MeshResizing.uplugin" 218
"../../../Engine/Plugins/Experimental/MLflow/MLflow.uplugin" 219
"../../../Engine/Plugins/Experimental/MotorSimOutputMotoSynth/MotorSimOutputMotoSynth.uplugin" 220
"../../../Engine/Plugins/Experimental/MotoSynth/MotoSynth.uplugin" 221
"../../../Engine/Plugins/Experimental/MetasoundExperimental/MetasoundExperimental.uplugin" 222
"../../../Engine/Plugins/Experimental/MoverAnimNext/MoverAnimNext.uplugin" 223
"../../../Engine/Plugins/Experimental/MoverExamples/MoverExamples.uplugin" 224
"../../../Engine/Plugins/Experimental/MoverTests/MoverTests.uplugin" 225
"../../../Engine/Plugins/Experimental/Mover/Mover.uplugin" 226
"../../../Engine/Plugins/Experimental/MoverIntegrations/MoverIntegrations.uplugin" 227
"../../../Engine/Plugins/Experimental/MovieSceneAnimMixer/MovieSceneAnimMixer.uplugin" 228
"../../../Engine/Plugins/Experimental/MovieScenePoseSearchTracks/MovieScenePoseSearchTracks.uplugin" 229
"../../../Engine/Plugins/Experimental/MutableClothing/MutableClothing.uplugin" 230
"../../../Engine/Plugins/Experimental/MutablePopulation/MutablePopulation.uplugin" 231
"../../../Engine/Plugins/Experimental/NaniteDisplacedMesh/NaniteDisplacedMesh.uplugin" 232
"../../../Engine/Plugins/Experimental/NeuralRendering/NeuralRendering.uplugin" 233
"../../../Engine/Plugins/Experimental/NFORDenoise/NFORDenoise.uplugin" 234
"../../../Engine/Plugins/Experimental/NNERuntimeBasicCpu/NNERuntimeBasicCpu.uplugin" 235
"../../../Engine/Plugins/Experimental/NNERuntimeCoreML/NNERuntimeCoreML.uplugin" 236
"../../../Engine/Plugins/Experimental/NNERuntimeRDG/NNERuntimeRDG.uplugin" 237
"../../../Engine/Plugins/Experimental/NNERuntimeIREE/NNERuntimeIREE.uplugin" 238
"../../../Engine/Plugins/Experimental/OptiXDenoise/OptiXDenoise.uplugin" 239
"../../../Engine/Plugins/Experimental/OpenImageDenoise/OpenImageDenoise.uplugin" 240
"../../../Engine/Plugins/Experimental/PanoramicCapture/PanoramicCapture.uplugin" 241
"../../../Engine/Plugins/Experimental/PCGBiomeSample/PCGBiomeSample.uplugin" 242
"../../../Engine/Plugins/Experimental/PostProcessMaterialChainGraph/PostProcessMaterialChainGraph.uplugin" 243
"../../../Engine/Plugins/Experimental/PSDImporterMaterialDesignerBridge/PSDImporterMaterialDesignerBridge.uplugin" 244
"../../../Engine/Plugins/Experimental/PixelStreamingPlayer/PixelStreamingPlayer.uplugin" 245
"../../../Engine/Plugins/Experimental/PhysicsControl/PhysicsControl.uplugin" 246
"../../../Engine/Plugins/Experimental/PlainProps/PlainProps.uplugin" 247
"../../../Engine/Plugins/Experimental/PlainPropsUObject/PlainPropsUObject.uplugin" 248
"../../../Engine/Plugins/Experimental/PlanarCutPlugin/PlanarCut.uplugin" 249
"../../../Engine/Plugins/Experimental/PSDImporter/PSDImporter.uplugin" 250
"../../../Engine/Plugins/Experimental/PCGBiomeCore/PCGBiomeCore.uplugin" 251
"../../../Engine/Plugins/Experimental/PluginAudit/PluginAudit.uplugin" 252
"../../../Engine/Plugins/Experimental/PlatformCrypto/PlatformCrypto.uplugin" 253
"../../../Engine/Plugins/Experimental/PluginReferenceViewer/PluginReferenceViewer.uplugin" 254
"../../../Engine/Plugins/Experimental/PluginTemplateTool/PluginTemplateTool.uplugin" 255
"../../../Engine/Plugins/Experimental/PythonScriptPlugin/PythonScriptPlugin.uplugin" 256
"../../../Engine/Plugins/Experimental/QuicMessaging/QuicMessaging.uplugin" 257
"../../../Engine/Plugins/Experimental/RawInput/RawInput.uplugin" 258
"../../../Engine/Plugins/Experimental/RemoteControlComponents/RemoteControlComponents.uplugin" 259
"../../../Engine/Plugins/Experimental/RazerChromaDevices/RazerChromaDevices.uplugin" 260
"../../../Engine/Plugins/Experimental/RenderGrid/RenderGrid.uplugin" 261
"../../../Engine/Plugins/Experimental/RemoteSession/RemoteSession.uplugin" 262
"../../../Engine/Plugins/Experimental/RigLogicAnimNext/RigLogicAnimNext.uplugin" 263
"../../../Engine/Plugins/Experimental/RigLogicMutable/RigLogicMutable.uplugin" 264
"../../../Engine/Plugins/Experimental/RuntimeTelemetry/RuntimeTelemetry.uplugin" 265
"../../../Engine/Plugins/Experimental/ScreenReader/ScreenReader.uplugin" 266
"../../../Engine/Plugins/Experimental/SceneState/SceneState.uplugin" 267
"../../../Engine/Plugins/Experimental/SecuritySandbox/SecuritySandbox.uplugin" 268
"../../../Engine/Plugins/Experimental/PythonFoundationPackages/PythonFoundationPackages.uplugin" 269
"../../../Engine/Plugins/Experimental/SequenceNavigator/SequenceNavigator.uplugin" 270
"../../../Engine/Plugins/Experimental/SerializationUtils/SerializationUtils.uplugin" 271
"../../../Engine/Plugins/Experimental/SkeletalReduction/SkeletalReduction.uplugin" 272
"../../../Engine/Plugins/Experimental/SlateModelViewViewModel/SlateModelViewViewModel.uplugin" 273
"../../../Engine/Plugins/Experimental/SlateIM/SlateIM.uplugin" 274
"../../../Engine/Plugins/Experimental/SlateScreenReader/SlateScreenReader.uplugin" 275
"../../../Engine/Plugins/Experimental/MediaStream/MediaStream.uplugin" 276
"../../../Engine/Plugins/Experimental/SubmitToolEditor/SubmitToolEditor.uplugin" 277
"../../../Engine/Plugins/Experimental/StructUtils/StructUtils.uplugin" 278
"../../../Engine/Plugins/Experimental/Shotgrid/Shotgrid.uplugin" 279
"../../../Engine/Plugins/Experimental/SubtitlesAndClosedCaptions/SubtitlesAndClosedCaptions.uplugin" 280
"../../../Engine/Plugins/Experimental/SurfaceEffects/SurfaceEffects.uplugin" 281
"../../../Engine/Plugins/Experimental/TargetDeviceServicesScripting/TargetDeviceServicesScripting.uplugin" 282
"../../../Engine/Plugins/Experimental/SVGImporter/SVGImporter.uplugin" 283
"../../../Engine/Plugins/Experimental/StateGraph/StateGraph.uplugin" 284
"../../../Engine/Plugins/Experimental/Tensorboard/Tensorboard.uplugin" 285
"../../../Engine/Plugins/Experimental/SpatialReadiness/SpatialReadiness.uplugin" 286
"../../../Engine/Plugins/Experimental/Text3D/Text3D.uplugin" 287
"../../../Engine/Plugins/Experimental/SimpleHMD/SimpleHMD.uplugin" 288
"../../../Engine/Plugins/Experimental/TetMeshing/TetMeshing.uplugin" 289
"../../../Engine/Plugins/Experimental/TextureMediaPlayer/TextureMediaPlayer.uplugin" 290
"../../../Engine/Plugins/Experimental/TechAudioTools/TechAudioTools.uplugin" 291
"../../../Engine/Plugins/Experimental/ToolPresets/ToolPresets.uplugin" 292
"../../../Engine/Plugins/Experimental/TextToSpeech/TextToSpeech.uplugin" 293
"../../../Engine/Plugins/Experimental/UserToolBoxBasicCommand/UserToolBoxBasicCommand.uplugin" 294
"../../../Engine/Plugins/Experimental/UIFramework/UIFramework.uplugin" 295
"../../../Engine/Plugins/Experimental/VirtualHeightfieldMesh/VirtualHeightfieldMesh.uplugin" 296
"../../../Engine/Plugins/Experimental/UserToolBoxCore/UserToolBoxCore.uplugin" 297
"../../../Engine/Plugins/Experimental/VirtualProductionUtilities/VirtualProductionUtilities.uplugin" 298
"../../../Engine/Plugins/Experimental/Volumetrics/Volumetrics.uplugin" 299
"../../../Engine/Plugins/Experimental/Water/Water.uplugin" 300
"../../../Engine/Plugins/Experimental/WaterAdvanced/WaterAdvanced.uplugin" 301
"../../../Engine/Plugins/MovieScene/CustomizableSequencerTracks/CustomizableSequencerTracks.uplugin" 302
"../../../Engine/Plugins/Experimental/WaveFunctionCollapse/WaveFunctionCollapse.uplugin" 303
"../../../Engine/Plugins/MovieScene/LevelSequenceEditor/LevelSequenceEditor.uplugin" 304
"../../../Engine/Plugins/Experimental/WebSocketMessaging/WebSocketMessaging.uplugin" 305
"../../../Engine/Plugins/Experimental/WaterExtras/WaterExtras.uplugin" 306
"../../../Engine/Plugins/Experimental/WebSocketNetworking/WebSocketNetworking.uplugin" 307
"../../../Engine/Plugins/Experimental/Workspace/Workspace.uplugin" 308
"../../../Engine/Plugins/Experimental/XRCreativeFramework/XRCreativeFramework.uplugin" 309
"../../../Engine/Plugins/Protocols/MQTT/MQTT.uplugin" 310
"../../../Engine/Plugins/MovieScene/MoviePipelineMaskRenderPass/MoviePipelineMaskRenderPass.uplugin" 311
"../../../Engine/Plugins/MovieScene/MovieSceneTextTrack/MovieSceneTextTrack.uplugin" 312
"../../../Engine/Plugins/MovieScene/ReplayTracks/ReplayTracks.uplugin" 313
"../../../Engine/Plugins/Experimental/WidgetEditorToolPalette/WidgetEditorToolPalette.uplugin" 314
"../../../Engine/Plugins/MovieScene/TemplateSequence/TemplateSequence.uplugin" 315
"../../../Engine/Plugins/MovieScene/MovieRenderPipeline/MovieRenderPipeline.uplugin" 316
"../../../Engine/Plugins/MovieScene/ActorSequence/ActorSequence.uplugin" 317
"../../../Engine/Plugins/Performance/AutomatedPerfTesting/AutomatedPerfTesting.uplugin" 318
"../../../Engine/Plugins/MovieScene/SequencerScripting/SequencerScripting.uplugin" 319
"../../../Engine/Plugins/Tests/CQTestEnhancedInput/CQTestEnhancedInput.uplugin" 320
"../../../Engine/Plugins/Tests/CQTest/CQTest.uplugin" 321
"../../../Engine/Plugins/Performance/PerformanceMonitor/PerformanceMonitor.uplugin" 322
"../../../Engine/Plugins/Tests/FunctionalTestingEditor/FunctionalTestingEditor.uplugin" 323
"../../../Engine/Plugins/Tests/FbxAutomationTestBuilder/FbxAutomationTestBuilder.uplugin" 324
"../../../Engine/Plugins/Runtime/ActorLayerUtilities/ActorLayerUtilities.uplugin" 325
"../../../Engine/Plugins/Tests/EditorTests/EditorTests.uplugin" 326
"../../../Engine/Plugins/Runtime/ADM/ADM.uplugin" 327
"../../../Engine/Plugins/Tests/InterchangeTests/InterchangeTests.uplugin" 328
"../../../Engine/Plugins/Tests/RHITests/RHITests.uplugin" 329
"../../../Engine/Plugins/Tests/AutomationDriverTests/AutomationDriverTests.uplugin" 330
"../../../Engine/Plugins/Tests/RuntimeTests/RuntimeTests.uplugin" 331
"../../../Engine/Plugins/Tests/TestSamples/TestSamples.uplugin" 332
"../../../Engine/Plugins/Tests/TestFramework/TestFramework.uplugin" 333
"../../../Engine/Plugins/Tests/WidgetAutomationTests/WidgetAutomationTests.uplugin" 334
"../../../Engine/Plugins/Runtime/AndroidBackgroundService/AndroidBackgroundService.uplugin" 335
"../../../Engine/Plugins/Runtime/AndroidFileServer/AndroidFileServer.uplugin" 336
"../../../Engine/Plugins/Runtime/AndroidDeviceProfileSelector/AndroidDeviceProfileSelector.uplugin" 337
"../../../Engine/Plugins/Tests/PythonAutomationTest/PythonAutomationTest.uplugin" 338
"../../../Engine/Plugins/Runtime/AndroidMoviePlayer/AndroidMoviePlayer.uplugin" 339
"../../../Engine/Plugins/Runtime/AndroidPermission/AndroidPermission.uplugin" 340
"../../../Engine/Plugins/Runtime/ApexDestruction/ApexDestruction.uplugin" 341
"../../../Engine/Plugins/Runtime/AnimationBudgetAllocator/AnimationBudgetAllocator.uplugin" 342
"../../../Engine/Plugins/Runtime/AppleMoviePlayer/AppleMoviePlayer.uplugin" 343
"../../../Engine/Plugins/Runtime/AssetTags/AssetTags.uplugin" 344
"../../../Engine/Plugins/Runtime/AppleImageUtils/AppleImageUtils.uplugin" 345
"../../../Engine/Plugins/Runtime/AudioCapture/AudioCapture.uplugin" 346
"../../../Engine/Plugins/Runtime/ArchVisCharacter/ArchVisCharacter.uplugin" 347
"../../../Engine/Plugins/Runtime/AudioMotorSim/AudioMotorSim.uplugin" 348
"../../../Engine/Plugins/Runtime/AudioModulation/AudioModulation.uplugin" 349
"../../../Engine/Plugins/Runtime/CableComponent/CableComponent.uplugin" 350
"../../../Engine/Plugins/Runtime/AudioWidgets/AudioWidgets.uplugin" 351
"../../../Engine/Plugins/Runtime/ChunkDownloader/ChunkDownloader.uplugin" 352
"../../../Engine/Plugins/Runtime/CommonUI/CommonUI.uplugin" 353
"../../../Engine/Plugins/Runtime/ComputeFramework/ComputeFramework.uplugin" 354
"../../../Engine/Plugins/Runtime/DataRegistry/DataRegistry.uplugin" 355
"../../../Engine/Plugins/Runtime/GameInput/GameInput.uplugin" 356
"../../../Engine/Plugins/Runtime/GameFeatures/GameFeatures.uplugin" 357
"../../../Engine/Plugins/Runtime/Firebase/Firebase.uplugin" 358
"../../../Engine/Plugins/Runtime/GameplayBehaviorSmartObjects/GameplayBehaviorSmartObjects.uplugin" 359
"../../../Engine/Plugins/Runtime/ExampleDeviceProfileSelector/ExampleDeviceProfileSelector.uplugin" 360
"../../../Engine/Plugins/Runtime/CustomMeshComponent/CustomMeshComponent.uplugin" 361
"../../../Engine/Plugins/Runtime/GameplayInteractions/GameplayInteractions.uplugin" 362
"../../../Engine/Plugins/Runtime/GameplayAbilities/GameplayAbilities.uplugin" 363
"../../../Engine/Plugins/Runtime/GameplayStateTree/GameplayStateTree.uplugin" 364
"../../../Engine/Plugins/Runtime/GeometryCache/GeometryCache.uplugin" 365
"../../../Engine/Plugins/Runtime/GeometryProcessing/GeometryProcessing.uplugin" 366
"../../../Engine/Plugins/Runtime/GeoReferencing/GeoReferencing.uplugin" 367
"../../../Engine/Plugins/Runtime/GeometryScripting/GeometryScripting.uplugin" 368
"../../../Engine/Plugins/Runtime/GoogleCloudMessaging/GoogleCloudMessaging.uplugin" 369
"../../../Engine/Plugins/Runtime/GooglePAD/GooglePAD.uplugin" 370
"../../../Engine/Plugins/Runtime/HairStrands/HairStrands.uplugin" 371
"../../../Engine/Plugins/Runtime/AudioSynesthesia/AudioSynesthesia.uplugin" 372
"../../../Engine/Plugins/Runtime/HPMotionController/HPMotionController.uplugin" 373
"../../../Engine/Plugins/Runtime/HDRIBackdrop/HDRIBackdrop.uplugin" 374
"../../../Engine/Plugins/Runtime/HTTPChunkInstaller/HTTPChunkInstaller.uplugin" 375
"../../../Engine/Plugins/Runtime/Harmonix/Harmonix.uplugin" 376
"../../../Engine/Plugins/Runtime/InputDebugging/InputDebugging.uplugin" 377
"../../../Engine/Plugins/Runtime/InstancedActors/InstancedActors.uplugin" 378
"../../../Engine/Plugins/Runtime/IOSDeviceProfileSelector/IOSDeviceProfileSelector.uplugin" 379
"../../../Engine/Plugins/Runtime/IOSReplayKit/IOSReplayKit.uplugin" 380
"../../../Engine/Plugins/Runtime/LevelStreamingPersistence/LevelStreamingPersistence.uplugin" 381
"../../../Engine/Plugins/Runtime/LinuxDeviceProfileSelector/LinuxDeviceProfileSelector.uplugin" 382
"../../../Engine/Plugins/Runtime/LiveLinkOvernDisplay/LiveLinkOverNDisplay.uplugin" 383
"../../../Engine/Plugins/Runtime/LocationServicesAndroidImpl/LocationServicesAndroidImpl.uplugin" 384
"../../../Engine/Plugins/Runtime/LocationServicesIOSImpl/LocationServicesIOSImpl.uplugin" 385
"../../../Engine/Plugins/Runtime/LocationServicesBPLibrary/LocationServicesBPLibrary.uplugin" 386
"../../../Engine/Plugins/Runtime/MeshModelingToolset/MeshModelingToolset.uplugin" 387
"../../../Engine/Plugins/Runtime/MassGameplay/MassGameplay.uplugin" 388
"../../../Engine/Plugins/Runtime/Metasound/Metasound.uplugin" 389
"../../../Engine/Plugins/Runtime/MicrosoftSpatialAudio/MicroSoftSpatialSound.uplugin" 390
"../../../Engine/Plugins/Runtime/MassEntity/MassEntity.uplugin" 391
"../../../Engine/Plugins/Runtime/MixedRealityCaptureFramework/MixedRealityCaptureFramework.uplugin" 392
"../../../Engine/Plugins/Runtime/MobileFSR/MobileFSR.uplugin" 393
"../../../Engine/Plugins/Runtime/MIDIDevice/MIDIDevice.uplugin" 394
"../../../Engine/Plugins/Runtime/MobilePatchingUtils/MobilePatchingUtils.uplugin" 395
"../../../Engine/Plugins/Runtime/ModelViewViewModel/ModelViewViewModel.uplugin" 396
"../../../Engine/Plugins/Runtime/ModularGameplay/ModularGameplay.uplugin" 397
"../../../Engine/Plugins/Runtime/MsQuic/MsQuic.uplugin" 398
"../../../Engine/Plugins/Runtime/MultiServerReplication/MultiServerReplication.uplugin" 399
"../../../Engine/Plugins/Runtime/MusicEnvironment/MusicEnvironment.uplugin" 400
"../../../Engine/Plugins/Runtime/NavCorridor/NavCorridor.uplugin" 401
"../../../Engine/Plugins/Runtime/nDisplay/nDisplay.uplugin" 402
"../../../Engine/Plugins/Runtime/NetworkPrediction/NetworkPrediction.uplugin" 403
"../../../Engine/Plugins/Runtime/nDisplayModularFeatures/nDisplayModularFeatures.uplugin" 404
"../../../Engine/Plugins/Runtime/OpenCV/OpenCV.uplugin" 405
"../../../Engine/Plugins/Runtime/OpenXR/OpenXR.uplugin" 406
"../../../Engine/Plugins/Runtime/NetworkPredictionInsights/NetworkPredictionInsights.uplugin" 407
"../../../Engine/Plugins/Runtime/NetworkPredictionExtras/NetworkPredictionExtras.uplugin" 408
"../../../Engine/Plugins/Runtime/OpenXRHandTracking/OpenXRHandTracking.uplugin" 409
"../../../Engine/Plugins/Runtime/OpenXREyeTracker/OpenXREyeTracker.uplugin" 410
"../../../Engine/Plugins/Runtime/OpenXRMsftHandInteraction/OpenXRMsftHandInteraction.uplugin" 411
"../../../Engine/Plugins/Runtime/OptionalMobileFeaturesBPLibrary/OptionalMobileFeaturesBPLibrary.uplugin" 412
"../../../Engine/Plugins/Runtime/OSC/OSC.uplugin" 413
"../../../Engine/Plugins/Runtime/OpenXRViveTracker/OpenXRViveTracker.uplugin" 414
"../../../Engine/Plugins/Runtime/ProceduralMeshComponent/ProceduralMeshComponent.uplugin" 415
"../../../Engine/Plugins/Runtime/PreLoadScreenMoviePlayer/PreLoadScreenMoviePlayer.uplugin" 416
"../../../Engine/Plugins/Runtime/PropertyBindingUtils/PropertyBindingUtils.uplugin" 417
"../../../Engine/Plugins/Runtime/RenderTrace/RenderTrace.uplugin" 418
"../../../Engine/Plugins/Runtime/ReplicationGraph/ReplicationGraph.uplugin" 419
"../../../Engine/Plugins/Runtime/ReplicationSystemTestPlugin/ReplicationSystemTestPlugin.uplugin" 420
"../../../Engine/Plugins/Runtime/RigVM/RigVM.uplugin" 421
"../../../Engine/Plugins/Runtime/ResonanceAudio/ResonanceAudio.uplugin" 422
"../../../Engine/Plugins/Runtime/ScriptableToolsFramework/ScriptableToolsFramework.uplugin" 423
"../../../Engine/Plugins/Runtime/SignificanceManager/SignificanceManager.uplugin" 424
"../../../Engine/Plugins/Runtime/SkeletalMerging/SkeletalMerging.uplugin" 425
"../../../Engine/Plugins/Runtime/SoundCueTemplates/SoundCueTemplates.uplugin" 426
"../../../Engine/Plugins/Runtime/SmartObjects/SmartObjects.uplugin" 427
"../../../Engine/Plugins/Runtime/SoundFields/SoundFields.uplugin" 428
"../../../Engine/Plugins/Runtime/SoundMod/SoundMod.uplugin" 429
"../../../Engine/Plugins/Runtime/SoundUtilities/SoundUtilities.uplugin" 430
"../../../Engine/Plugins/Runtime/Soundscape/Soundscape.uplugin" 431
"../../../Engine/Plugins/Runtime/Spatialization/Spatialization.uplugin" 432
"../../../Engine/Plugins/Runtime/StateTree/StateTree.uplugin" 433
"../../../Engine/Plugins/Runtime/Synthesis/Synthesis.uplugin" 434
"../../../Engine/Plugins/Runtime/SunPosition/SunPosition.uplugin" 435
"../../../Engine/Plugins/Runtime/USDCore/USDCore.uplugin" 436
"../../../Engine/Plugins/Runtime/WarpUtils/WarpUtils.uplugin" 437
"../../../Engine/Plugins/Runtime/WaveTable/WaveTable.uplugin" 438
"../../../Engine/Plugins/Runtime/WebBrowserNativeProxy/WebBrowserNativeProxy.uplugin" 439
"../../../Engine/Plugins/VirtualProduction/ActorModifier/ActorModifier.uplugin" 440
"../../../Engine/Plugins/Runtime/WebBrowserWidget/WebBrowserWidget.uplugin" 441
"../../../Engine/Plugins/Runtime/WebMMoviePlayer/WebMMoviePlayer.uplugin" 442
"../../../Engine/Plugins/Runtime/PropertyAccess/PropertyAccessEditor.uplugin" 443
"../../../Engine/Plugins/VirtualProduction/ActorModifierCore/ActorModifierCore.uplugin" 444
"../../../Engine/Plugins/Runtime/WindowsDeviceProfileSelector/WindowsDeviceProfileSelector.uplugin" 445
"../../../Engine/Plugins/VirtualProduction/CameraCalibration/CameraCalibration.uplugin" 446
"../../../Engine/Plugins/VirtualProduction/Avalanche/Avalanche.uplugin" 447
"../../../Engine/Plugins/Runtime/WorldConditions/WorldConditions.uplugin" 448
"../../../Engine/Plugins/Runtime/XRBase/XRBase.uplugin" 449
"../../../Engine/Plugins/Runtime/WindowsMoviePlayer/WindowsMoviePlayer.uplugin" 450
"../../../Engine/Plugins/Runtime/ZoneGraphAnnotations/ZoneGraphAnnotations.uplugin" 451
"../../../Engine/Plugins/VirtualProduction/CameraCalibrationCore/CameraCalibrationCore.uplugin" 452
"../../../Engine/Plugins/VirtualProduction/CaptureData/CaptureData.uplugin" 453
"../../../Engine/Plugins/Runtime/ZoneGraph/ZoneGraph.uplugin" 454
"../../../Engine/Plugins/VirtualProduction/CinematicAssemblyTools/CinematicAssemblyTools.uplugin" 455
"../../../Engine/Plugins/VirtualProduction/ClonerEffector/ClonerEffector.uplugin" 456
"../../../Engine/Plugins/VirtualProduction/CustomDetailsView/CustomDetailsView.uplugin" 457
"../../../Engine/Plugins/VirtualProduction/CompositePlane/CompositePlane.uplugin" 458
"../../../Engine/Plugins/VirtualProduction/DataCharts/DataCharts.uplugin" 459
"../../../Engine/Plugins/VirtualProduction/GeometryMask/GeometryMask.uplugin" 460
"../../../Engine/Plugins/VirtualProduction/LensComponent/LensComponent.uplugin" 461
"../../../Engine/Plugins/VirtualProduction/DynamicMaterial/DynamicMaterial.uplugin" 462
"../../../Engine/Plugins/VirtualProduction/ICVFX/ICVFX.uplugin" 463
"../../../Engine/Plugins/VirtualProduction/EpicStageApp/EpicStageApp.uplugin" 464
"../../../Engine/Plugins/VirtualProduction/LiveLinkCamera/LiveLinkCamera.uplugin" 465
"../../../Engine/Plugins/VirtualProduction/ICVFXTesting/ICVFXTesting.uplugin" 466
"../../../Engine/Plugins/VirtualProduction/CameraCalibrationML/CameraCalibrationML.uplugin" 467
"../../../Engine/Plugins/VirtualProduction/LevelSnapshots/LevelSnapshots.uplugin" 468
"../../../Engine/Plugins/VirtualProduction/LiveLinkInputDevice/LiveLinkInputDevice.uplugin" 469
"../../../Engine/Plugins/VirtualProduction/LiveLinkFreeD/LiveLinkFreeD.uplugin" 470
"../../../Engine/Plugins/VirtualProduction/LiveLinkMasterLockit/LiveLinkMasterLockit.uplugin" 471
"../../../Engine/Plugins/VirtualProduction/LiveLinkOpenTrackIO/LiveLinkOpenTrackIO.uplugin" 472
"../../../Engine/Plugins/VirtualProduction/LiveLinkVRPN/LiveLinkVRPN.uplugin" 473
"../../../Engine/Plugins/VirtualProduction/MultiUserTakes/MultiUserTakes.uplugin" 474
"../../../Engine/Plugins/VirtualProduction/OperatorStack/OperatorStack.uplugin" 475
"../../../Engine/Plugins/VirtualProduction/PerformanceCaptureWorkflow/PerformanceCaptureWorkflow.uplugin" 476
"../../../Engine/Plugins/VirtualProduction/PropertyAnimatorCore/PropertyAnimatorCore.uplugin" 477
"../../../Engine/Plugins/VirtualProduction/RemoteControlInterception/RemoteControlInterception.uplugin" 478
"../../../Engine/Plugins/VirtualProduction/PropertyAnimator/PropertyAnimator.uplugin" 479
"../../../Engine/Plugins/VirtualProduction/RemoteControl/RemoteControl.uplugin" 480
"../../../Engine/Plugins/VirtualProduction/RemoteControlProtocolDMX/RemoteControlProtocolDMX.uplugin" 481
"../../../Engine/Plugins/VirtualProduction/LiveLinkXR/LiveLinkXR.uplugin" 482
"../../../Engine/Plugins/VirtualProduction/RemoteControlProtocolMIDI/RemoteControlProtocolMIDI.uplugin" 483
"../../../Engine/Plugins/VirtualProduction/RemoteControlProtocolOSC/RemoteControlProtocolOSC.uplugin" 484
"../../../Engine/Plugins/VirtualProduction/RemoteControlWebInterface/RemoteControlWebInterface.uplugin" 485
"../../../Engine/Plugins/VirtualProduction/SequencerPlaylists/SequencerPlaylists.uplugin" 486
"../../../Engine/Plugins/Messaging/MessagingDebugger/MessagingDebugger.uplugin" 487
"../../../Engine/Plugins/Messaging/TcpMessaging/TcpMessaging.uplugin" 488
"../../../Engine/Plugins/Messaging/UdpMessaging/UdpMessaging.uplugin" 489
"../../../Engine/Plugins/VirtualProduction/StormSync/StormSync.uplugin" 490
"../../../Engine/Plugins/VirtualProduction/StageMonitoring/StageMonitoring.uplugin" 491
"../../../Engine/Plugins/VirtualProduction/StormSyncAvalancheBridge/StormSyncAvalancheBridge.uplugin" 492
"../../../Engine/Plugins/Online/EOSShared/EOSShared.uplugin" 493
"../../../Engine/Plugins/VirtualProduction/Takes/Takes.uplugin" 494
"../../../Engine/Plugins/Online/EOSOverlayInputProvider/EOSOverlayInputProvider.uplugin" 495
"../../../Engine/Plugins/VirtualProduction/Switchboard/Switchboard.uplugin" 496
"../../../Engine/Plugins/VirtualProduction/TextureShare/TextureShare.uplugin" 497
"../../../Engine/Plugins/VirtualProduction/LiveLinkLens/LiveLinkLens.uplugin" 498
"../../../Engine/Plugins/VirtualProduction/LiveLinkPrestonMDR/LiveLinkPrestonMDR.uplugin" 499
"../../../Engine/Plugins/Online/OnlineServicesNull/OnlineServicesNull.uplugin" 500
"../../../Engine/Plugins/VirtualProduction/VirtualCameraCore/VirtualCameraCore.uplugin" 501
"../../../Engine/Plugins/VirtualProduction/VirtualScouting/VirtualScouting.uplugin" 502
"../../../Engine/Plugins/Online/OnlineSubsystemApple/OnlineSubsystemApple.uplugin" 503
"../../../Engine/Plugins/VirtualProduction/TimedDataMonitor/TimedDataMonitor.uplugin" 504
"../../../Engine/Plugins/Online/OnlineBase/OnlineBase.uplugin" 505
"../../../Engine/Plugins/VirtualProduction/VirtualCamera/VirtualCamera.uplugin" 506
"../../../Engine/Plugins/Online/OnlineFramework/OnlineFramework.uplugin" 507
"../../../Engine/Plugins/Online/OnlineServices/OnlineServices.uplugin" 508
"../../../Engine/Plugins/Online/OnlineServicesEOS/OnlineServicesEOS.uplugin" 509
"../../../Engine/Plugins/Online/OnlineServicesEOSGS/OnlineServicesEOSGS.uplugin" 510
"../../../Engine/Plugins/Online/OnlineServicesEpicCommon/OnlineServicesEpicCommon.uplugin" 511
"../../../Engine/Plugins/Online/OnlineSubsystem/OnlineSubsystem.uplugin" 512
"../../../Engine/Plugins/Online/OnlineSubsystemFacebook/OnlineSubsystemFacebook.uplugin" 513
"../../../Engine/Plugins/Online/OnlineSubsystemAmazon/OnlineSubsystemAmazon.uplugin" 514
"../../../Engine/Plugins/Online/OnlineSubsystemNull/OnlineSubsystemNull.uplugin" 515
"../../../Engine/Plugins/Online/OnlineSubsystemEOS/OnlineSubsystemEOS.uplugin" 516
"../../../Engine/Plugins/Online/OnlineSubsystemGoogle/OnlineSubsystemGoogle.uplugin" 517
"../../../Engine/Plugins/Online/OnlineSubsystemSteam/OnlineSubsystemSteam.uplugin" 518
"../../../Engine/Plugins/Online/OnlineServicesOSSAdapter/OnlineServicesOSSAdapter.uplugin" 519
"../../../Engine/Plugins/Online/OnlineSubsystemUtils/OnlineSubsystemUtils.uplugin" 520
"../../../Engine/Plugins/Online/SocketSubsystemEOS/SocketSubsystemEOS.uplugin" 521
"../../../Engine/Plugins/Online/SocketSubsystemSteamIP/SocketSubsystemSteamIP.uplugin" 522
"../../../Engine/Plugins/AI/AISupport/AISupport.uplugin" 523
"../../../Engine/Plugins/AdvancedSessions/AdvancedSessions/AdvancedSessions.uplugin" 524
"../../../Engine/Plugins/2D/Paper2D/Paper2D.uplugin" 525
"../../../Engine/Plugins/AdvancedSessions/AdvancedSteamSessions/AdvancedSteamSessions.uplugin" 526
"../../../Engine/Plugins/Online/WebAuth/WebAuth.uplugin" 527
"../../../Engine/Plugins/Online/OnlineSubsystemTencent/OnlineSubsystemTencent.uplugin" 528
"../../../Engine/Plugins/AI/HTNPlanner/HTNPlanner.uplugin" 529
"../../../Engine/Plugins/AI/EnvironmentQueryEditor/EnvironmentQueryEditor.uplugin" 530
"../../../Engine/Plugins/AI/MassAI/MassAI.uplugin" 531
"../../../Engine/Plugins/AI/MLAdapter/MLAdapter.uplugin" 532
"../../../Engine/Plugins/AI/MassCrowd/MassCrowd.uplugin" 533
"../../../Engine/Plugins/Animation/ACLPlugin/ACLPlugin.uplugin" 534
"../../../Engine/Plugins/Animation/AnimationLocomotionLibrary/AnimationLocomotionLibrary.uplugin" 535
"../../../Engine/Plugins/Animation/AnimationData/AnimationData.uplugin" 536
"../../../Engine/Plugins/Animation/AnimatorKit/AnimatorKit.uplugin" 537
"../../../Engine/Plugins/Animation/AnimationModifierLibrary/AnimationModifierLibrary.uplugin" 538
"../../../Engine/Plugins/Animation/BlendSpaceMotionAnalysis/BlendSpaceMotionAnalysis.uplugin" 539
"../../../Engine/Plugins/Animation/AnimationWarping/AnimationWarping.uplugin" 540
"../../../Engine/Plugins/Animation/ControlRigModules/ControlRigModules.uplugin" 541
"../../../Engine/Plugins/Animation/DeformerGraph/DeformerGraph.uplugin" 542
"../../../Engine/Plugins/Animation/BlendStack/BlendStack.uplugin" 543
"../../../Engine/Plugins/Animation/ControlRigSpline/ControlRigSpline.uplugin" 544
"../../../Engine/Plugins/Animation/DNACalib/DNACalib.uplugin" 545
"../../../Engine/Plugins/Animation/GameplayInsights/GameplayInsights.uplugin" 546
"../../../Engine/Plugins/Animation/IKRig/IKRig.uplugin" 547
"../../../Engine/Plugins/Cameras/CameraShakePreviewer/CameraShakePreviewer.uplugin" 548
"../../../Engine/Plugins/Animation/GeneSplicer/GeneSplicer.uplugin" 549
"../../../Engine/Plugins/Animation/LiveLink/LiveLink.uplugin" 550
"../../../Engine/Plugins/Animation/LiveLinkDevice/LiveLinkDevice.uplugin" 551
"../../../Engine/Plugins/Cameras/EngineCameras/EngineCameras.uplugin" 552
"../../../Engine/Plugins/Animation/LiveLinkCurveDebugUI/LiveLinkCurveDebugUI.uplugin" 553
"../../../Engine/Plugins/Cameras/GameplayCameras/GameplayCameras.uplugin" 554
"../../../Engine/Plugins/Animation/ControlRig/ControlRig.uplugin" 555
"../../../Engine/Plugins/Animation/LiveLinkExampleDevice/LiveLinkExampleDevice.uplugin" 556
"../../../Engine/Plugins/Compression/OodleNetwork/OodleNetwork.uplugin" 557
"../../../Engine/Plugins/Animation/LiveLinkHub/LiveLinkHub.uplugin" 558
"../../../Engine/Plugins/Editor/AssetManagerEditor/AssetManagerEditor.uplugin" 559
"../../../Engine/Plugins/Animation/RigLogic/RigLogic.uplugin" 560
"../../../Engine/Plugins/Animation/PerformanceCaptureCore/PerformanceCaptureCore.uplugin" 561
"../../../Engine/Plugins/Animation/TweeningUtils/TweeningUtils.uplugin" 562
"../../../Engine/Plugins/Editor/AssetReferenceRestrictions/AssetReferenceRestrictions.uplugin" 563
"../../../Engine/Plugins/Animation/SkeletalMeshModelingTools/SkeletalMeshModelingTools.uplugin" 564
"../../../Engine/Plugins/Editor/BlueprintHeaderView/BlueprintHeaderView.uplugin" 565
"../../../Engine/Plugins/Editor/AssetRegistryExport/AssetRegistryExport.uplugin" 566
"../../../Engine/Plugins/Editor/BlueprintMaterialTextureNodes/BlueprintMaterialTextureNodes.uplugin" 567
"../../../Engine/Plugins/Editor/AssetSearch/AssetSearch.uplugin" 568
"../../../Engine/Plugins/Editor/ChangelistReview/ChangelistReview.uplugin" 569
"../../../Engine/Plugins/Animation/MotionWarping/MotionWarping.uplugin" 570
"../../../Engine/Plugins/Editor/CurveEditorTools/CurveEditorTools.uplugin" 571
"../../../Engine/Plugins/Editor/ColorGrading/ColorGrading.uplugin" 572
"../../../Engine/Plugins/Editor/DataValidation/DataValidation.uplugin" 573
"../../../Engine/Plugins/Editor/EditorDebugTools/EditorDebugTools.uplugin" 574
"../../../Engine/Plugins/Editor/EditorSysConfigAssistant/EditorSysConfigAssistant.uplugin" 575
"../../../Engine/Plugins/Editor/EngineAssetDefinitions/EngineAssetDefinitions.uplugin" 576
"../../../Engine/Plugins/Editor/EditorScriptingUtilities/EditorScriptingUtilities.uplugin" 577
"../../../Engine/Plugins/Editor/FacialAnimation/FacialAnimation.uplugin" 578
"../../../Engine/Plugins/Editor/DisplayClusterLaunch/DisplayClusterLaunch.uplugin" 579
"../../../Engine/Plugins/Editor/GameplayTagsEditor/GameplayTagsEditor.uplugin" 580
"../../../Engine/Plugins/Editor/GeometryMode/GeometryMode.uplugin" 581
"../../../Engine/Plugins/Animation/PoseSearch/PoseSearch.uplugin" 582
"../../../Engine/Plugins/Editor/MakeCookedEditorAsDLC/MakeCookedEditorAsDLC.uplugin" 583
"../../../Engine/Plugins/Editor/GuidedTutorials/GuidedTutorials.uplugin" 584
"../../../Engine/Plugins/Editor/LiveUpdateForSlate/LiveUpdateForSlate.uplugin" 585
"../../../Engine/Plugins/Editor/MaterialAnalyzer/MaterialAnalyzer.uplugin" 586
"../../../Engine/Plugins/Editor/ModelingToolsEditorMode/ModelingToolsEditorMode.uplugin" 587
"../../../Engine/Plugins/Editor/CryptoKeys/CryptoKeys.uplugin" 588
"../../../Engine/Plugins/Editor/MeshLODToolset/MeshLODToolset.uplugin" 589
"../../../Engine/Plugins/Editor/ModelViewViewModelPreview/ModelViewViewModelPreview.uplugin" 590
"../../../Engine/Plugins/Editor/PluginBrowser/PluginBrowser.uplugin" 591
"../../../Engine/Plugins/Editor/ConsoleVariablesEditor/ConsoleVariables.uplugin" 592
"../../../Engine/Plugins/Editor/SampleToolsEditorMode/SampleToolsEditorMode.uplugin" 593
"../../../Engine/Plugins/Editor/ProxyLODPlugin/ProxyLODPlugin.uplugin" 594
"../../../Engine/Plugins/Enterprise/AxFImporter/AxFImporter.uplugin" 595
"../../../Engine/Plugins/Editor/MacGraphicsSwitching/MacGraphicsSwitching.uplugin" 596
"../../../Engine/Plugins/Editor/ScriptableToolsEditorMode/ScriptableToolsEditorMode.uplugin" 597
"../../../Engine/Plugins/Enterprise/DatasmithC4DImporter/DatasmithC4DImporter.uplugin" 598
"../../../Engine/Plugins/Editor/SequencerAnimTools/SequencerAnimTools.uplugin" 599
"../../../Engine/Plugins/Enterprise/DatasmithCADImporter/DatasmithCADImporter.uplugin" 600
"../../../Engine/Plugins/Editor/SpeedTreeImporter/SpeedTreeImporter.uplugin" 601
"../../../Engine/Plugins/Enterprise/DatasmithContent/DatasmithContent.uplugin" 602
"../../../Engine/Plugins/Editor/StaticMeshEditorModeling/StaticMeshEditorModeling.uplugin" 603
"../../../Engine/Plugins/Editor/StylusInput/StylusInput.uplugin" 604
"../../../Engine/Plugins/Editor/UMGWidgetPreview/UMGWidgetPreview.uplugin" 605
"../../../Engine/Plugins/Editor/WorldPartitionHLODUtilities/WorldPartitionHLODUtilities.uplugin" 606
"../../../Engine/Plugins/Editor/UVEditor/UVEditor.uplugin" 607
"../../../Engine/Plugins/Interchange/Assets/InterchangeAssets.uplugin" 608
"../../../Engine/Plugins/Enterprise/GLTFExporter/GLTFExporter.uplugin" 609
"../../../Engine/Plugins/Enterprise/DatasmithImporter/DatasmithImporter.uplugin" 610
"../../../Engine/Plugins/Enterprise/DatasmithFBXImporter/DatasmithFBXImporter.uplugin" 611
"../../../Engine/Plugins/Enterprise/LidarPointCloud/LidarPointCloud.uplugin" 612
"../../../Engine/Plugins/Enterprise/VariantManager/VariantManager.uplugin" 613
"../../../Engine/Plugins/Enterprise/VariantManagerContent/VariantManagerContent.uplugin" 614
"../../../Engine/Plugins/Enterprise/MDLImporter/MDLImporter.uplugin" 615
"../../../Engine/Plugins/FX/Cascade/Cascade.uplugin" 616
"../../../Engine/Plugins/FX/CascadeToNiagaraConverter/CascadeToNiagaraConverter.uplugin" 617
"../../../Engine/Plugins/Editor/MobileLauncherProfileWizard/MobileLauncherProfileWizard.uplugin" 618
"../../../Engine/Plugins/Enterprise/DataprepEditor/DataprepEditor.uplugin" 619
"../../../Engine/Plugins/Interchange/Editor/InterchangeEditor.uplugin" 620
"../../../Engine/Plugins/FX/ExampleCustomDataInterface/ExampleCustomDataInterface.uplugin" 621
"../../../Engine/Plugins/Editor/WaveformEditor/WaveformEditor.uplugin" 622
"../../../Engine/Plugins/FX/Niagara/Niagara.uplugin" 623
"../../../Engine/Plugins/FX/NiagaraFluids/NiagaraFluids.uplugin" 624
"../../../Engine/Plugins/FX/NiagaraMRQ/NiagaraMRQ.uplugin" 625
"../../../Engine/Plugins/Interchange/Runtime/Interchange.uplugin" 626
"../../../Engine/Plugins/Marketplace/AsyncLoabb9e7e751a1fV12/AsyncLoadingScreen.uplugin" 627
"../../../Engine/Plugins/NetcodeUnitTest/NUTUnrealEngine/NUTUnrealEngine.uplugin" 628
"../../../Engine/Plugins/NetcodeUnitTest/NetcodeUnitTest/NetcodeUnitTest.uplugin" 629
"../../../Engine/Plugins/Web/HttpBlueprint/HttpBlueprint.uplugin" 630
"../../../Engine/Plugins/Marketplace/GMC/GMC.uplugin" 631
"../../../Engine/Plugins/Marketplace/GMCAbilitySystem-dev/GMCAbilitySystem.uplugin" 632
"../../../Engine/Plugins/PCGInterops/PCGGeometryScriptInterop/PCGGeometryScriptInterop.uplugin" 633
"../../../Engine/Plugins/Online/VoiceChat/EOSVoiceChat/EOSVoiceChat.uplugin" 634
"../../../Engine/Plugins/Online/VoiceChat/VoiceChat/VoiceChat.uplugin" 635
"../../../Engine/Plugins/Interchange/Extensions/OpenVDB/InterchangeOpenVDB.uplugin" 636
"../../../Engine/Plugins/Interchange/Extensions/OpenUSD/InterchangeOpenUSD.uplugin" 637
"../../../Engine/Plugins/Experimental/AVCodecs/AMFCodecs/AMFCodecs.uplugin" 638
"../../../Engine/Plugins/Experimental/AVCodecs/AVCodecsCore/AVCodecsCore.uplugin" 639
"../../../Engine/Plugins/Experimental/PCGInterops/PCGNiagaraInterop/PCGNiagaraInterop.uplugin" 640
"../../../Engine/Plugins/Editor/ContentBrowser/ContentBrowserAliasDataSource/ContentBrowserAliasDataSource.uplugin" 641
"../../../Engine/Plugins/Experimental/AVCodecs/LibVpxCodecs/LibVpxCodecs.uplugin" 642
"../../../Engine/Plugins/Experimental/AVCodecs/VTCodecs/VTCodecs.uplugin" 643
"../../../Engine/Plugins/Experimental/AVCodecs/NVCodecs/NVCodecs.uplugin" 644
"../../../Engine/Plugins/Experimental/PCGInterops/PCGWaterInterop/PCGWaterInterop.uplugin" 645
"../../../Engine/Plugins/Experimental/AVCodecs/WMFCodecs/WMFCodecs.uplugin" 646
"../../../Engine/Plugins/Experimental/PCGInterops/PCGInstancedActorsInterop/PCGInstancedActorsInterop.uplugin" 647
"../../../Engine/Plugins/Experimental/Compositing/HoldoutComposite/HoldoutComposite.uplugin" 648
"../../../Engine/Plugins/FX/NiagaraSimCaching/NiagaraSimCaching.uplugin" 649
"../../../Engine/Plugins/PCGInterops/PCGExternalDataInterop/PCGExternalDataInterop.uplugin" 650
"../../../Engine/Plugins/Experimental/MetaHuman/MetaHumanRuntime/MetaHumanRuntime.uplugin" 651
"../../../Engine/Plugins/Editor/ContentBrowser/ContentBrowserFileDataSource/ContentBrowserFileDataSource.uplugin" 652
"../../../Engine/Plugins/Editor/ContentBrowser/ContentBrowserAssetDataSource/ContentBrowserAssetDataSource.uplugin" 653
"../../../Engine/Plugins/Editor/ContentBrowser/ContentBrowserClassDataSource/ContentBrowserClassDataSource.uplugin" 654
"../../../Engine/Plugins/Experimental/Enterprise/DatasmithInterchange/DatasmithInterchange.uplugin" 655
"../../../Engine/Plugins/Experimental/Compositing/CompositeCore/CompositeCore.uplugin" 656
"../../../Engine/Plugins/Experimental/Enterprise/DataprepGeometryOperations/DataprepGeometryOperations.uplugin" 657
"../../../Engine/Plugins/Experimental/Enterprise/DatasmithRuntime/DatasmithRuntime.uplugin" 658
"../../../Engine/Plugins/Animation/MLDeformer/ChaosClothGenerator/ChaosClothGenerator.uplugin" 659
"../../../Engine/Plugins/Animation/MLDeformer/ChaosFleshGenerator/ChaosFleshGenerator.uplugin" 660
"../../../Engine/Plugins/Animation/MLDeformer/NeuralMorphModel/NeuralMorphModel.uplugin" 661
"../../../Engine/Plugins/Animation/MLDeformer/NearestNeighborModel/NearestNeighborModel.uplugin" 662
"../../../Engine/Plugins/Animation/MLDeformer/MLDeformerFramework/MLDeformerFramework.uplugin" 663
"../../../Engine/Plugins/Animation/MLDeformer/VertexDeltaModel/VertexDeltaModel.uplugin" 664
"../../../Engine/Plugins/VirtualProduction/DMX/DatasmithMVR/DatasmithMVR.uplugin" 665
"../../../Engine/Plugins/Experimental/Animation/ContextualAnimation/ContextualAnimation.uplugin" 666
"../../../Engine/Plugins/VirtualProduction/DMX/DMXFixtures/DMXFixtures.uplugin" 667
"../../../Engine/Plugins/VirtualProduction/DMX/DMXEngine/DMXEngine.uplugin" 668
"../../../Engine/Plugins/VirtualProduction/DMX/DMXControlConsole/DMXControlConsole.uplugin" 669
"../../../Engine/Plugins/VirtualProduction/DMX/DMXGDTF/DMXGDTF.uplugin" 670
"../../../Engine/Plugins/VirtualProduction/DMX/DMXDisplayCluster/DMXDisplayCluster.uplugin" 671
"../../../Engine/Plugins/VirtualProduction/DMX/DMXPixelMapping/DMXPixelMapping.uplugin" 672
"../../../Engine/Plugins/VirtualProduction/DMX/DMXModularFeatures/DMXModularFeatures.uplugin" 673
"../../../Engine/Plugins/VirtualProduction/DMX/DMXProtocol/DMXProtocol.uplugin" 674
"../../../Engine/Plugins/Experimental/Animation/CurveExpression/CurveExpression.uplugin" 675
"../../../Engine/Plugins/Experimental/Animation/HierarchyTable/HierarchyTable.uplugin" 676
"../../../Engine/Plugins/Experimental/Animation/HierarchyTableAnimation/HierarchyTableAnimation.uplugin" 677
"../../../Engine/Plugins/Experimental/Animation/Locomotor/Locomotor.uplugin" 678
"../../../Engine/Plugins/Experimental/Animation/Optimus/Optimus.uplugin" 679
"../../../Engine/Plugins/Runtime/AR/ARUtilities/ARUtilities.uplugin" 680
"../../../Engine/Plugins/Experimental/Animation/MotionTrajectory/MotionTrajectory.uplugin" 681
"../../../Engine/Plugins/Runtime/DLSS/DLSS/DLSS.uplugin" 682
"../../../Engine/Plugins/Experimental/Animation/RigMapper/RigMapper.uplugin" 683
"../../../Engine/Plugins/Experimental/Animation/SkeletonTemplateFramework/SkeletonTemplateFramework.uplugin" 684
"../../../Engine/Plugins/Runtime/DLSS/DLSSMoviePipelineSupport/DLSSMoviePipelineSupport.uplugin" 685
"../../../Engine/Plugins/Runtime/DLSS/NIS/NIS.uplugin" 686
"../../../Engine/Plugins/Experimental/Animation/PackedAttributes/PackedAttributes.uplugin" 687
"../../../Engine/Plugins/Runtime/DLSS/Streamline/Streamline.uplugin" 688
"../../../Engine/Plugins/Experimental/Animation/TrajectoryTools/TrajectoryTools.uplugin" 689
"../../../Engine/Plugins/VirtualProduction/Rivermax/RivermaxMedia/RivermaxMedia.uplugin" 690
"../../../Engine/Plugins/Runtime/Advertising/IOSTapJoy/IOSTapJoy.uplugin" 691
"../../../Engine/Plugins/Runtime/DLSS/StreamlineCore/StreamlineCore.uplugin" 692
"../../../Engine/Plugins/VirtualProduction/Rivermax/RivermaxCore/RivermaxCore.uplugin" 693
"../../../Engine/Plugins/Runtime/DLSS/StreamlineDLSSG/StreamlineDLSSG.uplugin" 694
"../../../Engine/Plugins/Experimental/Animation/SkeletalMeshMorphTargetEditingTools/SkeletalMeshMorphTargetEditingTools.uplugin" 695
"../../../Engine/Plugins/Runtime/DLSS/UIWidgetsLib/UIWidgetsLib.uplugin" 696
"../../../Engine/Plugins/Experimental/Web/WebAPI/WebAPI.uplugin" 697
"../../../Engine/Plugins/Online/Android/AndroidFetchBackgroundDownload/AndroidFetchBackgroundDownload.uplugin" 698
"../../../Engine/Plugins/Runtime/DLSS/StreamlineReflex/StreamlineReflex.uplugin" 699
"../../../Engine/Plugins/Runtime/MeshReconstruction/DummyMeshReconstructor/DummyMeshReconstructor.uplugin" 700
"../../../Engine/Plugins/Runtime/Database/ADOSupport/ADOSupport.uplugin" 701
"../../../Engine/Plugins/Runtime/DLSS/StreamlineDeepDVC/StreamlineDeepDVC.uplugin" 702
"../../../Engine/Plugins/Runtime/Database/DatabaseSupport/DatabaseSupport.uplugin" 703
"../../../Engine/Plugins/VirtualProduction/Rivermax/RivermaxSync/RivermaxSync.uplugin" 704
"../../../Engine/Plugins/Experimental/CharacterFXEditor/BaseCharacterFXEditor/BaseCharacterFXEditor.uplugin" 705
"../../../Engine/Plugins/Runtime/Database/SQLiteCore/SQLiteCore.uplugin" 706
"../../../Engine/Plugins/Experimental/CharacterFXEditor/ExampleCharacterFXEditor/ExampleCharacterFXEditor.uplugin" 707
"../../../Engine/Plugins/VirtualProduction/CaptureManager/CaptureManagerDevices/CaptureManagerDevices.uplugin" 708
"../../../Engine/Plugins/VirtualProduction/CaptureManager/CaptureManagerCore/CaptureManagerCore.uplugin" 709
"../../../Engine/Plugins/Experimental/VirtualProduction/LedWallCalibration/LedWallCalibration.uplugin" 710
"../../../Engine/Plugins/VirtualProduction/CaptureManager/CaptureManagerApp/CaptureManagerApp.uplugin" 711
"../../../Engine/Plugins/VirtualProduction/CaptureManager/CaptureManagerEditor/CaptureManagerEditor.uplugin" 712
"../../../Engine/Plugins/Online/Android/OnlineSubsystemGooglePlay/OnlineSubsystemGooglePlay.uplugin" 713
"../../../Engine/Plugins/Experimental/VirtualProduction/VPRoles/VPRoles.uplugin" 714
"../../../Engine/Plugins/Runtime/Analytics/AnalyticsBlueprintLibrary/AnalyticsBlueprintLibrary.uplugin" 715
"../../../Engine/Plugins/Experimental/VirtualProduction/VPSettings/VPSettings.uplugin" 716
"../../../Engine/Plugins/Runtime/Database/SQLiteSupport/SQLiteSupport.uplugin" 717
"../../../Engine/Plugins/Runtime/Analytics/AnalyticsMulticast/AnalyticsMulticast.uplugin" 718
"../../../Engine/Plugins/Runtime/Analytics/FileLogging/FileLogging.uplugin" 719
"../../../Engine/Plugins/Runtime/XR/XRScribe/XRScribe.uplugin" 720
"../../../Engine/Plugins/Runtime/XR/XRVisualization/XRVisualization.uplugin" 721
"../../../Engine/Plugins/Online/IOS/OnlineSubsystemIOS/OnlineSubsystemIOS.uplugin" 722
"../../../Engine/Plugins/Editor/Localization/PortableObjectFileDataSource/PortableObjectFileDataSource.uplugin" 723
"../../../Engine/Plugins/Runtime/Windows/XInputDevice/XInputDevice.uplugin" 724
"../../../Engine/Plugins/Editor/ObjectMixer/LightMixer/LightMixer.uplugin" 725
"../../../Engine/Plugins/Runtime/PacketHandlers/AESGCMHandlerComponent/AESGCMHandlerComponent.uplugin" 726
"../../../Engine/Plugins/Editor/ObjectMixer/ObjectMixer/ObjectMixer.uplugin" 727
"../../../Engine/Plugins/Runtime/PacketHandlers/DTLSHandlerComponent/DTLSHandlerComponent.uplugin" 728
"../../../Engine/Plugins/Developer/Concert/ConcertMain/ConcertMain.uplugin" 729
"../../../Engine/Plugins/Runtime/Steam/SteamAudio/SteamAudio.uplugin" 730
"../../../Engine/Plugins/Runtime/Nvidia/GeForceNOWWrapper/GeForceNOWWrapper.uplugin" 731
"../../../Engine/Plugins/Runtime/Nvidia/Reflex/Reflex.uplugin" 732
"../../../Engine/Plugins/Runtime/Analytics/Adjust/Adjust.uplugin" 733
"../../../Engine/Plugins/Runtime/Database/RemoteDatabaseSupport/RemoteDatabaseSupport.uplugin" 734
"../../../Engine/Plugins/Runtime/Steam/SteamShared/SteamShared.uplugin" 735
"../../../Engine/Plugins/Runtime/Steam/SteamController/SteamController.uplugin" 736
"../../../Engine/Plugins/Runtime/PacketHandlers/AESHandlerComponent/AESHandlerComponent.uplugin" 737
"../../../Engine/Plugins/Runtime/AR/Google/GoogleARCore/GoogleARCore.uplugin" 738
"../../../Engine/Plugins/Runtime/AR/Google/GoogleARCoreServices/GoogleARCoreServices.uplugin" 739
"../../../Engine/Plugins/Developer/Concert/ConcertSync/ConcertSyncCore/ConcertSyncCore.uplugin" 740
"../../../Engine/Plugins/Developer/Concert/ConcertSync/ConcertSyncTest/ConcertSyncTest.uplugin" 741
"../../../Engine/Plugins/Developer/Concert/ConcertApp/DisasterRecoveryClient/DisasterRecoveryClient.uplugin" 742
"../../../Engine/Plugins/Developer/Concert/ConcertSync/ConcertSyncClient/ConcertSyncClient.uplugin" 743
"../../../Engine/Plugins/Experimental/Animation/MLDeformer/DetailPoseModel/DetailPoseModel.uplugin" 744
"../../../Engine/Plugins/Developer/Concert/ConcertSync/ConcertSyncServer/ConcertSyncServer.uplugin" 745
"../../../Engine/Plugins/Developer/Concert/ConcertApp/MultiUserClient/MultiUserClient.uplugin" 746
"../../../Engine/Plugins/Developer/Concert/ConcertApp/MultiUserServer/MultiUserServer.uplugin" 747
"../../../Engine/Plugins/Developer/Concert/ConcertScripting/ConcertReplicationScripting/ConcertReplicationScripting.uplugin" 748
"../../../Engine/Plugins/Developer/Concert/ConcertInsights/ConcertInsightsClient/ConcertInsightsClient.uplugin" 749
"../../../Engine/Plugins/Developer/Concert/ConcertInsights/ConcertInsightsCore/ConcertInsightsCore.uplugin" 750
"../../../Engine/Plugins/Developer/Concert/ConcertInsights/ConcertInsightsServer/ConcertInsightsServer.uplugin" 751
"../../../Engine/Plugins/Runtime/Windows/WinDualShock/WinDualShock.uplugin" 752
"../../../Engine/Plugins/Runtime/AR/AppleAR/AppleARKitFaceSupport/AppleARKitFaceSupport.uplugin" 753
"../../../Engine/Plugins/Runtime/AR/AppleAR/AppleARKit/AppleARKit.uplugin" 754
"../../../Engine/Plugins/Developer/Concert/ConcertUI/ConcertClientSharedSlate/ConcertClientSharedSlate.uplugin" 755
"../../../Engine/Plugins/Developer/Concert/ConcertUI/ConcertSharedSlate/ConcertSharedSlate.uplugin" 756
"../../../Engine/Plugins/Runtime/Steam/SteamSockets/SteamSockets.uplugin" 757
"../../../Engine/Plugins/Developer/Concert/ConcertInsights/ConcertInsightsVisualizer/ConcertInsightsVisualizer.uplugin" 758
"../../../Engine/Platforms/Android/Plugins/RigLogic/RigLogic_Android.uplugin" 759
"../../../Engine/Platforms/Android/Plugins/Animation/ACLPlugin/ACLPlugin_Android.uplugin" 760
"../../../Engine/Platforms/IOS/Plugins/RigLogic/RigLogic_IOS.uplugin" 761
"../../../Engine/Content/Internationalization/icudt64l/cnvalias.icu" 762
"../../../Engine/Content/Internationalization/icudt64l/res_index.res" 763
"../../../Engine/Content/Internationalization/icudt64l/plurals.res" 764
"../../../Engine/Content/Internationalization/icudt64l/lang/en_NZ.res" 765
"../../../Engine/Content/Internationalization/icudt64l/lang/pool.res" 766
"../../../Engine/Content/Internationalization/icudt64l/lang/en_001.res" 767
"../../../Engine/Content/Internationalization/icudt64l/lang/en.res" 768
"../../../Engine/Content/Internationalization/icudt64l/lang/root.res" 769
"../../../Engine/Content/Internationalization/icudt64l/region/en_NZ.res" 770
"../../../Engine/Content/Internationalization/icudt64l/region/pool.res" 771
"../../../Engine/Content/Internationalization/icudt64l/region/en.res" 772
"../../../Engine/Content/Internationalization/icudt64l/region/root.res" 773
"../../../Engine/Content/Internationalization/icudt64l/windowsZones.res" 774
"../../../Engine/Content/Internationalization/icudt64l/zoneinfo64.res" 775
"../../../Engine/Content/Internationalization/icudt64l/keyTypeData.res" 776
"../../../Engine/Content/Internationalization/icudt64l/timezoneTypes.res" 777
"../../../Engine/Content/Internationalization/icudt64l/likelySubtags.res" 778
"../../../Engine/Content/Internationalization/icudt64l/en_US.res" 779
"../../../Engine/Content/Internationalization/icudt64l/pool.res" 780
"../../../Engine/Content/Internationalization/icudt64l/en.res" 781
"../../../Engine/Content/Internationalization/icudt64l/root.res" 782
"../../../Engine/Content/Internationalization/icudt64l/supplementalData.res" 783
"../../../Engine/Config/ConfigRedirects.ini" 784
"C:/Users/neo/AppData/Local/UnrealEngine/5.6/Saved/Config/WindowsEditor/Manifest.ini" 785
"../../../Engine/Config/BaseEngine.ini" 786
"../../../Engine/Config/Windows/BaseWindowsEngine.ini" 787
"../../../../../GitHub/massey-unreal-2/Orbital/Config/DefaultEngine.ini" 788
"../../../Engine/Config/BaseGame.ini" 789
"../../../../../GitHub/massey-unreal-2/Orbital/Config/DefaultGame.ini" 790
"../../../Engine/Config/Windows/WindowsGame.ini" 791
"S:/GitHub/massey-unreal-2/Orbital/Saved/Config/WindowsEditor/Game.ini" 792
"../../../Engine/Config/BaseInput.ini" 793
"../../../Engine/Config/Windows/BaseWindowsInput.ini" 794
"../../../../../GitHub/massey-unreal-2/Orbital/Config/DefaultInput.ini" 795
"../../../Engine/Config/Windows/WindowsInput.ini" 796
"S:/GitHub/massey-unreal-2/Orbital/Saved/Config/WindowsEditor/Input.ini" 797
"../../../Engine/Config/BaseDeviceProfiles.ini" 798
"../../../Engine/Config/BaseGameUserSettings.ini" 799
"S:/GitHub/massey-unreal-2/Orbital/Saved/Config/WindowsEditor/GameUserSettings.ini" 800
"../../../Engine/Config/BaseScalability.ini" 801
"../../../Engine/Config/BaseRuntimeOptions.ini" 802
"../../../Engine/Config/BaseInstallBundle.ini" 803
"../../../Engine/Config/BaseHardware.ini" 804
"../../../../../GitHub/massey-unreal-2/Orbital/Config/DefaultGameplayTags.ini" 805
"../../../Engine/Config/BaseCompat.ini" 806
"../../../Engine/Config/BaseLightmass.ini" 807
"../../../Engine/Config/BaseEditor.ini" 808
"../../../../../GitHub/massey-unreal-2/Orbital/Config/DefaultEditor.ini" 809
"S:/GitHub/massey-unreal-2/Orbital/Saved/Config/WindowsEditor/Editor.ini" 810
"../../../Engine/Config/BaseMaterialExpressions.ini" 811
"../../../Engine/Config/BaseEditorPerProjectUserSettings.ini" 812
"../../../Engine/Config/Windows/WindowsEditorPerProjectUserSettings.ini" 813
"S:/GitHub/massey-unreal-2/Orbital/Saved/Config/WindowsEditor/EditorPerProjectUserSettings.ini" 814
"../../../Engine/Config/BaseEditorSettings.ini" 815
"../../../Engine/Config/Windows/WindowsEditorSettings.ini" 816
"C:/Users/neo/AppData/Local/UnrealEngine/5.6/Saved/Config/WindowsEditor/EditorSettings.ini" 817
"../../../Engine/Config/BaseEditorKeyBindings.ini" 818
"C:/Users/neo/AppData/Local/UnrealEngine/5.6/Saved/Config/WindowsEditor/EditorKeyBindings.ini" 819
"C:/Users/neo/AppData/Local/UnrealEngine/5.6/Saved/Config/WindowsEditor/EditorLayout.ini" 820
"../../../../../GitHub/massey-unreal-2/Orbital/Binaries/Win64/Orbital.target" 821
"../../../Engine/Config/IOS/BaseIOSEngine.ini" 822
"../../../Engine/Binaries/Win64/BootstrapPackagedGame-Win64-Shipping.target" 823
"../../../Engine/Binaries/Win64/BuildPatchTool-Win64-Shipping.target" 824
"../../../Engine/Binaries/Win64/CrashReportClient-Win64-Shipping.target" 825
"../../../Engine/Config/Mac/BaseMacEngine.ini" 826
"../../../Engine/Config/Linux/BaseLinuxEngine.ini" 827
"../../../Engine/Config/IOS/BaseIOSGame.ini" 828
"../../../Engine/Config/Android/BaseAndroidEngine.ini" 829
"../../../Engine/Binaries/Win64/CrashReportClientEditor-Win64-Shipping.target" 830
"../../../Engine/Platforms/VisionOS/Config/BaseVisionOSEngine.ini" 831
"../../../Engine/Binaries/Win64/DatasmithCADWorker.target" 832
"../../../Engine/Binaries/Win64/EpicWebHelper-Win64-Shipping.target" 833
"../../../Engine/Config/IOS/IOSGame.ini" 834
"../../../Engine/Config/TVOS/TVOSEngine.ini" 835
"../../../Engine/Binaries/Win64/InterchangeWorker.target" 836
"../../../Engine/Config/Unix/UnixEngine.ini" 837
"../../../Engine/Binaries/Win64/LiveCodingConsole.target" 838
"../../../Engine/Config/Android/AndroidEngine.ini" 839
"../../../Engine/Config/Linux/LinuxEngine.ini" 840
"../../../Engine/Platforms/VisionOS/Config/VisionOSEngine.ini" 841
"../../../Engine/Binaries/Win64/LiveLinkHub.target" 842
"../../../Engine/Config/Mac/MacGame.ini" 843
"../../../Engine/Config/Android/BaseAndroidGame.ini" 844
"../../../Engine/Config/IOS/BaseIOSInput.ini" 845
"../../../Engine/Config/Mac/BaseMacInput.ini" 846
"../../../Engine/Config/Linux/LinuxGame.ini" 847
"../../../Engine/Config/Android/BaseAndroidInput.ini" 848
"../../../Engine/Config/IOS/IOSScalability.ini" 849
"../../../Engine/Config/Android/AndroidScalability.ini" 850
"../../../Engine/Config/IOS/BaseIOSInstallBundle.ini" 851
"../../../Engine/Config/Android/BaseAndroidInstallBundle.ini" 852
"../../../Engine/Binaries/Win64/ShaderCompileWorker.target" 853
"../../../Engine/Binaries/Win64/SwitchboardListener.target" 854
"../../../Engine/Binaries/Win64/SwitchboardListenerHelper.target" 855
"../../../Engine/Binaries/Win64/UnrealEditor-Win64-DebugGame.target" 856
"../../../Engine/Binaries/Win64/UnrealEditor.target" 857
"../../../Engine/Config/PluginBase.ini" 858
"../../../Engine/Plugins/ChaosVD/Config/DefaultChaosVD.ini" 859
"../../../Engine/Plugins/EnhancedInput/Config/BaseEnhancedInput.ini" 860
"../../../Engine/Plugins/Fab/Config/BaseFab.ini" 861
"../../../Engine/Plugins/TraceUtilities/Config/BaseTraceUtilities.ini" 862
"../../../Engine/Plugins/Experimental/FullBodyIK/Config/BaseFullBodyIK.ini" 863
"../../../Engine/Plugins/Experimental/ToolPresets/Config/BaseToolPresets.ini" 864
"../../../Engine/Plugins/Runtime/AudioModulation/Config/BaseAudioModulation.ini" 865
"../../../Engine/Plugins/Runtime/Metasound/Config/BaseMetasound.ini" 866
"../../../Engine/Plugins/Runtime/Metasound/Config/DefaultMetasound.ini" 867
"../../../Engine/Plugins/Runtime/ModelViewViewModel/Config/BaseModelViewViewModel.ini" 868
"../../../Engine/Plugins/Runtime/PropertyBindingUtils/Config/BasePropertyBindingUtils.ini" 869
"../../../Engine/Plugins/Runtime/RigVM/Config/BaseRigVM.ini" 870
"../../../Engine/Plugins/Runtime/StateTree/Config/BaseStateTree.ini" 871
"../../../Engine/Plugins/Runtime/Synthesis/Config/BaseSynthesis.ini" 872
"../../../Engine/Plugins/VirtualProduction/CameraCalibrationCore/Config/BaseCameraCalibrationCore.ini" 873
"../../../Engine/Plugins/VirtualProduction/Takes/Config/BaseTakes.ini" 874
"../../../Engine/Plugins/2D/Paper2D/Config/BasePaper2D.ini" 875
"../../../Engine/Plugins/Animation/ControlRig/Config/BaseControlRig.ini" 876
"../../../Engine/Plugins/Animation/IKRig/Config/BaseIKRig.ini" 877
"../../../Engine/Plugins/Cameras/GameplayCameras/Config/BaseGameplayCameras.ini" 878
"../../../Engine/Plugins/Editor/EditorScriptingUtilities/Config/BaseEditorScriptingUtilities.ini" 879
"../../../Engine/Plugins/Enterprise/DatasmithContent/Config/BaseDatasmithContent.ini" 880
"../../../Engine/Plugins/Interchange/Assets/Config/BaseInterchangeAssets.ini" 881
"../../../Engine/Plugins/Enterprise/VariantManagerContent/Config/BaseVariantManagerContent.ini" 882
"../../../Engine/Plugins/FX/Niagara/Config/BaseNiagara.ini" 883
"S:/GitHub/massey-unreal-2/Orbital/Saved/Config/WindowsEditor/Niagara.ini" 884
"../../../Engine/Plugins/Interchange/Runtime/Config/BaseInterchange.ini" 885
"../../../Engine/Plugins/Experimental/Compositing/CompositeCore/Config/BaseCompositeCore.ini" 886
"../../../Engine/Plugins/ChaosVD/Config/Engine.ini" 887
"../../../Engine/Plugins/EnhancedInput/Config/Input.ini" 888
"../../../Engine/Plugins/Runtime/InputDebugging/Config/Input.ini" 889
"../../../Engine/Plugins/Runtime/Windows/XInputDevice/Config/Input.ini" 890
"../../../Engine/Plugins/Runtime/RigVM/Config/Editor.ini" 891
"../../../Engine/Plugins/Editor/ModelingToolsEditorMode/Binaries/Win64/UnrealEditor.modules" 892
"../../../Engine/Plugins/Runtime/MeshModelingToolset/Binaries/Win64/UnrealEditor.modules" 893
"../../../Engine/Plugins/Experimental/MeshModelingToolsetExp/Binaries/Win64/UnrealEditor.modules" 894
"../../../Engine/Plugins/Editor/MeshLODToolset/Binaries/Win64/UnrealEditor.modules" 895
"../../../Engine/Plugins/Experimental/ToolPresets/Binaries/Win64/UnrealEditor.modules" 896
"../../../Engine/Plugins/Editor/StylusInput/Binaries/Win64/UnrealEditor.modules" 897
"../../../Engine/Plugins/Runtime/GeometryProcessing/Binaries/Win64/UnrealEditor.modules" 898
"../../../Engine/Plugins/Editor/ProxyLODPlugin/Binaries/Win64/UnrealEditor.modules" 899
"../../../Engine/Plugins/Experimental/PlanarCutPlugin/Binaries/Win64/UnrealEditor.modules" 900
"../../../Engine/Plugins/Runtime/GeometryCache/Binaries/Win64/UnrealEditor.modules" 901
"../../../Engine/Plugins/Experimental/GeometryFlow/Binaries/Win64/UnrealEditor.modules" 902
"../../../Engine/Plugins/Editor/EditorScriptingUtilities/Binaries/Win64/UnrealEditor.modules" 903
"../../../Engine/Plugins/FX/Niagara/Binaries/Win64/UnrealEditor.modules" 904
"../../../Engine/Plugins/Experimental/PythonScriptPlugin/Binaries/Win64/UnrealEditor.modules" 905
"../../../Engine/Plugins/Editor/ContentBrowser/ContentBrowserFileDataSource/Binaries/Win64/UnrealEditor.modules" 906
"../../../Engine/Plugins/Runtime/SoundMod/Binaries/Win64/UnrealEditor.modules" 907
"../../../Engine/Plugins/Runtime/AudioModulation/Binaries/Win64/UnrealEditor.modules" 908
"../../../Engine/Plugins/Runtime/Metasound/Binaries/Win64/UnrealEditor.modules" 909
"../../../Engine/Plugins/Runtime/WaveTable/Binaries/Win64/UnrealEditor.modules" 910
"../../../Engine/Plugins/AudioInsights/Binaries/Win64/UnrealEditor.modules" 911
"../../../Engine/Plugins/Runtime/AudioWidgets/Binaries/Win64/UnrealEditor.modules" 912
"../../../Engine/Plugins/Runtime/AudioSynesthesia/Binaries/Win64/UnrealEditor.modules" 913
"../../../Engine/Plugins/Editor/ContentBrowser/ContentBrowserAssetDataSource/Binaries/Win64/UnrealEditor.modules" 914
"../../../Engine/Plugins/Runtime/MusicEnvironment/Binaries/Win64/UnrealEditor.modules" 915
"../../../Engine/Plugins/Runtime/SoundUtilities/Binaries/Win64/UnrealEditor.modules" 916
"../../../Engine/Plugins/Experimental/SubtitlesAndClosedCaptions/Binaries/Win64/UnrealEditor.modules" 917
"../../../Engine/Plugins/Experimental/TechAudioTools/Binaries/Win64/UnrealEditor.modules" 918
"../../../Engine/Plugins/Runtime/ModelViewViewModel/Binaries/Win64/UnrealEditor.modules" 919
"../../../Engine/Plugins/EnhancedInput/Binaries/Win64/UnrealEditor.modules" 920
"../../../Engine/Plugins/Editor/DataValidation/Binaries/Win64/UnrealEditor.modules" 921
"../../../Engine/Plugins/Runtime/PreLoadScreenMoviePlayer/Binaries/Win64/UnrealEditor.modules" 922
"../../../Engine/Plugins/Experimental/Text3D/Binaries/Win64/UnrealEditor.modules" 923
"../../../Engine/Plugins/VirtualProduction/GeometryMask/Binaries/Win64/UnrealEditor.modules" 924
"../../../Engine/Plugins/Media/ElectraCodecs/Binaries/Win64/UnrealEditor.modules" 925
"../../../Engine/Plugins/Media/ElectraUtil/Binaries/Win64/UnrealEditor.modules" 926
"../../../Engine/Plugins/Media/ElectraPlayer/Binaries/Win64/UnrealEditor.modules" 927
"../../../Engine/Plugins/Media/ElectraCDM/Binaries/Win64/UnrealEditor.modules" 928
"../../../Engine/Plugins/Media/ElectraSubtitles/Binaries/Win64/UnrealEditor.modules" 929
"../../../Engine/Plugins/Media/OpusDecoderElectra/Binaries/Win64/UnrealEditor.modules" 930
"../../../Engine/Plugins/Media/D3D12VideoDecodersElectra/Binaries/Win64/UnrealEditor.modules" 931
"../../../Engine/Plugins/Media/VPxDecoderElectra/Binaries/Win64/UnrealEditor.modules" 932
"../../../Engine/Plugins/ChaosCloth/Binaries/Win64/UnrealEditor.modules" 933
"../../../Engine/Plugins/Experimental/ChaosCaching/Binaries/Win64/UnrealEditor.modules" 934
"../../../Engine/Plugins/VirtualProduction/Takes/Binaries/Win64/UnrealEditor.modules" 935
"../../../Engine/Plugins/Runtime/AudioCapture/Binaries/Win64/UnrealEditor.modules" 936
"../../../Engine/Plugins/MovieScene/LevelSequenceEditor/Binaries/Win64/UnrealEditor.modules" 937
"../../../Engine/Plugins/Developer/NamingTokens/Binaries/Win64/UnrealEditor.modules" 938
"../../../Engine/Plugins/MovieScene/SequencerScripting/Binaries/Win64/UnrealEditor.modules" 939
"../../../Engine/Plugins/Editor/EngineAssetDefinitions/Binaries/Win64/UnrealEditor.modules" 940
"../../../Engine/Plugins/ChaosInsights/Binaries/Win64/UnrealEditor.modules" 941
"../../../Engine/Plugins/ChaosVD/Binaries/Win64/UnrealEditor.modules" 942
"../../../Engine/Plugins/Experimental/EditorDataStorage/Binaries/Win64/UnrealEditor.modules" 943
"../../../Engine/Plugins/Experimental/EditorDataStorageFeatures/Binaries/Win64/UnrealEditor.modules" 944
"../../../Engine/Plugins/CmdLinkServer/Binaries/Win64/UnrealEditor.modules" 945
"../../../Engine/Plugins/Fab/Binaries/Win64/UnrealEditor.modules" 946
"../../../Engine/Plugins/Interchange/Runtime/Binaries/Win64/UnrealEditor.modules" 947
"../../../Engine/Plugins/Online/EOSShared/Binaries/Win64/UnrealEditor.modules" 948
"../../../Engine/Plugins/Enterprise/VariantManagerContent/Binaries/Win64/UnrealEditor.modules" 949
"../../../Engine/Plugins/Enterprise/VariantManager/Binaries/Win64/UnrealEditor.modules" 950
"../../../Engine/Plugins/Interchange/Assets/Binaries/Win64/UnrealEditor.modules" 951
"../../../Engine/Plugins/FastBuildController/Binaries/Win64/UnrealEditor.modules" 952
"../../../Engine/Plugins/IoStoreInsights/Binaries/Win64/UnrealEditor.modules" 953
"../../../Engine/Plugins/MassInsights/Binaries/Win64/UnrealEditor.modules" 954
"../../../Engine/Plugins/MeshPainting/Binaries/Win64/UnrealEditor.modules" 955
"../../../Engine/Plugins/Interchange/Editor/Binaries/Win64/UnrealEditor.modules" 956
"../../../Engine/Plugins/RenderGraphInsights/Binaries/Win64/UnrealEditor.modules" 957
"../../../Engine/Plugins/TraceUtilities/Binaries/Win64/UnrealEditor.modules" 958
"../../../Engine/Plugins/UbaController/Binaries/Win64/UnrealEditor.modules" 959
"../../../Engine/Plugins/WorldMetrics/Binaries/Win64/UnrealEditor.modules" 960
"../../../Engine/Plugins/XGEController/Binaries/Win64/UnrealEditor.modules" 961
"../../../Engine/Plugins/Developer/AnimationSharing/Binaries/Win64/UnrealEditor.modules" 962
"../../../Engine/Plugins/Runtime/SignificanceManager/Binaries/Win64/UnrealEditor.modules" 963
"../../../Engine/Plugins/Developer/CLionSourceCodeAccess/Binaries/Win64/UnrealEditor.modules" 964
"../../../Engine/Plugins/Developer/DumpGPUServices/Binaries/Win64/UnrealEditor.modules" 965
"../../../Engine/Plugins/Developer/GitSourceControl/Binaries/Win64/UnrealEditor.modules" 966
"../../../Engine/Plugins/Developer/N10XSourceCodeAccess/Binaries/Win64/UnrealEditor.modules" 967
"../../../Engine/Plugins/Developer/PixWinPlugin/Binaries/Win64/UnrealEditor.modules" 968
"../../../Engine/Plugins/Developer/PluginUtils/Binaries/Win64/UnrealEditor.modules" 969
"../../../Engine/Plugins/Developer/ProjectLauncher/Binaries/Win64/UnrealEditor.modules" 970
"../../../Engine/Plugins/Developer/PropertyAccessNode/Binaries/Win64/UnrealEditor.modules" 971
"../../../Engine/Plugins/Runtime/PropertyAccess/Binaries/Win64/UnrealEditor.modules" 972
"../../../Engine/Plugins/Developer/RenderDocPlugin/Binaries/Win64/UnrealEditor.modules" 973
"../../../Engine/Plugins/Developer/VisualStudioCodeSourceCodeAccess/Binaries/Win64/UnrealEditor.modules" 974
"../../../Engine/Plugins/Developer/VisualStudioSourceCodeAccess/Binaries/Win64/UnrealEditor.modules" 975
"../../../Engine/Plugins/Media/ImgMedia/Binaries/Win64/UnrealEditor.modules" 976
"../../../Engine/Plugins/Media/MediaPlayerEditor/Binaries/Win64/UnrealEditor.modules" 977
"../../../Engine/Plugins/Media/MediaCompositing/Binaries/Win64/UnrealEditor.modules" 978
"../../../Engine/Plugins/Media/MediaPlate/Binaries/Win64/UnrealEditor.modules" 979
"../../../Engine/Plugins/Experimental/Compositing/CompositeCore/Binaries/Win64/UnrealEditor.modules" 980
"../../../Engine/Plugins/Media/WmfMedia/Binaries/Win64/UnrealEditor.modules" 981
"../../../Engine/Plugins/Portal/LauncherChunkInstaller/Binaries/Win64/UnrealEditor.modules" 982
"../../../Engine/Plugins/Experimental/AdvancedRenamer/Binaries/Win64/UnrealEditor.modules" 983
"../../../Engine/Plugins/Experimental/AutomationUtils/Binaries/Win64/UnrealEditor.modules" 984
"../../../Engine/Plugins/Experimental/BackChannel/Binaries/Win64/UnrealEditor.modules" 985
"../../../Engine/Plugins/Experimental/ChaosEditor/Binaries/Win64/UnrealEditor.modules" 986
"../../../Engine/Plugins/Experimental/GeometryCollectionPlugin/Binaries/Win64/UnrealEditor.modules" 987
"../../../Engine/Plugins/Experimental/Fracture/Binaries/Win64/UnrealEditor.modules" 988
"../../../Engine/Plugins/Runtime/ProceduralMeshComponent/Binaries/Win64/UnrealEditor.modules" 989
"../../../Engine/Plugins/Experimental/ChaosSolverPlugin/Binaries/Win64/UnrealEditor.modules" 990
"../../../Engine/Plugins/Experimental/Dataflow/Binaries/Win64/UnrealEditor.modules" 991
"../../../Engine/Plugins/Experimental/GeometryDataflow/Binaries/Win64/UnrealEditor.modules" 992
"../../../Engine/Plugins/Experimental/CharacterFXEditor/BaseCharacterFXEditor/Binaries/Win64/UnrealEditor.modules" 993
"../../../Engine/Plugins/Experimental/ChaosNiagara/Binaries/Win64/UnrealEditor.modules" 994
"../../../Engine/Plugins/Experimental/ChaosUserDataPT/Binaries/Win64/UnrealEditor.modules" 995
"../../../Engine/Plugins/Experimental/CharacterAI/Binaries/Win64/UnrealEditor.modules" 996
"../../../Engine/Plugins/Experimental/EditorPerformance/Binaries/Win64/UnrealEditor.modules" 997
"../../../Engine/Plugins/Experimental/EditorTelemetry/Binaries/Win64/UnrealEditor.modules" 998
"../../../Engine/Plugins/Experimental/LevelSequenceNavigatorBridge/Binaries/Win64/UnrealEditor.modules" 999
"../../../Engine/Plugins/Experimental/SequenceNavigator/Binaries/Win64/UnrealEditor.modules" 1000
"../../../Engine/Plugins/Experimental/LocalizableMessage/Binaries/Win64/UnrealEditor.modules" 1001
"../../../Engine/Plugins/Experimental/PlatformCrypto/Binaries/Win64/UnrealEditor.modules" 1002
"../../../Engine/Plugins/Experimental/RuntimeTelemetry/Binaries/Win64/UnrealEditor.modules" 1003
"../../../Engine/Plugins/Experimental/SkeletalReduction/Binaries/Win64/UnrealEditor.modules" 1004
"../../../Engine/Plugins/MovieScene/ActorSequence/Binaries/Win64/UnrealEditor.modules" 1005
"../../../Engine/Plugins/Runtime/ActorLayerUtilities/Binaries/Win64/UnrealEditor.modules" 1006
"../../../Engine/Plugins/Tests/InterchangeTests/Binaries/Win64/UnrealEditor.modules" 1007
"../../../Engine/Plugins/Runtime/AssetTags/Binaries/Win64/UnrealEditor.modules" 1008
"../../../Engine/Plugins/Runtime/CableComponent/Binaries/Win64/UnrealEditor.modules" 1009
"../../../Engine/Plugins/Runtime/CustomMeshComponent/Binaries/Win64/UnrealEditor.modules" 1010
"../../../Engine/Plugins/Runtime/InputDebugging/Binaries/Win64/UnrealEditor.modules" 1011
"../../../Engine/Plugins/Runtime/LocationServicesBPLibrary/Binaries/Win64/UnrealEditor.modules" 1012
"../../../Engine/Plugins/Runtime/MobilePatchingUtils/Binaries/Win64/UnrealEditor.modules" 1013
"../../../Engine/Plugins/Runtime/MsQuic/Binaries/Win64/UnrealEditor.modules" 1014
"../../../Engine/Plugins/Runtime/ResonanceAudio/Binaries/Win64/UnrealEditor.modules" 1015
"../../../Engine/Plugins/Runtime/RigVM/Binaries/Win64/UnrealEditor.modules" 1016
"../../../Engine/Plugins/Runtime/SoundFields/Binaries/Win64/UnrealEditor.modules" 1017
"../../../Engine/Plugins/Runtime/Synthesis/Binaries/Win64/UnrealEditor.modules" 1018
"../../../Engine/Plugins/Runtime/WindowsDeviceProfileSelector/Binaries/Win64/UnrealEditor.modules" 1019
"../../../Engine/Plugins/Runtime/WindowsMoviePlayer/Binaries/Win64/UnrealEditor.modules" 1020
"../../../Engine/Plugins/2D/Paper2D/Binaries/Win64/UnrealEditor.modules" 1021
"../../../Engine/Plugins/AI/AISupport/Binaries/Win64/UnrealEditor.modules" 1022
"../../../Engine/Plugins/AI/EnvironmentQueryEditor/Binaries/Win64/UnrealEditor.modules" 1023
"../../../Engine/Plugins/Animation/ACLPlugin/Binaries/Win64/UnrealEditor.modules" 1024
"../../../Engine/Plugins/Animation/AnimationData/Binaries/Win64/UnrealEditor.modules" 1025
"../../../Engine/Plugins/Animation/ControlRig/Binaries/Win64/UnrealEditor.modules" 1026
"../../../Engine/Plugins/Animation/TweeningUtils/Binaries/Win64/UnrealEditor.modules" 1027
"../../../Engine/Plugins/Animation/AnimationModifierLibrary/Binaries/Win64/UnrealEditor.modules" 1028
"../../../Engine/Plugins/Animation/BlendSpaceMotionAnalysis/Binaries/Win64/UnrealEditor.modules" 1029
"../../../Engine/Plugins/Animation/ControlRigSpline/Binaries/Win64/UnrealEditor.modules" 1030
"../../../Engine/Plugins/Animation/IKRig/Binaries/Win64/UnrealEditor.modules" 1031
"../../../Engine/Plugins/Experimental/FullBodyIK/Binaries/Win64/UnrealEditor.modules" 1032
"../../../Engine/Plugins/Cameras/CameraShakePreviewer/Binaries/Win64/UnrealEditor.modules" 1033
"../../../Engine/Plugins/Cameras/GameplayCameras/Binaries/Win64/UnrealEditor.modules" 1034
"../../../Engine/Plugins/VirtualProduction/CameraCalibrationCore/Binaries/Win64/UnrealEditor.modules" 1035
"../../../Engine/Plugins/Runtime/StateTree/Binaries/Win64/UnrealEditor.modules" 1036
"../../../Engine/Plugins/MovieScene/TemplateSequence/Binaries/Win64/UnrealEditor.modules" 1037
"../../../Engine/Plugins/Animation/GameplayInsights/Binaries/Win64/UnrealEditor.modules" 1038
"../../../Engine/Plugins/Runtime/PropertyBindingUtils/Binaries/Win64/UnrealEditor.modules" 1039
"../../../Engine/Plugins/Cameras/EngineCameras/Binaries/Win64/UnrealEditor.modules" 1040
"../../../Engine/Plugins/Editor/AssetManagerEditor/Binaries/Win64/UnrealEditor.modules" 1041
"../../../Engine/Plugins/Animation/SkeletalMeshModelingTools/Binaries/Win64/UnrealEditor.modules" 1042
"../../../Engine/Plugins/Editor/BlueprintHeaderView/Binaries/Win64/UnrealEditor.modules" 1043
"../../../Engine/Plugins/Editor/ChangelistReview/Binaries/Win64/UnrealEditor.modules" 1044
"../../../Engine/Plugins/Editor/ColorGrading/Binaries/Win64/UnrealEditor.modules" 1045
"../../../Engine/Plugins/Editor/ObjectMixer/ObjectMixer/Binaries/Win64/UnrealEditor.modules" 1046
"../../../Engine/Plugins/Editor/CurveEditorTools/Binaries/Win64/UnrealEditor.modules" 1047
"../../../Engine/Plugins/Editor/CryptoKeys/Binaries/Win64/UnrealEditor.modules" 1048
"../../../Engine/Plugins/Editor/EditorDebugTools/Binaries/Win64/UnrealEditor.modules" 1049
"../../../Engine/Plugins/Editor/FacialAnimation/Binaries/Win64/UnrealEditor.modules" 1050
"../../../Engine/Plugins/Editor/GameplayTagsEditor/Binaries/Win64/UnrealEditor.modules" 1051
"../../../Engine/Plugins/Editor/GeometryMode/Binaries/Win64/UnrealEditor.modules" 1052
"../../../Engine/Plugins/Editor/MaterialAnalyzer/Binaries/Win64/UnrealEditor.modules" 1053
"../../../Engine/Plugins/Editor/MobileLauncherProfileWizard/Binaries/Win64/UnrealEditor.modules" 1054
"../../../Engine/Plugins/Editor/PluginBrowser/Binaries/Win64/UnrealEditor.modules" 1055
"../../../Engine/Plugins/Editor/SequencerAnimTools/Binaries/Win64/UnrealEditor.modules" 1056
"../../../Engine/Plugins/Enterprise/DatasmithContent/Binaries/Win64/UnrealEditor.modules" 1057
"../../../Engine/Plugins/Editor/UMGWidgetPreview/Binaries/Win64/UnrealEditor.modules" 1058
"../../../Engine/Plugins/Editor/WorldPartitionHLODUtilities/Binaries/Win64/UnrealEditor.modules" 1059
"../../../Engine/Plugins/Editor/UVEditor/Binaries/Win64/UnrealEditor.modules" 1060
"../../../Engine/Plugins/FX/Cascade/Binaries/Win64/UnrealEditor.modules" 1061
"../../../Engine/Plugins/FX/NiagaraSimCaching/Binaries/Win64/UnrealEditor.modules" 1062
"../../../Engine/Plugins/Editor/Localization/PortableObjectFileDataSource/Binaries/Win64/UnrealEditor.modules" 1063
"../../../Engine/Plugins/Editor/ContentBrowser/ContentBrowserClassDataSource/Binaries/Win64/UnrealEditor.modules" 1064
"../../../Engine/Plugins/Runtime/Windows/XInputDevice/Binaries/Win64/UnrealEditor.modules" 1065
"../../../Engine/Plugins/Editor/ObjectMixer/LightMixer/Binaries/Win64/UnrealEditor.modules" 1066
"../../../Engine/Config/ConsoleVariables.ini" 1067
"../../../Engine/Binaries/Win64/Android/UnrealEditor.modules" 1068
"../../../Engine/Binaries/Win64/IOS/UnrealEditor.modules" 1069
"../../../Engine/Binaries/Win64/Linux/UnrealEditor.modules" 1070
"../../../Engine/Content/Localization/Editor/en/Editor.locres" 1071
"../../../Engine/Content/Localization/EditorTutorials/en/EditorTutorials.locres" 1072
"../../../Engine/Content/Localization/Keywords/en/Keywords.locres" 1073
"../../../Engine/Content/Localization/Category/en/Category.locres" 1074
"../../../Engine/Content/Localization/ToolTips/en/ToolTips.locres" 1075
"../../../Engine/Content/Localization/PropertyNames/en/PropertyNames.locres" 1076
"../../../Engine/Content/Localization/Engine/en/Engine.locres" 1077
"../../../Engine/Content/Internationalization/icudt64l/en_NZ.res" 1078
"../../../Engine/Content/Internationalization/icudt64l/en_001.res" 1079
"../../../Engine/Content/Internationalization/icudt64l/numberingSystems.res" 1080
"../../../Engine/Content/Internationalization/icudt64l/curr/supplementalData.res" 1081
"../../../Engine/Content/Internationalization/icudt64l/curr/en_NZ.res" 1082
"../../../Engine/Content/Internationalization/icudt64l/curr/pool.res" 1083
"../../../Engine/Content/Internationalization/icudt64l/curr/en_001.res" 1084
"../../../Engine/Content/Internationalization/icudt64l/curr/en.res" 1085
"../../../Engine/Content/Internationalization/icudt64l/curr/root.res" 1086
"../../../Engine/Content/Internationalization/icudt64l/lang/af.res" 1087
"../../../Engine/Content/Internationalization/icudt64l/region/af.res" 1088
"../../../Engine/Content/Internationalization/icudt64l/lang/agq.res" 1089
"../../../Engine/Content/Internationalization/icudt64l/region/agq.res" 1090
"../../../Engine/Content/Internationalization/icudt64l/lang/ak.res" 1091
"../../../Engine/Content/Internationalization/icudt64l/region/ak.res" 1092
"../../../Engine/Content/Internationalization/icudt64l/lang/am.res" 1093
"../../../Engine/Content/Internationalization/icudt64l/region/am.res" 1094
"../../../Engine/Content/Internationalization/icudt64l/lang/ar.res" 1095
"../../../Engine/Content/Internationalization/icudt64l/region/ar.res" 1096
"../../../Engine/Content/Internationalization/icudt64l/region/ar_AE.res" 1097
"../../../Engine/Content/Internationalization/icudt64l/lang/ar_EG.res" 1098
"../../../Engine/Content/Internationalization/icudt64l/lang/ar_LY.res" 1099
"../../../Engine/Content/Internationalization/icudt64l/region/ar_LY.res" 1100
"../../../Engine/Content/Internationalization/icudt64l/lang/ar_SA.res" 1101
"../../../Engine/Content/Internationalization/icudt64l/region/ar_SA.res" 1102
"../../../Engine/Content/Internationalization/icudt64l/lang/as.res" 1103
"../../../Engine/Content/Internationalization/icudt64l/region/as.res" 1104
"../../../Engine/Content/Internationalization/icudt64l/lang/asa.res" 1105
"../../../Engine/Content/Internationalization/icudt64l/region/asa.res" 1106
"../../../Engine/Content/Internationalization/icudt64l/lang/ast.res" 1107
"../../../Engine/Content/Internationalization/icudt64l/region/ast.res" 1108
"../../../Engine/Content/Internationalization/icudt64l/lang/az.res" 1109
"../../../Engine/Content/Internationalization/icudt64l/lang/az_Cyrl.res" 1110
"../../../Engine/Content/Internationalization/icudt64l/lang/az_AZ.res" 1111
"../../../Engine/Content/Internationalization/icudt64l/lang/az_Latn_AZ.res" 1112
"../../../Engine/Content/Internationalization/icudt64l/lang/az_Latn.res" 1113
"../../../Engine/Content/Internationalization/icudt64l/region/az_AZ.res" 1114
"../../../Engine/Content/Internationalization/icudt64l/region/az_Latn_AZ.res" 1115
"../../../Engine/Content/Internationalization/icudt64l/region/az_Latn.res" 1116
"../../../Engine/Content/Internationalization/icudt64l/region/az.res" 1117
"../../../Engine/Content/Internationalization/icudt64l/region/az_Cyrl.res" 1118
"../../../Engine/Content/Internationalization/icudt64l/lang/bas.res" 1119
"../../../Engine/Content/Internationalization/icudt64l/region/bas.res" 1120
"../../../Engine/Content/Internationalization/icudt64l/lang/be.res" 1121
"../../../Engine/Content/Internationalization/icudt64l/region/be.res" 1122
"../../../Engine/Content/Internationalization/icudt64l/lang/bem.res" 1123
"../../../Engine/Content/Internationalization/icudt64l/region/bem.res" 1124
"../../../Engine/Content/Internationalization/icudt64l/lang/bez.res" 1125
"../../../Engine/Content/Internationalization/icudt64l/region/bez.res" 1126
"../../../Engine/Content/Internationalization/icudt64l/lang/bg.res" 1127
"../../../Engine/Content/Internationalization/icudt64l/region/bg.res" 1128
"../../../Engine/Content/Internationalization/icudt64l/lang/bm.res" 1129
"../../../Engine/Content/Internationalization/icudt64l/region/bm.res" 1130
"../../../Engine/Content/Internationalization/icudt64l/lang/bn.res" 1131
"../../../Engine/Content/Internationalization/icudt64l/region/bn.res" 1132
"../../../Engine/Content/Internationalization/icudt64l/lang/bn_IN.res" 1133
"../../../Engine/Content/Internationalization/icudt64l/region/bn_IN.res" 1134
"../../../Engine/Content/Internationalization/icudt64l/lang/bo.res" 1135
"../../../Engine/Content/Internationalization/icudt64l/region/bo.res" 1136
"../../../Engine/Content/Internationalization/icudt64l/region/bo_IN.res" 1137
"../../../Engine/Content/Internationalization/icudt64l/lang/br.res" 1138
"../../../Engine/Content/Internationalization/icudt64l/region/br.res" 1139
"../../../Engine/Content/Internationalization/icudt64l/lang/brx.res" 1140
"../../../Engine/Content/Internationalization/icudt64l/region/brx.res" 1141
"../../../Engine/Content/Internationalization/icudt64l/lang/bs.res" 1142
"../../../Engine/Content/Internationalization/icudt64l/lang/bs_Cyrl.res" 1143
"../../../Engine/Content/Internationalization/icudt64l/lang/bs_BA.res" 1144
"../../../Engine/Content/Internationalization/icudt64l/lang/bs_Latn_BA.res" 1145
"../../../Engine/Content/Internationalization/icudt64l/lang/bs_Latn.res" 1146
"../../../Engine/Content/Internationalization/icudt64l/region/bs_BA.res" 1147
"../../../Engine/Content/Internationalization/icudt64l/region/bs_Latn_BA.res" 1148
"../../../Engine/Content/Internationalization/icudt64l/region/bs_Latn.res" 1149
"../../../Engine/Content/Internationalization/icudt64l/region/bs.res" 1150
"../../../Engine/Content/Internationalization/icudt64l/region/bs_Cyrl.res" 1151
"../../../Engine/Content/Internationalization/icudt64l/lang/ca.res" 1152
"../../../Engine/Content/Internationalization/icudt64l/region/ca.res" 1153
"../../../Engine/Content/Internationalization/icudt64l/lang/ccp.res" 1154
"../../../Engine/Content/Internationalization/icudt64l/region/ccp.res" 1155
"../../../Engine/Content/Internationalization/icudt64l/lang/ce.res" 1156
"../../../Engine/Content/Internationalization/icudt64l/region/ce.res" 1157
"../../../Engine/Content/Internationalization/icudt64l/lang/ceb.res" 1158
"../../../Engine/Content/Internationalization/icudt64l/region/ceb.res" 1159
"../../../Engine/Content/Internationalization/icudt64l/lang/cgg.res" 1160
"../../../Engine/Content/Internationalization/icudt64l/region/cgg.res" 1161
"../../../Engine/Content/Internationalization/icudt64l/lang/chr.res" 1162
"../../../Engine/Content/Internationalization/icudt64l/region/chr.res" 1163
"../../../Engine/Content/Internationalization/icudt64l/lang/ckb.res" 1164
"../../../Engine/Content/Internationalization/icudt64l/region/ckb.res" 1165
"../../../Engine/Content/Internationalization/icudt64l/lang/cs.res" 1166
"../../../Engine/Content/Internationalization/icudt64l/region/cs.res" 1167
"../../../Engine/Content/Internationalization/icudt64l/lang/cy.res" 1168
"../../../Engine/Content/Internationalization/icudt64l/region/cy.res" 1169
"../../../Engine/Content/Internationalization/icudt64l/lang/da.res" 1170
"../../../Engine/Content/Internationalization/icudt64l/region/da.res" 1171
"../../../Engine/Content/Internationalization/icudt64l/lang/dav.res" 1172
"../../../Engine/Content/Internationalization/icudt64l/region/dav.res" 1173
"../../../Engine/Content/Internationalization/icudt64l/lang/de.res" 1174
"../../../Engine/Content/Internationalization/icudt64l/lang/de_AT.res" 1175
"../../../Engine/Content/Internationalization/icudt64l/region/de_AT.res" 1176
"../../../Engine/Content/Internationalization/icudt64l/region/de.res" 1177
"../../../Engine/Content/Internationalization/icudt64l/lang/de_CH.res" 1178
"../../../Engine/Content/Internationalization/icudt64l/region/de_CH.res" 1179
"../../../Engine/Content/Internationalization/icudt64l/lang/de_LU.res" 1180
"../../../Engine/Content/Internationalization/icudt64l/lang/dje.res" 1181
"../../../Engine/Content/Internationalization/icudt64l/region/dje.res" 1182
"../../../Engine/Content/Internationalization/icudt64l/lang/dsb.res" 1183
"../../../Engine/Content/Internationalization/icudt64l/region/dsb.res" 1184
"../../../Engine/Content/Internationalization/icudt64l/lang/dua.res" 1185
"../../../Engine/Content/Internationalization/icudt64l/region/dua.res" 1186
"../../../Engine/Content/Internationalization/icudt64l/lang/dyo.res" 1187
"../../../Engine/Content/Internationalization/icudt64l/region/dyo.res" 1188
"../../../Engine/Content/Internationalization/icudt64l/lang/dz.res" 1189
"../../../Engine/Content/Internationalization/icudt64l/region/dz.res" 1190
"../../../Engine/Content/Internationalization/icudt64l/lang/ebu.res" 1191
"../../../Engine/Content/Internationalization/icudt64l/region/ebu.res" 1192
"../../../Engine/Content/Internationalization/icudt64l/lang/ee.res" 1193
"../../../Engine/Content/Internationalization/icudt64l/region/ee.res" 1194
"../../../Engine/Content/Internationalization/icudt64l/lang/el.res" 1195
"../../../Engine/Content/Internationalization/icudt64l/region/el.res" 1196
"../../../Engine/Content/Internationalization/icudt64l/lang/en_150.res" 1197
"../../../Engine/Content/Internationalization/icudt64l/region/en_150.res" 1198
"../../../Engine/Content/Internationalization/icudt64l/lang/en_AG.res" 1199
"../../../Engine/Content/Internationalization/icudt64l/region/en_AG.res" 1200
"../../../Engine/Content/Internationalization/icudt64l/lang/en_AI.res" 1201
"../../../Engine/Content/Internationalization/icudt64l/region/en_AI.res" 1202
"../../../Engine/Content/Internationalization/icudt64l/lang/en_AT.res" 1203
"../../../Engine/Content/Internationalization/icudt64l/region/en_AT.res" 1204
"../../../Engine/Content/Internationalization/icudt64l/lang/en_AU.res" 1205
"../../../Engine/Content/Internationalization/icudt64l/region/en_AU.res" 1206
"../../../Engine/Content/Internationalization/icudt64l/lang/en_BB.res" 1207
"../../../Engine/Content/Internationalization/icudt64l/region/en_BB.res" 1208
"../../../Engine/Content/Internationalization/icudt64l/lang/en_BE.res" 1209
"../../../Engine/Content/Internationalization/icudt64l/region/en_BE.res" 1210
"../../../Engine/Content/Internationalization/icudt64l/lang/en_BM.res" 1211
"../../../Engine/Content/Internationalization/icudt64l/region/en_BM.res" 1212
"../../../Engine/Content/Internationalization/icudt64l/lang/en_BS.res" 1213
"../../../Engine/Content/Internationalization/icudt64l/region/en_BS.res" 1214
"../../../Engine/Content/Internationalization/icudt64l/lang/en_BW.res" 1215
"../../../Engine/Content/Internationalization/icudt64l/region/en_BW.res" 1216
"../../../Engine/Content/Internationalization/icudt64l/lang/en_BZ.res" 1217
"../../../Engine/Content/Internationalization/icudt64l/region/en_BZ.res" 1218
"../../../Engine/Content/Internationalization/icudt64l/lang/en_CA.res" 1219
"../../../Engine/Content/Internationalization/icudt64l/region/en_CA.res" 1220
"../../../Engine/Content/Internationalization/icudt64l/lang/en_CC.res" 1221
"../../../Engine/Content/Internationalization/icudt64l/region/en_CC.res" 1222
"../../../Engine/Content/Internationalization/icudt64l/lang/en_CH.res" 1223
"../../../Engine/Content/Internationalization/icudt64l/region/en_CH.res" 1224
"../../../Engine/Content/Internationalization/icudt64l/lang/en_CK.res" 1225
"../../../Engine/Content/Internationalization/icudt64l/region/en_CK.res" 1226
"../../../Engine/Content/Internationalization/icudt64l/lang/en_CM.res" 1227
"../../../Engine/Content/Internationalization/icudt64l/region/en_CM.res" 1228
"../../../Engine/Content/Internationalization/icudt64l/lang/en_CX.res" 1229
"../../../Engine/Content/Internationalization/icudt64l/region/en_CX.res" 1230
"../../../Engine/Content/Internationalization/icudt64l/lang/en_CY.res" 1231
"../../../Engine/Content/Internationalization/icudt64l/region/en_CY.res" 1232
"../../../Engine/Content/Internationalization/icudt64l/lang/en_DE.res" 1233
"../../../Engine/Content/Internationalization/icudt64l/region/en_DE.res" 1234
"../../../Engine/Content/Internationalization/icudt64l/lang/en_DG.res" 1235
"../../../Engine/Content/Internationalization/icudt64l/region/en_DG.res" 1236
"../../../Engine/Content/Internationalization/icudt64l/lang/en_DK.res" 1237
"../../../Engine/Content/Internationalization/icudt64l/region/en_DK.res" 1238
"../../../Engine/Content/Internationalization/icudt64l/lang/en_DM.res" 1239
"../../../Engine/Content/Internationalization/icudt64l/region/en_DM.res" 1240
"../../../Engine/Content/Internationalization/icudt64l/lang/en_ER.res" 1241
"../../../Engine/Content/Internationalization/icudt64l/region/en_ER.res" 1242
"../../../Engine/Content/Internationalization/icudt64l/lang/en_FI.res" 1243
"../../../Engine/Content/Internationalization/icudt64l/region/en_FI.res" 1244
"../../../Engine/Content/Internationalization/icudt64l/lang/en_FJ.res" 1245
"../../../Engine/Content/Internationalization/icudt64l/region/en_FJ.res" 1246
"../../../Engine/Content/Internationalization/icudt64l/lang/en_FK.res" 1247
"../../../Engine/Content/Internationalization/icudt64l/region/en_FK.res" 1248
"../../../Engine/Content/Internationalization/icudt64l/lang/en_FM.res" 1249
"../../../Engine/Content/Internationalization/icudt64l/region/en_FM.res" 1250
"../../../Engine/Content/Internationalization/icudt64l/lang/en_GB.res" 1251
"../../../Engine/Content/Internationalization/icudt64l/region/en_GB.res" 1252
"../../../Engine/Content/Internationalization/icudt64l/lang/en_GD.res" 1253
"../../../Engine/Content/Internationalization/icudt64l/region/en_GD.res" 1254
"../../../Engine/Content/Internationalization/icudt64l/lang/en_GG.res" 1255
"../../../Engine/Content/Internationalization/icudt64l/region/en_GG.res" 1256
"../../../Engine/Content/Internationalization/icudt64l/lang/en_GH.res" 1257
"../../../Engine/Content/Internationalization/icudt64l/region/en_GH.res" 1258
"../../../Engine/Content/Internationalization/icudt64l/lang/en_GI.res" 1259
"../../../Engine/Content/Internationalization/icudt64l/region/en_GI.res" 1260
"../../../Engine/Content/Internationalization/icudt64l/lang/en_GM.res" 1261
"../../../Engine/Content/Internationalization/icudt64l/region/en_GM.res" 1262
"../../../Engine/Content/Internationalization/icudt64l/lang/en_GY.res" 1263
"../../../Engine/Content/Internationalization/icudt64l/region/en_GY.res" 1264
"../../../Engine/Content/Internationalization/icudt64l/lang/en_HK.res" 1265
"../../../Engine/Content/Internationalization/icudt64l/region/en_HK.res" 1266
"../../../Engine/Content/Internationalization/icudt64l/lang/en_IE.res" 1267
"../../../Engine/Content/Internationalization/icudt64l/region/en_IE.res" 1268
"../../../Engine/Content/Internationalization/icudt64l/lang/en_IL.res" 1269
"../../../Engine/Content/Internationalization/icudt64l/region/en_IL.res" 1270
"../../../Engine/Content/Internationalization/icudt64l/lang/en_IM.res" 1271
"../../../Engine/Content/Internationalization/icudt64l/region/en_IM.res" 1272
"../../../Engine/Content/Internationalization/icudt64l/lang/en_IN.res" 1273
"../../../Engine/Content/Internationalization/icudt64l/region/en_IN.res" 1274
"../../../Engine/Content/Internationalization/icudt64l/lang/en_IO.res" 1275
"../../../Engine/Content/Internationalization/icudt64l/region/en_IO.res" 1276
"../../../Engine/Content/Internationalization/icudt64l/lang/en_JE.res" 1277
"../../../Engine/Content/Internationalization/icudt64l/region/en_JE.res" 1278
"../../../Engine/Content/Internationalization/icudt64l/lang/en_JM.res" 1279
"../../../Engine/Content/Internationalization/icudt64l/region/en_JM.res" 1280
"../../../Engine/Content/Internationalization/icudt64l/lang/en_KE.res" 1281
"../../../Engine/Content/Internationalization/icudt64l/region/en_KE.res" 1282
"../../../Engine/Content/Internationalization/icudt64l/lang/en_KI.res" 1283
"../../../Engine/Content/Internationalization/icudt64l/region/en_KI.res" 1284
"../../../Engine/Content/Internationalization/icudt64l/lang/en_KN.res" 1285
"../../../Engine/Content/Internationalization/icudt64l/region/en_KN.res" 1286
"../../../Engine/Content/Internationalization/icudt64l/lang/en_KY.res" 1287
"../../../Engine/Content/Internationalization/icudt64l/region/en_KY.res" 1288
"../../../Engine/Content/Internationalization/icudt64l/lang/en_LC.res" 1289
"../../../Engine/Content/Internationalization/icudt64l/region/en_LC.res" 1290
"../../../Engine/Content/Internationalization/icudt64l/lang/en_LR.res" 1291
"../../../Engine/Content/Internationalization/icudt64l/region/en_LR.res" 1292
"../../../Engine/Content/Internationalization/icudt64l/lang/en_LS.res" 1293
"../../../Engine/Content/Internationalization/icudt64l/region/en_LS.res" 1294
"../../../Engine/Content/Internationalization/icudt64l/lang/en_MG.res" 1295
"../../../Engine/Content/Internationalization/icudt64l/region/en_MG.res" 1296
"../../../Engine/Content/Internationalization/icudt64l/lang/en_MO.res" 1297
"../../../Engine/Content/Internationalization/icudt64l/region/en_MO.res" 1298
"../../../Engine/Content/Internationalization/icudt64l/lang/en_MS.res" 1299
"../../../Engine/Content/Internationalization/icudt64l/region/en_MS.res" 1300
"../../../Engine/Content/Internationalization/icudt64l/lang/en_MT.res" 1301
"../../../Engine/Content/Internationalization/icudt64l/region/en_MT.res" 1302
"../../../Engine/Content/Internationalization/icudt64l/lang/en_MU.res" 1303
"../../../Engine/Content/Internationalization/icudt64l/region/en_MU.res" 1304
"../../../Engine/Content/Internationalization/icudt64l/lang/en_MW.res" 1305
"../../../Engine/Content/Internationalization/icudt64l/region/en_MW.res" 1306
"../../../Engine/Content/Internationalization/icudt64l/lang/en_MY.res" 1307
"../../../Engine/Content/Internationalization/icudt64l/region/en_MY.res" 1308
"../../../Engine/Content/Internationalization/icudt64l/lang/en_NA.res" 1309
"../../../Engine/Content/Internationalization/icudt64l/region/en_NA.res" 1310
"../../../Engine/Content/Internationalization/icudt64l/lang/en_NF.res" 1311
"../../../Engine/Content/Internationalization/icudt64l/region/en_NF.res" 1312
"../../../Engine/Content/Internationalization/icudt64l/lang/en_NG.res" 1313
"../../../Engine/Content/Internationalization/icudt64l/region/en_NG.res" 1314
"../../../Engine/Content/Internationalization/icudt64l/lang/en_NL.res" 1315
"../../../Engine/Content/Internationalization/icudt64l/region/en_NL.res" 1316
"../../../Engine/Content/Internationalization/icudt64l/lang/en_NR.res" 1317
"../../../Engine/Content/Internationalization/icudt64l/region/en_NR.res" 1318
"../../../Engine/Content/Internationalization/icudt64l/lang/en_NU.res" 1319
"../../../Engine/Content/Internationalization/icudt64l/region/en_NU.res" 1320
"../../../Engine/Content/Internationalization/icudt64l/lang/en_PG.res" 1321
"../../../Engine/Content/Internationalization/icudt64l/region/en_PG.res" 1322
"../../../Engine/Content/Internationalization/icudt64l/lang/en_PH.res" 1323
"../../../Engine/Content/Internationalization/icudt64l/region/en_PH.res" 1324
"../../../Engine/Content/Internationalization/icudt64l/lang/en_PK.res" 1325
"../../../Engine/Content/Internationalization/icudt64l/region/en_PK.res" 1326
"../../../Engine/Content/Internationalization/icudt64l/lang/en_PN.res" 1327
"../../../Engine/Content/Internationalization/icudt64l/region/en_PN.res" 1328
"../../../Engine/Content/Internationalization/icudt64l/lang/en_PW.res" 1329
"../../../Engine/Content/Internationalization/icudt64l/region/en_PW.res" 1330
"../../../Engine/Content/Internationalization/icudt64l/lang/en_RW.res" 1331
"../../../Engine/Content/Internationalization/icudt64l/region/en_RW.res" 1332
"../../../Engine/Content/Internationalization/icudt64l/lang/en_SB.res" 1333
"../../../Engine/Content/Internationalization/icudt64l/region/en_SB.res" 1334
"../../../Engine/Content/Internationalization/icudt64l/lang/en_SC.res" 1335
"../../../Engine/Content/Internationalization/icudt64l/region/en_SC.res" 1336
"../../../Engine/Content/Internationalization/icudt64l/lang/en_SD.res" 1337
"../../../Engine/Content/Internationalization/icudt64l/region/en_SD.res" 1338
"../../../Engine/Content/Internationalization/icudt64l/lang/en_SE.res" 1339
"../../../Engine/Content/Internationalization/icudt64l/region/en_SE.res" 1340
"../../../Engine/Content/Internationalization/icudt64l/lang/en_SG.res" 1341
"../../../Engine/Content/Internationalization/icudt64l/region/en_SG.res" 1342
"../../../Engine/Content/Internationalization/icudt64l/lang/en_SH.res" 1343
"../../../Engine/Content/Internationalization/icudt64l/region/en_SH.res" 1344
"../../../Engine/Content/Internationalization/icudt64l/lang/en_SI.res" 1345
"../../../Engine/Content/Internationalization/icudt64l/region/en_SI.res" 1346
"../../../Engine/Content/Internationalization/icudt64l/lang/en_SL.res" 1347
"../../../Engine/Content/Internationalization/icudt64l/region/en_SL.res" 1348
"../../../Engine/Content/Internationalization/icudt64l/lang/en_SS.res" 1349
"../../../Engine/Content/Internationalization/icudt64l/region/en_SS.res" 1350
"../../../Engine/Content/Internationalization/icudt64l/lang/en_SX.res" 1351
"../../../Engine/Content/Internationalization/icudt64l/region/en_SX.res" 1352
"../../../Engine/Content/Internationalization/icudt64l/lang/en_SZ.res" 1353
"../../../Engine/Content/Internationalization/icudt64l/region/en_SZ.res" 1354
"../../../Engine/Content/Internationalization/icudt64l/lang/en_TC.res" 1355
"../../../Engine/Content/Internationalization/icudt64l/region/en_TC.res" 1356
"../../../Engine/Content/Internationalization/icudt64l/lang/en_TK.res" 1357
"../../../Engine/Content/Internationalization/icudt64l/region/en_TK.res" 1358
"../../../Engine/Content/Internationalization/icudt64l/lang/en_TO.res" 1359
"../../../Engine/Content/Internationalization/icudt64l/region/en_TO.res" 1360
"../../../Engine/Content/Internationalization/icudt64l/lang/en_TT.res" 1361
"../../../Engine/Content/Internationalization/icudt64l/region/en_TT.res" 1362
"../../../Engine/Content/Internationalization/icudt64l/lang/en_TV.res" 1363
"../../../Engine/Content/Internationalization/icudt64l/region/en_TV.res" 1364
"../../../Engine/Content/Internationalization/icudt64l/lang/en_TZ.res" 1365
"../../../Engine/Content/Internationalization/icudt64l/region/en_TZ.res" 1366
"../../../Engine/Content/Internationalization/icudt64l/lang/en_UG.res" 1367
"../../../Engine/Content/Internationalization/icudt64l/region/en_UG.res" 1368
"../../../Engine/Content/Internationalization/icudt64l/lang/en_VC.res" 1369
"../../../Engine/Content/Internationalization/icudt64l/region/en_VC.res" 1370
"../../../Engine/Content/Internationalization/icudt64l/lang/en_VG.res" 1371
"../../../Engine/Content/Internationalization/icudt64l/region/en_VG.res" 1372
"../../../Engine/Content/Internationalization/icudt64l/lang/en_VU.res" 1373
"../../../Engine/Content/Internationalization/icudt64l/region/en_VU.res" 1374
"../../../Engine/Content/Internationalization/icudt64l/lang/en_WS.res" 1375
"../../../Engine/Content/Internationalization/icudt64l/region/en_WS.res" 1376
"../../../Engine/Content/Internationalization/icudt64l/lang/en_ZA.res" 1377
"../../../Engine/Content/Internationalization/icudt64l/region/en_ZA.res" 1378
"../../../Engine/Content/Internationalization/icudt64l/lang/en_ZM.res" 1379
"../../../Engine/Content/Internationalization/icudt64l/region/en_ZM.res" 1380
"../../../Engine/Content/Internationalization/icudt64l/lang/en_ZW.res" 1381
"../../../Engine/Content/Internationalization/icudt64l/region/en_ZW.res" 1382
"../../../Engine/Content/Internationalization/icudt64l/lang/eo.res" 1383
"../../../Engine/Content/Internationalization/icudt64l/region/eo.res" 1384
"../../../Engine/Content/Internationalization/icudt64l/lang/es.res" 1385
"../../../Engine/Content/Internationalization/icudt64l/lang/es_419.res" 1386
"../../../Engine/Content/Internationalization/icudt64l/region/es_419.res" 1387
"../../../Engine/Content/Internationalization/icudt64l/region/es.res" 1388
"../../../Engine/Content/Internationalization/icudt64l/lang/es_AR.res" 1389
"../../../Engine/Content/Internationalization/icudt64l/region/es_AR.res" 1390
"../../../Engine/Content/Internationalization/icudt64l/lang/es_BO.res" 1391
"../../../Engine/Content/Internationalization/icudt64l/region/es_BO.res" 1392
"../../../Engine/Content/Internationalization/icudt64l/lang/es_BR.res" 1393
"../../../Engine/Content/Internationalization/icudt64l/region/es_BR.res" 1394
"../../../Engine/Content/Internationalization/icudt64l/lang/es_BZ.res" 1395
"../../../Engine/Content/Internationalization/icudt64l/region/es_BZ.res" 1396
"../../../Engine/Content/Internationalization/icudt64l/lang/es_CL.res" 1397
"../../../Engine/Content/Internationalization/icudt64l/region/es_CL.res" 1398
"../../../Engine/Content/Internationalization/icudt64l/lang/es_CO.res" 1399
"../../../Engine/Content/Internationalization/icudt64l/region/es_CO.res" 1400
"../../../Engine/Content/Internationalization/icudt64l/lang/es_CR.res" 1401
"../../../Engine/Content/Internationalization/icudt64l/region/es_CR.res" 1402
"../../../Engine/Content/Internationalization/icudt64l/lang/es_CU.res" 1403
"../../../Engine/Content/Internationalization/icudt64l/region/es_CU.res" 1404
"../../../Engine/Content/Internationalization/icudt64l/lang/es_DO.res" 1405
"../../../Engine/Content/Internationalization/icudt64l/region/es_DO.res" 1406
"../../../Engine/Content/Internationalization/icudt64l/lang/es_EC.res" 1407
"../../../Engine/Content/Internationalization/icudt64l/region/es_EC.res" 1408
"../../../Engine/Content/Internationalization/icudt64l/lang/es_GT.res" 1409
"../../../Engine/Content/Internationalization/icudt64l/region/es_GT.res" 1410
"../../../Engine/Content/Internationalization/icudt64l/lang/es_HN.res" 1411
"../../../Engine/Content/Internationalization/icudt64l/region/es_HN.res" 1412
"../../../Engine/Content/Internationalization/icudt64l/lang/es_MX.res" 1413
"../../../Engine/Content/Internationalization/icudt64l/region/es_MX.res" 1414
"../../../Engine/Content/Internationalization/icudt64l/lang/es_NI.res" 1415
"../../../Engine/Content/Internationalization/icudt64l/region/es_NI.res" 1416
"../../../Engine/Content/Internationalization/icudt64l/lang/es_PA.res" 1417
"../../../Engine/Content/Internationalization/icudt64l/region/es_PA.res" 1418
"../../../Engine/Content/Internationalization/icudt64l/lang/es_PE.res" 1419
"../../../Engine/Content/Internationalization/icudt64l/region/es_PE.res" 1420
"../../../Engine/Content/Internationalization/icudt64l/lang/es_PR.res" 1421
"../../../Engine/Content/Internationalization/icudt64l/region/es_PR.res" 1422
"../../../Engine/Content/Internationalization/icudt64l/lang/es_PY.res" 1423
"../../../Engine/Content/Internationalization/icudt64l/region/es_PY.res" 1424
"../../../Engine/Content/Internationalization/icudt64l/lang/es_SV.res" 1425
"../../../Engine/Content/Internationalization/icudt64l/region/es_SV.res" 1426
"../../../Engine/Content/Internationalization/icudt64l/lang/es_US.res" 1427
"../../../Engine/Content/Internationalization/icudt64l/region/es_US.res" 1428
"../../../Engine/Content/Internationalization/icudt64l/lang/es_UY.res" 1429
"../../../Engine/Content/Internationalization/icudt64l/region/es_UY.res" 1430
"../../../Engine/Content/Internationalization/icudt64l/lang/es_VE.res" 1431
"../../../Engine/Content/Internationalization/icudt64l/region/es_VE.res" 1432
"../../../Engine/Content/Internationalization/icudt64l/lang/et.res" 1433
"../../../Engine/Content/Internationalization/icudt64l/region/et.res" 1434
"../../../Engine/Content/Internationalization/icudt64l/lang/eu.res" 1435
"../../../Engine/Content/Internationalization/icudt64l/region/eu.res" 1436
"../../../Engine/Content/Internationalization/icudt64l/lang/ewo.res" 1437
"../../../Engine/Content/Internationalization/icudt64l/region/ewo.res" 1438
"../../../Engine/Content/Internationalization/icudt64l/lang/fa.res" 1439
"../../../Engine/Content/Internationalization/icudt64l/lang/fa_AF.res" 1440
"../../../Engine/Content/Internationalization/icudt64l/region/fa_AF.res" 1441
"../../../Engine/Content/Internationalization/icudt64l/region/fa.res" 1442
"../../../Engine/Content/Internationalization/icudt64l/lang/ff.res" 1443
"../../../Engine/Content/Internationalization/icudt64l/lang/ff_Latn.res" 1444
"../../../Engine/Content/Internationalization/icudt64l/region/ff.res" 1445
"../../../Engine/Content/Internationalization/icudt64l/region/ff_Latn.res" 1446
"../../../Engine/Content/Internationalization/icudt64l/lang/ff_CM.res" 1447
"../../../Engine/Content/Internationalization/icudt64l/lang/ff_Latn_CM.res" 1448
"../../../Engine/Content/Internationalization/icudt64l/region/ff_CM.res" 1449
"../../../Engine/Content/Internationalization/icudt64l/region/ff_Latn_CM.res" 1450
"../../../Engine/Content/Internationalization/icudt64l/lang/ff_GN.res" 1451
"../../../Engine/Content/Internationalization/icudt64l/lang/ff_Latn_GN.res" 1452
"../../../Engine/Content/Internationalization/icudt64l/region/ff_GN.res" 1453
"../../../Engine/Content/Internationalization/icudt64l/region/ff_Latn_GN.res" 1454
"../../../Engine/Content/Internationalization/icudt64l/lang/ff_MR.res" 1455
"../../../Engine/Content/Internationalization/icudt64l/lang/ff_Latn_MR.res" 1456
"../../../Engine/Content/Internationalization/icudt64l/region/ff_MR.res" 1457
"../../../Engine/Content/Internationalization/icudt64l/region/ff_Latn_MR.res" 1458
"../../../Engine/Content/Internationalization/icudt64l/lang/ff_SN.res" 1459
"../../../Engine/Content/Internationalization/icudt64l/lang/ff_Latn_SN.res" 1460
"../../../Engine/Content/Internationalization/icudt64l/region/ff_SN.res" 1461
"../../../Engine/Content/Internationalization/icudt64l/region/ff_Latn_SN.res" 1462
"../../../Engine/Content/Internationalization/icudt64l/lang/fi.res" 1463
"../../../Engine/Content/Internationalization/icudt64l/region/fi.res" 1464
"../../../Engine/Content/Internationalization/icudt64l/lang/fil.res" 1465
"../../../Engine/Content/Internationalization/icudt64l/lang/fil_PH.res" 1466
"../../../Engine/Content/Internationalization/icudt64l/region/fil_PH.res" 1467
"../../../Engine/Content/Internationalization/icudt64l/region/fil.res" 1468
"../../../Engine/Content/Internationalization/icudt64l/lang/fo.res" 1469
"../../../Engine/Content/Internationalization/icudt64l/region/fo.res" 1470
"../../../Engine/Content/Internationalization/icudt64l/lang/fr.res" 1471
"../../../Engine/Content/Internationalization/icudt64l/lang/fr_BE.res" 1472
"../../../Engine/Content/Internationalization/icudt64l/region/fr_BE.res" 1473
"../../../Engine/Content/Internationalization/icudt64l/region/fr.res" 1474
"../../../Engine/Content/Internationalization/icudt64l/lang/fr_CA.res" 1475
"../../../Engine/Content/Internationalization/icudt64l/region/fr_CA.res" 1476
"../../../Engine/Content/Internationalization/icudt64l/lang/fr_CH.res" 1477
"../../../Engine/Content/Internationalization/icudt64l/lang/fur.res" 1478
"../../../Engine/Content/Internationalization/icudt64l/region/fur.res" 1479
"../../../Engine/Content/Internationalization/icudt64l/lang/fy.res" 1480
"../../../Engine/Content/Internationalization/icudt64l/region/fy.res" 1481
"../../../Engine/Content/Internationalization/icudt64l/lang/ga.res" 1482
"../../../Engine/Content/Internationalization/icudt64l/region/ga.res" 1483
"../../../Engine/Content/Internationalization/icudt64l/lang/gd.res" 1484
"../../../Engine/Content/Internationalization/icudt64l/region/gd.res" 1485
"../../../Engine/Content/Internationalization/icudt64l/lang/gl.res" 1486
"../../../Engine/Content/Internationalization/icudt64l/region/gl.res" 1487
"../../../Engine/Content/Internationalization/icudt64l/lang/gsw.res" 1488
"../../../Engine/Content/Internationalization/icudt64l/region/gsw.res" 1489
"../../../Engine/Content/Internationalization/icudt64l/lang/gu.res" 1490
"../../../Engine/Content/Internationalization/icudt64l/region/gu.res" 1491
"../../../Engine/Content/Internationalization/icudt64l/lang/guz.res" 1492
"../../../Engine/Content/Internationalization/icudt64l/region/guz.res" 1493
"../../../Engine/Content/Internationalization/icudt64l/lang/gv.res" 1494
"../../../Engine/Content/Internationalization/icudt64l/region/gv.res" 1495
"../../../Engine/Content/Internationalization/icudt64l/lang/ha.res" 1496
"../../../Engine/Content/Internationalization/icudt64l/region/ha.res" 1497
"../../../Engine/Content/Internationalization/icudt64l/lang/ha_NE.res" 1498
"../../../Engine/Content/Internationalization/icudt64l/region/ha_NE.res" 1499
"../../../Engine/Content/Internationalization/icudt64l/lang/haw.res" 1500
"../../../Engine/Content/Internationalization/icudt64l/region/haw.res" 1501
"../../../Engine/Content/Internationalization/icudt64l/lang/he.res" 1502
"../../../Engine/Content/Internationalization/icudt64l/lang/he_IL.res" 1503
"../../../Engine/Content/Internationalization/icudt64l/region/he_IL.res" 1504
"../../../Engine/Content/Internationalization/icudt64l/region/he.res" 1505
"../../../Engine/Content/Internationalization/icudt64l/lang/hi.res" 1506
"../../../Engine/Content/Internationalization/icudt64l/region/hi.res" 1507
"../../../Engine/Content/Internationalization/icudt64l/lang/hr.res" 1508
"../../../Engine/Content/Internationalization/icudt64l/region/hr.res" 1509
"../../../Engine/Content/Internationalization/icudt64l/lang/hsb.res" 1510
"../../../Engine/Content/Internationalization/icudt64l/region/hsb.res" 1511
"../../../Engine/Content/Internationalization/icudt64l/lang/hu.res" 1512
"../../../Engine/Content/Internationalization/icudt64l/region/hu.res" 1513
"../../../Engine/Content/Internationalization/icudt64l/lang/hy.res" 1514
"../../../Engine/Content/Internationalization/icudt64l/region/hy.res" 1515
"../../../Engine/Content/Internationalization/icudt64l/lang/ia.res" 1516
"../../../Engine/Content/Internationalization/icudt64l/region/ia.res" 1517
"../../../Engine/Content/Internationalization/icudt64l/lang/id.res" 1518
"../../../Engine/Content/Internationalization/icudt64l/lang/id_ID.res" 1519
"../../../Engine/Content/Internationalization/icudt64l/region/id_ID.res" 1520
"../../../Engine/Content/Internationalization/icudt64l/region/id.res" 1521
"../../../Engine/Content/Internationalization/icudt64l/lang/ig.res" 1522
"../../../Engine/Content/Internationalization/icudt64l/region/ig.res" 1523
"../../../Engine/Content/Internationalization/icudt64l/lang/ii.res" 1524
"../../../Engine/Content/Internationalization/icudt64l/region/ii.res" 1525
"../../../Engine/Content/Internationalization/icudt64l/lang/is.res" 1526
"../../../Engine/Content/Internationalization/icudt64l/region/is.res" 1527
"../../../Engine/Content/Internationalization/icudt64l/lang/it.res" 1528
"../../../Engine/Content/Internationalization/icudt64l/region/it.res" 1529
"../../../Engine/Content/Internationalization/icudt64l/lang/ja.res" 1530
"../../../Engine/Content/Internationalization/icudt64l/lang/ja_JP.res" 1531
"../../../Engine/Content/Internationalization/icudt64l/region/ja_JP.res" 1532
"../../../Engine/Content/Internationalization/icudt64l/region/ja.res" 1533
"../../../Engine/Content/Internationalization/icudt64l/lang/jgo.res" 1534
"../../../Engine/Content/Internationalization/icudt64l/region/jgo.res" 1535
"../../../Engine/Content/Internationalization/icudt64l/lang/jmc.res" 1536
"../../../Engine/Content/Internationalization/icudt64l/region/jmc.res" 1537
"../../../Engine/Content/Internationalization/icudt64l/lang/jv.res" 1538
"../../../Engine/Content/Internationalization/icudt64l/region/jv.res" 1539
"../../../Engine/Content/Internationalization/icudt64l/lang/ka.res" 1540
"../../../Engine/Content/Internationalization/icudt64l/region/ka.res" 1541
"../../../Engine/Content/Internationalization/icudt64l/lang/kab.res" 1542
"../../../Engine/Content/Internationalization/icudt64l/region/kab.res" 1543
"../../../Engine/Content/Internationalization/icudt64l/lang/kam.res" 1544
"../../../Engine/Content/Internationalization/icudt64l/region/kam.res" 1545
"../../../Engine/Content/Internationalization/icudt64l/lang/kde.res" 1546
"../../../Engine/Content/Internationalization/icudt64l/region/kde.res" 1547
"../../../Engine/Content/Internationalization/icudt64l/lang/kea.res" 1548
"../../../Engine/Content/Internationalization/icudt64l/region/kea.res" 1549
"../../../Engine/Content/Internationalization/icudt64l/lang/khq.res" 1550
"../../../Engine/Content/Internationalization/icudt64l/region/khq.res" 1551
"../../../Engine/Content/Internationalization/icudt64l/lang/ki.res" 1552
"../../../Engine/Content/Internationalization/icudt64l/region/ki.res" 1553
"../../../Engine/Content/Internationalization/icudt64l/lang/kk.res" 1554
"../../../Engine/Content/Internationalization/icudt64l/region/kk.res" 1555
"../../../Engine/Content/Internationalization/icudt64l/lang/kkj.res" 1556
"../../../Engine/Content/Internationalization/icudt64l/region/kkj.res" 1557
"../../../Engine/Content/Internationalization/icudt64l/lang/kl.res" 1558
"../../../Engine/Content/Internationalization/icudt64l/region/kl.res" 1559
"../../../Engine/Content/Internationalization/icudt64l/lang/kln.res" 1560
"../../../Engine/Content/Internationalization/icudt64l/region/kln.res" 1561
"../../../Engine/Content/Internationalization/icudt64l/lang/km.res" 1562
"../../../Engine/Content/Internationalization/icudt64l/region/km.res" 1563
"../../../Engine/Content/Internationalization/icudt64l/lang/kn.res" 1564
"../../../Engine/Content/Internationalization/icudt64l/region/kn.res" 1565
"../../../Engine/Content/Internationalization/icudt64l/lang/ko.res" 1566
"../../../Engine/Content/Internationalization/icudt64l/region/ko_KP.res" 1567
"../../../Engine/Content/Internationalization/icudt64l/region/ko.res" 1568
"../../../Engine/Content/Internationalization/icudt64l/lang/kok.res" 1569
"../../../Engine/Content/Internationalization/icudt64l/region/kok.res" 1570
"../../../Engine/Content/Internationalization/icudt64l/lang/ks.res" 1571
"../../../Engine/Content/Internationalization/icudt64l/region/ks.res" 1572
"../../../Engine/Content/Internationalization/icudt64l/lang/ksb.res" 1573
"../../../Engine/Content/Internationalization/icudt64l/region/ksb.res" 1574
"../../../Engine/Content/Internationalization/icudt64l/lang/ksf.res" 1575
"../../../Engine/Content/Internationalization/icudt64l/region/ksf.res" 1576
"../../../Engine/Content/Internationalization/icudt64l/lang/ksh.res" 1577
"../../../Engine/Content/Internationalization/icudt64l/region/ksh.res" 1578
"../../../Engine/Content/Internationalization/icudt64l/lang/ku.res" 1579
"../../../Engine/Content/Internationalization/icudt64l/region/ku.res" 1580
"../../../Engine/Content/Internationalization/icudt64l/lang/kw.res" 1581
"../../../Engine/Content/Internationalization/icudt64l/region/kw.res" 1582
"../../../Engine/Content/Internationalization/icudt64l/lang/ky.res" 1583
"../../../Engine/Content/Internationalization/icudt64l/region/ky.res" 1584
"../../../Engine/Content/Internationalization/icudt64l/lang/lag.res" 1585
"../../../Engine/Content/Internationalization/icudt64l/region/lag.res" 1586
"../../../Engine/Content/Internationalization/icudt64l/lang/lb.res" 1587
"../../../Engine/Content/Internationalization/icudt64l/region/lb.res" 1588
"../../../Engine/Content/Internationalization/icudt64l/lang/lg.res" 1589
"../../../Engine/Content/Internationalization/icudt64l/region/lg.res" 1590
"../../../Engine/Content/Internationalization/icudt64l/lang/lkt.res" 1591
"../../../Engine/Content/Internationalization/icudt64l/region/lkt.res" 1592
"../../../Engine/Content/Internationalization/icudt64l/lang/ln.res" 1593
"../../../Engine/Content/Internationalization/icudt64l/region/ln.res" 1594
"../../../Engine/Content/Internationalization/icudt64l/lang/lo.res" 1595
"../../../Engine/Content/Internationalization/icudt64l/region/lo.res" 1596
"../../../Engine/Content/Internationalization/icudt64l/lang/lrc.res" 1597
"../../../Engine/Content/Internationalization/icudt64l/region/lrc.res" 1598
"../../../Engine/Content/Internationalization/icudt64l/lang/lt.res" 1599
"../../../Engine/Content/Internationalization/icudt64l/region/lt.res" 1600
"../../../Engine/Content/Internationalization/icudt64l/lang/lu.res" 1601
"../../../Engine/Content/Internationalization/icudt64l/region/lu.res" 1602
"../../../Engine/Content/Internationalization/icudt64l/lang/luo.res" 1603
"../../../Engine/Content/Internationalization/icudt64l/region/luo.res" 1604
"../../../Engine/Content/Internationalization/icudt64l/lang/luy.res" 1605
"../../../Engine/Content/Internationalization/icudt64l/region/luy.res" 1606
"../../../Engine/Content/Internationalization/icudt64l/lang/lv.res" 1607
"../../../Engine/Content/Internationalization/icudt64l/region/lv.res" 1608
"../../../Engine/Content/Internationalization/icudt64l/lang/mas.res" 1609
"../../../Engine/Content/Internationalization/icudt64l/region/mas.res" 1610
"../../../Engine/Content/Internationalization/icudt64l/lang/mer.res" 1611
"../../../Engine/Content/Internationalization/icudt64l/region/mer.res" 1612
"../../../Engine/Content/Internationalization/icudt64l/lang/mfe.res" 1613
"../../../Engine/Content/Internationalization/icudt64l/region/mfe.res" 1614
"../../../Engine/Content/Internationalization/icudt64l/lang/mg.res" 1615
"../../../Engine/Content/Internationalization/icudt64l/region/mg.res" 1616
"../../../Engine/Content/Internationalization/icudt64l/lang/mgh.res" 1617
"../../../Engine/Content/Internationalization/icudt64l/region/mgh.res" 1618
"../../../Engine/Content/Internationalization/icudt64l/lang/mgo.res" 1619
"../../../Engine/Content/Internationalization/icudt64l/region/mgo.res" 1620
"../../../Engine/Content/Internationalization/icudt64l/lang/mi.res" 1621
"../../../Engine/Content/Internationalization/icudt64l/region/mi.res" 1622
"../../../Engine/Content/Internationalization/icudt64l/lang/mk.res" 1623
"../../../Engine/Content/Internationalization/icudt64l/region/mk.res" 1624
"../../../Engine/Content/Internationalization/icudt64l/lang/ml.res" 1625
"../../../Engine/Content/Internationalization/icudt64l/region/ml.res" 1626
"../../../Engine/Content/Internationalization/icudt64l/lang/mn.res" 1627
"../../../Engine/Content/Internationalization/icudt64l/region/mn.res" 1628
"../../../Engine/Content/Internationalization/icudt64l/lang/mr.res" 1629
"../../../Engine/Content/Internationalization/icudt64l/region/mr.res" 1630
"../../../Engine/Content/Internationalization/icudt64l/lang/ms.res" 1631
"../../../Engine/Content/Internationalization/icudt64l/region/ms.res" 1632
"../../../Engine/Content/Internationalization/icudt64l/lang/mt.res" 1633
"../../../Engine/Content/Internationalization/icudt64l/region/mt.res" 1634
"../../../Engine/Content/Internationalization/icudt64l/lang/mua.res" 1635
"../../../Engine/Content/Internationalization/icudt64l/region/mua.res" 1636
"../../../Engine/Content/Internationalization/icudt64l/lang/my.res" 1637
"../../../Engine/Content/Internationalization/icudt64l/region/my.res" 1638
"../../../Engine/Content/Internationalization/icudt64l/lang/mzn.res" 1639
"../../../Engine/Content/Internationalization/icudt64l/region/mzn.res" 1640
"../../../Engine/Content/Internationalization/icudt64l/lang/naq.res" 1641
"../../../Engine/Content/Internationalization/icudt64l/region/naq.res" 1642
"../../../Engine/Content/Internationalization/icudt64l/lang/nb.res" 1643
"../../../Engine/Content/Internationalization/icudt64l/lang/nb_NO.res" 1644
"../../../Engine/Content/Internationalization/icudt64l/region/nb_NO.res" 1645
"../../../Engine/Content/Internationalization/icudt64l/region/nb.res" 1646
"../../../Engine/Content/Internationalization/icudt64l/lang/nd.res" 1647
"../../../Engine/Content/Internationalization/icudt64l/region/nd.res" 1648
"../../../Engine/Content/Internationalization/icudt64l/lang/nds.res" 1649
"../../../Engine/Content/Internationalization/icudt64l/region/nds.res" 1650
"../../../Engine/Content/Internationalization/icudt64l/lang/ne.res" 1651
"../../../Engine/Content/Internationalization/icudt64l/region/ne.res" 1652
"../../../Engine/Content/Internationalization/icudt64l/lang/nl.res" 1653
"../../../Engine/Content/Internationalization/icudt64l/region/nl.res" 1654
"../../../Engine/Content/Internationalization/icudt64l/lang/nmg.res" 1655
"../../../Engine/Content/Internationalization/icudt64l/region/nmg.res" 1656
"../../../Engine/Content/Internationalization/icudt64l/lang/nn.res" 1657
"../../../Engine/Content/Internationalization/icudt64l/lang/nn_NO.res" 1658
"../../../Engine/Content/Internationalization/icudt64l/region/nn_NO.res" 1659
"../../../Engine/Content/Internationalization/icudt64l/region/nn.res" 1660
"../../../Engine/Content/Internationalization/icudt64l/lang/nnh.res" 1661
"../../../Engine/Content/Internationalization/icudt64l/region/nnh.res" 1662
"../../../Engine/Content/Internationalization/icudt64l/lang/nus.res" 1663
"../../../Engine/Content/Internationalization/icudt64l/region/nus.res" 1664
"../../../Engine/Content/Internationalization/icudt64l/lang/nyn.res" 1665
"../../../Engine/Content/Internationalization/icudt64l/region/nyn.res" 1666
"../../../Engine/Content/Internationalization/icudt64l/lang/om.res" 1667
"../../../Engine/Content/Internationalization/icudt64l/region/om.res" 1668
"../../../Engine/Content/Internationalization/icudt64l/lang/or.res" 1669
"../../../Engine/Content/Internationalization/icudt64l/region/or.res" 1670
"../../../Engine/Content/Internationalization/icudt64l/lang/os.res" 1671
"../../../Engine/Content/Internationalization/icudt64l/region/os.res" 1672
"../../../Engine/Content/Internationalization/icudt64l/lang/pa.res" 1673
"../../../Engine/Content/Internationalization/icudt64l/lang/pa_Arab.res" 1674
"../../../Engine/Content/Internationalization/icudt64l/lang/pa_PK.res" 1675
"../../../Engine/Content/Internationalization/icudt64l/lang/pa_Arab_PK.res" 1676
"../../../Engine/Content/Internationalization/icudt64l/region/pa_PK.res" 1677
"../../../Engine/Content/Internationalization/icudt64l/region/pa_Arab_PK.res" 1678
"../../../Engine/Content/Internationalization/icudt64l/region/pa_Arab.res" 1679
"../../../Engine/Content/Internationalization/icudt64l/lang/pa_Guru.res" 1680
"../../../Engine/Content/Internationalization/icudt64l/lang/pa_IN.res" 1681
"../../../Engine/Content/Internationalization/icudt64l/lang/pa_Guru_IN.res" 1682
"../../../Engine/Content/Internationalization/icudt64l/region/pa_IN.res" 1683
"../../../Engine/Content/Internationalization/icudt64l/region/pa_Guru_IN.res" 1684
"../../../Engine/Content/Internationalization/icudt64l/region/pa_Guru.res" 1685
"../../../Engine/Content/Internationalization/icudt64l/region/pa.res" 1686
"../../../Engine/Content/Internationalization/icudt64l/lang/pl.res" 1687
"../../../Engine/Content/Internationalization/icudt64l/region/pl.res" 1688
"../../../Engine/Content/Internationalization/icudt64l/lang/ps.res" 1689
"../../../Engine/Content/Internationalization/icudt64l/region/ps.res" 1690
"../../../Engine/Content/Internationalization/icudt64l/lang/ps_PK.res" 1691
"../../../Engine/Content/Internationalization/icudt64l/region/ps_PK.res" 1692
"../../../Engine/Content/Internationalization/icudt64l/lang/pt.res" 1693
"../../../Engine/Content/Internationalization/icudt64l/lang/pt_AO.res" 1694
"../../../Engine/Content/Internationalization/icudt64l/lang/pt_PT.res" 1695
"../../../Engine/Content/Internationalization/icudt64l/region/pt_AO.res" 1696
"../../../Engine/Content/Internationalization/icudt64l/region/pt_PT.res" 1697
"../../../Engine/Content/Internationalization/icudt64l/region/pt.res" 1698
"../../../Engine/Content/Internationalization/icudt64l/lang/pt_CH.res" 1699
"../../../Engine/Content/Internationalization/icudt64l/region/pt_CH.res" 1700
"../../../Engine/Content/Internationalization/icudt64l/lang/pt_CV.res" 1701
"../../../Engine/Content/Internationalization/icudt64l/region/pt_CV.res" 1702
"../../../Engine/Content/Internationalization/icudt64l/lang/pt_GQ.res" 1703
"../../../Engine/Content/Internationalization/icudt64l/region/pt_GQ.res" 1704
"../../../Engine/Content/Internationalization/icudt64l/lang/pt_GW.res" 1705
"../../../Engine/Content/Internationalization/icudt64l/region/pt_GW.res" 1706
"../../../Engine/Content/Internationalization/icudt64l/lang/pt_LU.res" 1707
"../../../Engine/Content/Internationalization/icudt64l/region/pt_LU.res" 1708
"../../../Engine/Content/Internationalization/icudt64l/lang/pt_MO.res" 1709
"../../../Engine/Content/Internationalization/icudt64l/region/pt_MO.res" 1710
"../../../Engine/Content/Internationalization/icudt64l/lang/pt_MZ.res" 1711
"../../../Engine/Content/Internationalization/icudt64l/region/pt_MZ.res" 1712
"../../../Engine/Content/Internationalization/icudt64l/lang/pt_ST.res" 1713
"../../../Engine/Content/Internationalization/icudt64l/region/pt_ST.res" 1714
"../../../Engine/Content/Internationalization/icudt64l/lang/pt_TL.res" 1715
"../../../Engine/Content/Internationalization/icudt64l/region/pt_TL.res" 1716
"../../../Engine/Content/Internationalization/icudt64l/lang/qu.res" 1717
"../../../Engine/Content/Internationalization/icudt64l/region/qu.res" 1718
"../../../Engine/Content/Internationalization/icudt64l/lang/rm.res" 1719
"../../../Engine/Content/Internationalization/icudt64l/region/rm.res" 1720
"../../../Engine/Content/Internationalization/icudt64l/lang/rn.res" 1721
"../../../Engine/Content/Internationalization/icudt64l/region/rn.res" 1722
"../../../Engine/Content/Internationalization/icudt64l/lang/ro.res" 1723
"../../../Engine/Content/Internationalization/icudt64l/lang/ro_MD.res" 1724
"../../../Engine/Content/Internationalization/icudt64l/region/ro_MD.res" 1725
"../../../Engine/Content/Internationalization/icudt64l/region/ro.res" 1726
"../../../Engine/Content/Internationalization/icudt64l/lang/rof.res" 1727
"../../../Engine/Content/Internationalization/icudt64l/region/rof.res" 1728
"../../../Engine/Content/Internationalization/icudt64l/lang/ru.res" 1729
"../../../Engine/Content/Internationalization/icudt64l/region/ru.res" 1730
"../../../Engine/Content/Internationalization/icudt64l/region/ru_UA.res" 1731
"../../../Engine/Content/Internationalization/icudt64l/lang/rw.res" 1732
"../../../Engine/Content/Internationalization/icudt64l/region/rw.res" 1733
"../../../Engine/Content/Internationalization/icudt64l/lang/rwk.res" 1734
"../../../Engine/Content/Internationalization/icudt64l/region/rwk.res" 1735
"../../../Engine/Content/Internationalization/icudt64l/lang/sah.res" 1736
"../../../Engine/Content/Internationalization/icudt64l/region/sah.res" 1737
"../../../Engine/Content/Internationalization/icudt64l/lang/saq.res" 1738
"../../../Engine/Content/Internationalization/icudt64l/region/saq.res" 1739
"../../../Engine/Content/Internationalization/icudt64l/lang/sbp.res" 1740
"../../../Engine/Content/Internationalization/icudt64l/region/sbp.res" 1741
"../../../Engine/Content/Internationalization/icudt64l/lang/sd.res" 1742
"../../../Engine/Content/Internationalization/icudt64l/region/sd.res" 1743
"../../../Engine/Content/Internationalization/icudt64l/lang/se.res" 1744
"../../../Engine/Content/Internationalization/icudt64l/lang/se_FI.res" 1745
"../../../Engine/Content/Internationalization/icudt64l/region/se_FI.res" 1746
"../../../Engine/Content/Internationalization/icudt64l/region/se.res" 1747
"../../../Engine/Content/Internationalization/icudt64l/lang/seh.res" 1748
"../../../Engine/Content/Internationalization/icudt64l/region/seh.res" 1749
"../../../Engine/Content/Internationalization/icudt64l/lang/ses.res" 1750
"../../../Engine/Content/Internationalization/icudt64l/region/ses.res" 1751
"../../../Engine/Content/Internationalization/icudt64l/lang/sg.res" 1752
"../../../Engine/Content/Internationalization/icudt64l/region/sg.res" 1753
"../../../Engine/Content/Internationalization/icudt64l/lang/shi.res" 1754
"../../../Engine/Content/Internationalization/icudt64l/lang/shi_Latn.res" 1755
"../../../Engine/Content/Internationalization/icudt64l/lang/shi_MA.res" 1756
"../../../Engine/Content/Internationalization/icudt64l/lang/shi_Tfng_MA.res" 1757
"../../../Engine/Content/Internationalization/icudt64l/lang/shi_Tfng.res" 1758
"../../../Engine/Content/Internationalization/icudt64l/region/shi_MA.res" 1759
"../../../Engine/Content/Internationalization/icudt64l/region/shi_Tfng_MA.res" 1760
"../../../Engine/Content/Internationalization/icudt64l/region/shi_Tfng.res" 1761
"../../../Engine/Content/Internationalization/icudt64l/region/shi.res" 1762
"../../../Engine/Content/Internationalization/icudt64l/region/shi_Latn.res" 1763
"../../../Engine/Content/Internationalization/icudt64l/lang/si.res" 1764
"../../../Engine/Content/Internationalization/icudt64l/region/si.res" 1765
"../../../Engine/Content/Internationalization/icudt64l/lang/sk.res" 1766
"../../../Engine/Content/Internationalization/icudt64l/region/sk.res" 1767
"../../../Engine/Content/Internationalization/icudt64l/lang/sl.res" 1768
"../../../Engine/Content/Internationalization/icudt64l/region/sl.res" 1769
"../../../Engine/Content/Internationalization/icudt64l/lang/smn.res" 1770
"../../../Engine/Content/Internationalization/icudt64l/region/smn.res" 1771
"../../../Engine/Content/Internationalization/icudt64l/lang/sn.res" 1772
"../../../Engine/Content/Internationalization/icudt64l/region/sn.res" 1773
"../../../Engine/Content/Internationalization/icudt64l/lang/so.res" 1774
"../../../Engine/Content/Internationalization/icudt64l/region/so.res" 1775
"../../../Engine/Content/Internationalization/icudt64l/lang/sq.res" 1776
"../../../Engine/Content/Internationalization/icudt64l/region/sq.res" 1777
"../../../Engine/Content/Internationalization/icudt64l/lang/sr.res" 1778
"../../../Engine/Content/Internationalization/icudt64l/lang/sr_Cyrl.res" 1779
"../../../Engine/Content/Internationalization/icudt64l/lang/sr_BA.res" 1780
"../../../Engine/Content/Internationalization/icudt64l/lang/sr_Cyrl_BA.res" 1781
"../../../Engine/Content/Internationalization/icudt64l/region/sr_BA.res" 1782
"../../../Engine/Content/Internationalization/icudt64l/region/sr_Cyrl_BA.res" 1783
"../../../Engine/Content/Internationalization/icudt64l/region/sr_Cyrl.res" 1784
"../../../Engine/Content/Internationalization/icudt64l/region/sr.res" 1785
"../../../Engine/Content/Internationalization/icudt64l/lang/sr_ME.res" 1786
"../../../Engine/Content/Internationalization/icudt64l/lang/sr_Latn_ME.res" 1787
"../../../Engine/Content/Internationalization/icudt64l/lang/sr_Latn.res" 1788
"../../../Engine/Content/Internationalization/icudt64l/region/sr_ME.res" 1789
"../../../Engine/Content/Internationalization/icudt64l/region/sr_Latn_ME.res" 1790
"../../../Engine/Content/Internationalization/icudt64l/region/sr_Latn.res" 1791
"../../../Engine/Content/Internationalization/icudt64l/lang/sr_Cyrl_ME.res" 1792
"../../../Engine/Content/Internationalization/icudt64l/region/sr_Cyrl_ME.res" 1793
"../../../Engine/Content/Internationalization/icudt64l/lang/sr_RS.res" 1794
"../../../Engine/Content/Internationalization/icudt64l/lang/sr_Cyrl_RS.res" 1795
"../../../Engine/Content/Internationalization/icudt64l/region/sr_RS.res" 1796
"../../../Engine/Content/Internationalization/icudt64l/region/sr_Cyrl_RS.res" 1797
"../../../Engine/Content/Internationalization/icudt64l/lang/sr_XK.res" 1798
"../../../Engine/Content/Internationalization/icudt64l/lang/sr_Cyrl_XK.res" 1799
"../../../Engine/Content/Internationalization/icudt64l/region/sr_XK.res" 1800
"../../../Engine/Content/Internationalization/icudt64l/region/sr_Cyrl_XK.res" 1801
"../../../Engine/Content/Internationalization/icudt64l/lang/sr_Latn_BA.res" 1802
"../../../Engine/Content/Internationalization/icudt64l/region/sr_Latn_BA.res" 1803
"../../../Engine/Content/Internationalization/icudt64l/lang/sr_Latn_RS.res" 1804
"../../../Engine/Content/Internationalization/icudt64l/region/sr_Latn_RS.res" 1805
"../../../Engine/Content/Internationalization/icudt64l/lang/sr_Latn_XK.res" 1806
"../../../Engine/Content/Internationalization/icudt64l/region/sr_Latn_XK.res" 1807
"../../../Engine/Content/Internationalization/icudt64l/lang/sv.res" 1808
"../../../Engine/Content/Internationalization/icudt64l/region/sv.res" 1809
"../../../Engine/Content/Internationalization/icudt64l/lang/sv_FI.res" 1810
"../../../Engine/Content/Internationalization/icudt64l/lang/sw.res" 1811
"../../../Engine/Content/Internationalization/icudt64l/lang/sw_CD.res" 1812
"../../../Engine/Content/Internationalization/icudt64l/region/sw_CD.res" 1813
"../../../Engine/Content/Internationalization/icudt64l/region/sw.res" 1814
"../../../Engine/Content/Internationalization/icudt64l/lang/sw_KE.res" 1815
"../../../Engine/Content/Internationalization/icudt64l/region/sw_KE.res" 1816
"../../../Engine/Content/Internationalization/icudt64l/lang/ta.res" 1817
"../../../Engine/Content/Internationalization/icudt64l/region/ta.res" 1818
"../../../Engine/Content/Internationalization/icudt64l/lang/te.res" 1819
"../../../Engine/Content/Internationalization/icudt64l/region/te.res" 1820
"../../../Engine/Content/Internationalization/icudt64l/lang/teo.res" 1821
"../../../Engine/Content/Internationalization/icudt64l/region/teo.res" 1822
"../../../Engine/Content/Internationalization/icudt64l/lang/tg.res" 1823
"../../../Engine/Content/Internationalization/icudt64l/region/tg.res" 1824
"../../../Engine/Content/Internationalization/icudt64l/lang/th.res" 1825
"../../../Engine/Content/Internationalization/icudt64l/lang/th_TH.res" 1826
"../../../Engine/Content/Internationalization/icudt64l/region/th_TH.res" 1827
"../../../Engine/Content/Internationalization/icudt64l/region/th.res" 1828
"../../../Engine/Content/Internationalization/icudt64l/lang/ti.res" 1829
"../../../Engine/Content/Internationalization/icudt64l/region/ti.res" 1830
"../../../Engine/Content/Internationalization/icudt64l/lang/tk.res" 1831
"../../../Engine/Content/Internationalization/icudt64l/region/tk.res" 1832
"../../../Engine/Content/Internationalization/icudt64l/lang/to.res" 1833
"../../../Engine/Content/Internationalization/icudt64l/region/to.res" 1834
"../../../Engine/Content/Internationalization/icudt64l/lang/tr.res" 1835
"../../../Engine/Content/Internationalization/icudt64l/region/tr.res" 1836
"../../../Engine/Content/Internationalization/icudt64l/lang/tt.res" 1837
"../../../Engine/Content/Internationalization/icudt64l/region/tt.res" 1838
"../../../Engine/Content/Internationalization/icudt64l/lang/twq.res" 1839
"../../../Engine/Content/Internationalization/icudt64l/region/twq.res" 1840
"../../../Engine/Content/Internationalization/icudt64l/lang/tzm.res" 1841
"../../../Engine/Content/Internationalization/icudt64l/region/tzm.res" 1842
"../../../Engine/Content/Internationalization/icudt64l/lang/ug.res" 1843
"../../../Engine/Content/Internationalization/icudt64l/region/ug.res" 1844
"../../../Engine/Content/Internationalization/icudt64l/lang/uk.res" 1845
"../../../Engine/Content/Internationalization/icudt64l/region/uk.res" 1846
"../../../Engine/Content/Internationalization/icudt64l/lang/ur.res" 1847
"../../../Engine/Content/Internationalization/icudt64l/lang/ur_IN.res" 1848
"../../../Engine/Content/Internationalization/icudt64l/region/ur_IN.res" 1849
"../../../Engine/Content/Internationalization/icudt64l/region/ur.res" 1850
"../../../Engine/Content/Internationalization/icudt64l/lang/uz.res" 1851
"../../../Engine/Content/Internationalization/icudt64l/lang/uz_Arab.res" 1852
"../../../Engine/Content/Internationalization/icudt64l/lang/uz_AF.res" 1853
"../../../Engine/Content/Internationalization/icudt64l/lang/uz_Arab_AF.res" 1854
"../../../Engine/Content/Internationalization/icudt64l/region/uz_AF.res" 1855
"../../../Engine/Content/Internationalization/icudt64l/region/uz_Arab_AF.res" 1856
"../../../Engine/Content/Internationalization/icudt64l/region/uz_Arab.res" 1857
"../../../Engine/Content/Internationalization/icudt64l/lang/uz_Cyrl.res" 1858
"../../../Engine/Content/Internationalization/icudt64l/lang/uz_UZ.res" 1859
"../../../Engine/Content/Internationalization/icudt64l/lang/uz_Latn_UZ.res" 1860
"../../../Engine/Content/Internationalization/icudt64l/lang/uz_Latn.res" 1861
"../../../Engine/Content/Internationalization/icudt64l/region/uz_UZ.res" 1862
"../../../Engine/Content/Internationalization/icudt64l/region/uz_Latn_UZ.res" 1863
"../../../Engine/Content/Internationalization/icudt64l/region/uz_Latn.res" 1864
"../../../Engine/Content/Internationalization/icudt64l/region/uz.res" 1865
"../../../Engine/Content/Internationalization/icudt64l/region/uz_Cyrl.res" 1866
"../../../Engine/Content/Internationalization/icudt64l/lang/vai.res" 1867
"../../../Engine/Content/Internationalization/icudt64l/lang/vai_Latn.res" 1868
"../../../Engine/Content/Internationalization/icudt64l/lang/vai_LR.res" 1869
"../../../Engine/Content/Internationalization/icudt64l/lang/vai_Vaii_LR.res" 1870
"../../../Engine/Content/Internationalization/icudt64l/lang/vai_Vaii.res" 1871
"../../../Engine/Content/Internationalization/icudt64l/region/vai_LR.res" 1872
"../../../Engine/Content/Internationalization/icudt64l/region/vai_Vaii_LR.res" 1873
"../../../Engine/Content/Internationalization/icudt64l/region/vai_Vaii.res" 1874
"../../../Engine/Content/Internationalization/icudt64l/region/vai.res" 1875
"../../../Engine/Content/Internationalization/icudt64l/region/vai_Latn.res" 1876
"../../../Engine/Content/Internationalization/icudt64l/lang/vi.res" 1877
"../../../Engine/Content/Internationalization/icudt64l/region/vi.res" 1878
"../../../Engine/Content/Internationalization/icudt64l/lang/vun.res" 1879
"../../../Engine/Content/Internationalization/icudt64l/region/vun.res" 1880
"../../../Engine/Content/Internationalization/icudt64l/lang/wae.res" 1881
"../../../Engine/Content/Internationalization/icudt64l/region/wae.res" 1882
"../../../Engine/Content/Internationalization/icudt64l/lang/wo.res" 1883
"../../../Engine/Content/Internationalization/icudt64l/region/wo.res" 1884
"../../../Engine/Content/Internationalization/icudt64l/lang/xh.res" 1885
"../../../Engine/Content/Internationalization/icudt64l/region/xh.res" 1886
"../../../Engine/Content/Internationalization/icudt64l/lang/xog.res" 1887
"../../../Engine/Content/Internationalization/icudt64l/region/xog.res" 1888
"../../../Engine/Content/Internationalization/icudt64l/lang/yav.res" 1889
"../../../Engine/Content/Internationalization/icudt64l/region/yav.res" 1890
"../../../Engine/Content/Internationalization/icudt64l/lang/yi.res" 1891
"../../../Engine/Content/Internationalization/icudt64l/region/yi.res" 1892
"../../../Engine/Content/Internationalization/icudt64l/lang/yo.res" 1893
"../../../Engine/Content/Internationalization/icudt64l/lang/yo_BJ.res" 1894
"../../../Engine/Content/Internationalization/icudt64l/region/yo_BJ.res" 1895
"../../../Engine/Content/Internationalization/icudt64l/region/yo.res" 1896
"../../../Engine/Content/Internationalization/icudt64l/lang/yue.res" 1897
"../../../Engine/Content/Internationalization/icudt64l/lang/yue_Hans.res" 1898
"../../../Engine/Content/Internationalization/icudt64l/lang/yue_CN.res" 1899
"../../../Engine/Content/Internationalization/icudt64l/lang/yue_Hans_CN.res" 1900
"../../../Engine/Content/Internationalization/icudt64l/region/yue_CN.res" 1901
"../../../Engine/Content/Internationalization/icudt64l/region/yue_Hans_CN.res" 1902
"../../../Engine/Content/Internationalization/icudt64l/region/yue_Hans.res" 1903
"../../../Engine/Content/Internationalization/icudt64l/lang/yue_Hant.res" 1904
"../../../Engine/Content/Internationalization/icudt64l/lang/yue_HK.res" 1905
"../../../Engine/Content/Internationalization/icudt64l/lang/yue_Hant_HK.res" 1906
"../../../Engine/Content/Internationalization/icudt64l/region/yue_HK.res" 1907
"../../../Engine/Content/Internationalization/icudt64l/region/yue_Hant_HK.res" 1908
"../../../Engine/Content/Internationalization/icudt64l/region/yue_Hant.res" 1909
"../../../Engine/Content/Internationalization/icudt64l/region/yue.res" 1910
"../../../Engine/Content/Internationalization/icudt64l/lang/zgh.res" 1911
"../../../Engine/Content/Internationalization/icudt64l/region/zgh.res" 1912
"../../../Engine/Content/Internationalization/icudt64l/lang/zh.res" 1913
"../../../Engine/Content/Internationalization/icudt64l/lang/zh_Hans.res" 1914
"../../../Engine/Content/Internationalization/icudt64l/lang/zh_CN.res" 1915
"../../../Engine/Content/Internationalization/icudt64l/lang/zh_Hans_CN.res" 1916
"../../../Engine/Content/Internationalization/icudt64l/region/zh_CN.res" 1917
"../../../Engine/Content/Internationalization/icudt64l/region/zh_Hans_CN.res" 1918
"../../../Engine/Content/Internationalization/icudt64l/region/zh_Hans.res" 1919
"../../../Engine/Content/Internationalization/icudt64l/region/zh.res" 1920
"../../../Engine/Content/Internationalization/icudt64l/lang/zh_HK.res" 1921
"../../../Engine/Content/Internationalization/icudt64l/lang/zh_Hant_HK.res" 1922
"../../../Engine/Content/Internationalization/icudt64l/lang/zh_Hant.res" 1923
"../../../Engine/Content/Internationalization/icudt64l/region/zh_HK.res" 1924
"../../../Engine/Content/Internationalization/icudt64l/region/zh_Hant_HK.res" 1925
"../../../Engine/Content/Internationalization/icudt64l/region/zh_Hant.res" 1926
"../../../Engine/Content/Internationalization/icudt64l/lang/zh_MO.res" 1927
"../../../Engine/Content/Internationalization/icudt64l/lang/zh_Hant_MO.res" 1928
"../../../Engine/Content/Internationalization/icudt64l/region/zh_MO.res" 1929
"../../../Engine/Content/Internationalization/icudt64l/region/zh_Hant_MO.res" 1930
"../../../Engine/Content/Internationalization/icudt64l/lang/zh_SG.res" 1931
"../../../Engine/Content/Internationalization/icudt64l/lang/zh_Hans_SG.res" 1932
"../../../Engine/Content/Internationalization/icudt64l/region/zh_SG.res" 1933
"../../../Engine/Content/Internationalization/icudt64l/region/zh_Hans_SG.res" 1934
"../../../Engine/Content/Internationalization/icudt64l/lang/zh_TW.res" 1935
"../../../Engine/Content/Internationalization/icudt64l/lang/zh_Hant_TW.res" 1936
"../../../Engine/Content/Internationalization/icudt64l/region/zh_TW.res" 1937
"../../../Engine/Content/Internationalization/icudt64l/region/zh_Hant_TW.res" 1938
"../../../Engine/Content/Internationalization/icudt64l/lang/zu.res" 1939
"../../../Engine/Content/Internationalization/icudt64l/region/zu.res" 1940
"../../../Engine/Content/Internationalization/icudt64l/lang/no.res" 1941
"../../../Engine/Content/Internationalization/icudt64l/lang/tl.res" 1942
"../../../Engine/Config/Android/DataDrivenPlatformInfo.ini" 1943
"../../../Engine/Config/IOS/DataDrivenPlatformInfo.ini" 1944
"../../../Engine/Config/Linux/DataDrivenPlatformInfo.ini" 1945
"../../../Engine/Config/Mac/DataDrivenPlatformInfo.ini" 1946
"../../../Engine/Config/TVOS/DataDrivenPlatformInfo.ini" 1947
"../../../Engine/Config/Unix/DataDrivenPlatformInfo.ini" 1948
"../../../Engine/Config/VulkanPC/DataDrivenPlatformInfo.ini" 1949
"../../../Engine/Config/Windows/DataDrivenPlatformInfo.ini" 1950
"../../../Engine/Platforms/VisionOS/Config/DataDrivenPlatformInfo.ini" 1951
"../../../Engine/Content/Certificates/ThirdParty/cacert.pem" 1952
"../../../Engine/DerivedDataCache/Compressed.ddp" 1953
"C:/Users/neo/AppData/Local/UnrealEngine/5.6/Saved/Zen/zen.version" 1954
"C:/Users/neo/AppData/Local/UnrealEngine/Common/Zen/Install/zen.version" 1955
"C:/Users/neo/AppData/Local/UnrealEngine/Common/Zen/Install/zenserver.runcontext" 1956
"C:/Users/neo/AppData/Local/UnrealEngine/Common/DerivedDataCache/TestData/0/TestData_4kb.dat" 1957
"C:/Users/neo/AppData/Local/UnrealEngine/Common/DerivedDataCache/TestData/1/TestData_4kb.dat" 1958
"C:/Users/neo/AppData/Local/UnrealEngine/Common/DerivedDataCache/TestData/0/TestData_8kb.dat" 1959
"C:/Users/neo/AppData/Local/UnrealEngine/Common/DerivedDataCache/TestData/1/TestData_8kb.dat" 1960
"C:/Users/neo/AppData/Local/UnrealEngine/Common/DerivedDataCache/TestData/0/TestData_16kb.dat" 1961
"C:/Users/neo/AppData/Local/UnrealEngine/Common/DerivedDataCache/TestData/1/TestData_16kb.dat" 1962
"C:/Users/neo/AppData/Local/UnrealEngine/Common/DerivedDataCache/TestData/0/TestData_64kb.dat" 1963
"C:/Users/neo/AppData/Local/UnrealEngine/Common/DerivedDataCache/TestData/1/TestData_64kb.dat" 1964
"C:/Users/neo/AppData/Local/UnrealEngine/Common/DerivedDataCache/TestData/0/TestData_128kb.dat" 1965
"C:/Users/neo/AppData/Local/UnrealEngine/Common/DerivedDataCache/TestData/1/TestData_128kb.dat" 1966
"C:/Users/neo/AppData/Local/UnrealEngine/Common/DerivedDataCache/TestData/0/TestData_256kb.dat" 1967
"C:/Users/neo/AppData/Local/UnrealEngine/Common/DerivedDataCache/TestData/1/TestData_256kb.dat" 1968
"C:/Users/neo/AppData/Roaming/Unreal Engine/UnrealBuildTool/BuildConfiguration.xml" 1969
"../../../../../GitHub/massey-unreal-2/Orbital/Intermediate/ShaderAutogen/PCD3D_SM6/AutogenShaderHeaders.ush" 1970
"../../../Engine/Plugins/FX/Niagara/Shaders/Private/NiagaraSpriteVertexFactory.ush" 1971
"../../../Engine/Shaders/Private/VertexFactoryCommon.ush" 1972
"../../../Engine/Shaders/Private/Common.ush" 1973
"../../../Engine/Shaders/Public/Platform.ush" 1974
"../../../Engine/Shaders/Public/FP16Math.ush" 1975
"../../../Engine/Shaders/Public/Platform/D3D/D3DCommon.ush" 1976
"../../../Engine/Shaders/Shared/HLSLReservedSpaces.h" 1977
"../../../Engine/Shaders/Public/BindlessResources.ush" 1978
"../../../Engine/Shaders/Public/Platform/D3D/PlatformBindlessResources.ush" 1979
"../../../Engine/Shaders/Shared/RayTracingBuiltInResources.h" 1980
"../../../Engine/Shaders/Shared/RayTracingDefinitions.h" 1981
"../../../Engine/Shaders/Public/OverloadMacros.ush" 1982
"../../../Engine/Shaders/Public/ShaderVersion.ush" 1983
"../../../Engine/Shaders/Shared/ThirdParty/NVIDIA/nvHLSLExtns.h" 1984
"../../../Engine/Shaders/Shared/ThirdParty/NVIDIA/nvHLSLExtnsInternal.h" 1985
"../../../Engine/Shaders/Shared/ThirdParty/NVIDIA/nvShaderExtnEnums.h" 1986
"../../../Engine/Shaders/Private/PackUnpack.ush" 1987
"../../../Engine/Shaders/Private/GeneratedUniformBufferTypes.ush" 1988
"../../../Engine/Shaders/Private/Nanite/NanitePackedNaniteView.ush" 1989
"../../../Engine/Shaders/Private/HairStrands/HairStrandsVisibilityCommonStruct.ush" 1990
"../../../Engine/Shaders/Private/HairStrands/HairStrandsVoxelPageCommonStruct.ush" 1991
"../../../Engine/Shaders/Private/HairStrands/HairStrandsDeepShadowCommonStruct.ush" 1992
"../../../Engine/Shaders/Shared/LightSceneData.h" 1993
"../../../Engine/Shaders/Shared/HLSLTypeAliases.h" 1994
"../../../Engine/Shaders/Private/LargeWorldCoordinates.ush" 1995
"../../../Engine/Shaders/Private/DoubleFloat.ush" 1996
"../../../Engine/Shaders/Private/RandomPCG.ush" 1997
"../../../Engine/Shaders/Private/DoubleFloatOperations.ush" 1998
"../../../Engine/Shaders/Private/DoubleFloatVectorDefinition.ush" 1999
"../../../Engine/Shaders/Private/LWCOperations.ush" 2000
"../../../Engine/Shaders/Shared/LightViewData.h" 2001
"../../../Engine/Shaders/Shared/RayTracingTypes.h" 2002
"../../../Engine/Shaders/Shared/HLSLStaticAssert.h" 2003
"../../../Engine/Shaders/Private/CommonViewUniformBuffer.ush" 2004
"../../../Engine/Shaders/Private/InstancedStereo.ush" 2005
"../../../Engine/Shaders/Private/Definitions.usf" 2006
"../../../Engine/Shaders/Private/AssertionMacros.ush" 2007
"../../../Engine/Shaders/Private/FastMath.ush" 2008
"../../../Engine/Shaders/Private/FastMathThirdParty.ush" 2009
"../../../Engine/Shaders/Private/Random.ush" 2010
"../../../Engine/Shaders/Private/RandomInterleavedGradientNoise.ush" 2011
"../../../Engine/Shaders/Private/SceneData.ush" 2012
"../../../Engine/Shaders/Private/OctahedralCommon.ush" 2013
"../../../Engine/Shaders/Private/WaveOpUtil.ush" 2014
"../../../Engine/Shaders/Private/ByteBuffer.ush" 2015
"../../../Engine/Shaders/Shared/SceneDefinitions.h" 2016
"../../../Engine/Shaders/Private/SceneDataMobileLoader.ush" 2017
"../../../Engine/Shaders/Private/ParticleVertexFactoryCommon.ush" 2018
"../../../Engine/Plugins/FX/Niagara/Shaders/Private/NiagaraVFCommon.usf" 2019
"../../../Engine/Plugins/FX/Niagara/Shaders/Private/NiagaraVFParticleAccess.usf" 2020
"../../../Engine/Plugins/FX/Niagara/Shaders/Private/NiagaraParticleAccess.ush" 2021
"../../../Engine/Shaders/Private/VertexFactoryDefaultInterface.ush" 2022
"../../../Engine/Plugins/FX/Niagara/Shaders/Private/NiagaraRibbonVertexFactory.ush" 2023
"../../../Engine/Plugins/FX/Niagara/Shaders/Private/NiagaraMeshVertexFactory.ush" 2024
"../../../Engine/Plugins/FX/Niagara/Shaders/Private/NiagaraCommon.ush" 2025
"../../../Engine/Plugins/FX/Niagara/Shaders/Private/NiagaraMeshParticleUtils.ush" 2026
"../../../Engine/Shaders/Private/RayTracing/RayTracingCommon.ush" 2027
"../../../Engine/Shaders/Private/ShadingCommon.ush" 2028
"../../../Engine/Shaders/Shared/RayTracingPayloadType.h" 2029
"../../../Engine/Shaders/Private/RayTracing/RayTracingRayCone.ush" 2030
"../../../Engine/Shaders/Private/Substrate/Substrate.ush" 2031
"../../../Engine/Shaders/Private/ShadingEnergyConservation.ush" 2032
"../../../Engine/Shaders/Private/ShadingEnergyConservationTemplate.ush" 2033
"../../../Engine/Shaders/Private/BRDF.ush" 2034
"../../../Engine/Shaders/Private/ColorSpace.ush" 2035
"../../../Engine/Shaders/Private/DeferredShadingCommon.ush" 2036
"../../../Engine/Shaders/Private/LightAccumulator.ush" 2037
"../../../Engine/Shaders/Private/SceneTexturesCommon.ush" 2038
"../../../Engine/Shaders/Private/MonteCarlo.ush" 2039
"../../../Engine/Shaders/Private/GBufferHelpers.ush" 2040
"../../../Engine/Shaders/Private/SceneTextureParameters.ush" 2041
"S:/GitHub/massey-unreal-2/Orbital/Intermediate/ShaderAutogen/PCD3D_SM6/AutogenShaderHeaders.ush" 2042
"../../../Engine/Shaders/Private/ParticipatingMediaCommon.ush" 2043
"../../../Engine/Shaders/Private/ThinFilmBSDF.ush" 2044
"../../../Engine/Shaders/Private/MortonCode.ush" 2045
"../../../Engine/Shaders/Private/SubsurfaceProfileCommon.ush" 2046
"../../../Engine/Shaders/Private/BurleyNormalizedSSSCommon.ush" 2047
"../../../Engine/Shaders/Private/GammaCorrectionCommon.ush" 2048
"../../../Engine/Shaders/Shared/SubstrateDefinitions.h" 2049
"../../../Engine/Shaders/Private/Substrate/SubstrateStatisticalOperators.ush" 2050
"../../../Engine/Shaders/Private/Substrate/SubstrateSubsurface.ush" 2051
"../../../Engine/Shaders/Private/TransmissionCommon.ush" 2052
"../../../Engine/Shaders/Private/Substrate/SubstrateExportCommon.ush" 2053
"../../../Engine/Shaders/Private/SpecularProfileCommon.ush" 2054
"../../../Engine/Shaders/Private/RayTracing/RayTracingCommonMetal.ush" 2055
"../../../Engine/Shaders/Private/PositionReconstructionCommon.ush" 2056
"../../../Engine/Shaders/Private/RayTracing/TraceRayInline.ush" 2057
"../../../Engine/Shaders/Private/RayTracing/TraceRayInlineCommon.ush" 2058
"../../../Engine/Shaders/Private/RayTracing/TraceRayInlineVulkan.ush" 2059
"../../../Engine/Shaders/Private/RayTracing/TraceRayInlineMetal.ush" 2060
"../../../Engine/Shaders/Private/RayTracing/TraceRayInlineD3D12.ush" 2061
"../../../Engine/Shaders/Private/RayTracing/RayTracingHitGroupCommon.ush" 2062
"../../../Engine/Shaders/Private/Nanite/NaniteRayTrace.ush" 2063
"../../../Engine/Shaders/Private/Nanite/NaniteDataDecode.ush" 2064
"../../../Engine/Shaders/Private/BitPacking.ush" 2065
"../../../Engine/Shaders/Private/BitStreamReaderImplementation.ush" 2066
"../../../Engine/Shaders/Private/BoneTransform.ush" 2067
"../../../Engine/Shaders/Private/Quaternion.ush" 2068
"../../../Engine/Shaders/Shared/NaniteDefinitions.h" 2069
"../../../Engine/Shaders/Shared/SkinningDefinitions.h" 2070
"../../../Engine/Shaders/Private/Nanite/NaniteAttributeDecode.ush" 2071
"../../../Engine/Shaders/Private/Barycentrics.ush" 2072
"../../../Engine/Shaders/Private/DualNumber.ush" 2073
"../../../Engine/Shaders/Shared/ThirdParty/RayTriangleIntersection.h" 2074
"../../../Engine/Shaders/Private/Nanite/NaniteVertexFetch.ush" 2075
"../../../Engine/Shaders/Private/Nanite/NaniteSceneCommon.ush" 2076
"../../../Engine/Shaders/Private/VectorFieldVisualizationVertexFactory.ush" 2077
"../../../Engine/Shaders/Private/Nanite/NaniteVertexFactory.ush" 2078
"../../../Engine/Shaders/Private/LightmapData.ush" 2079
"../../../Engine/Shaders/Private/SplineMeshCommon.ush" 2080
"../../../Engine/Shaders/Shared/SplineMeshShaderParams.h" 2081
"../../../Engine/Shaders/Private/ShaderPrint.ush" 2082
"../../../Engine/Shaders/Private/ShaderPrintCommon.ush" 2083
"../../../Engine/Shaders/Private/MiniFontCommon.ush" 2084
"../../../Engine/Shaders/Private/MaterialCache/MaterialCacheCommon.ush" 2085
"../../../Engine/Shaders/Shared/MaterialCacheDefinitions.h" 2086
"../../../Engine/Shaders/Private/Nanite/NaniteVertexDeformation.ush" 2087
"../../../Engine/Shaders/Private/ViewData.ush" 2088
"../../../Engine/Shaders/Shared/ViewDefinitions.h" 2089
"../../../Engine/Shaders/Private/Matrices.ush" 2090
"../../../Engine/Shaders/Private/ParticleSpriteVertexFactory.ush" 2091
"../../../Engine/Shaders/Private/ParticleGPUSpriteVertexFactory.ush" 2092
"../../../Engine/Shaders/Private/ParticleSimulationCommon.ush" 2093
"../../../Engine/Shaders/Private/ParticleBeamTrailVertexFactory.ush" 2094
"../../../Engine/Shaders/Private/MeshParticleVertexFactory.ush" 2095
"../../../Engine/Shaders/Private/LocalVertexFactory.ush" 2096
"../../../Engine/Shaders/Private/LocalVertexFactoryCommon.ush" 2097
"../../../Engine/Shaders/Private/GpuSkinCommon.ush" 2098
"../../../Engine/Shaders/Private/GpuSkinVertexFactory.ush" 2099
"../../../Engine/Shaders/Private/GeometryCollectionVertexFactory.ush" 2100
"../../../Engine/Shaders/Private/GeometryCacheVertexFactory.ush" 2101
"../../../Engine/Shaders/Private/LandscapeVertexFactory.ush" 2102
"../../../Engine/Plugins/Experimental/Compositing/CompositeCore/Shaders/Private/CompositeCoreMerge.usf" 2103
"../../../Engine/Shaders/Private/ScreenPass.ush" 2104
"../../../Engine/Shaders/Private/LensDistortion.ush" 2105
"../../../Engine/Plugins/Experimental/Compositing/CompositeCore/Shaders/Private/CompositeCoreDisplayTransform.usf" 2106
"../../../Engine/Plugins/Experimental/Compositing/CompositeCore/Shaders/Private/CompositeCoreDilate.usf" 2107
"../../../Engine/Plugins/FX/Niagara/Shaders/Private/NiagaraVertexFactoryExport.usf" 2108
"../../../Engine/Shaders/Private/ComputeShaderUtils.ush" 2109
"../../../Engine/Shaders/Private/MaterialTemplate.ush" 2110
"../../../Engine/Shaders/Private/WorldSpaceMath.ush" 2111
"../../../Engine/Shaders/Private/EyeAdaptationCommon.ush" 2112
"../../../Engine/Shaders/Private/SobolRandom.ush" 2113
"../../../Engine/Shaders/Private/DepthOfFieldCommon.ush" 2114
"../../../Engine/Shaders/Private/CircleDOFCommon.ush" 2115
"../../../Engine/Shaders/Private/DistanceField/GlobalDistanceFieldShared.ush" 2116
"../../../Engine/Shaders/Private/PhysicsFieldSampler.ush" 2117
"../../../Engine/Shaders/Private/PhysicsFieldShared.ush" 2118
"../../../Engine/Shaders/Private/HairShadingCommon.ush" 2119
"../../../Engine/Shaders/Private/HairStrands/HairCardsAttributeCommon.ush" 2120
"../../../Engine/Shaders/Shared/HairStrandsDefinitions.h" 2121
"../../../Engine/Shaders/Private/HairStrands/HairStrandsVertexFactoryCommon.ush" 2122
"../../../Engine/Shaders/Private/HairStrands/HairStrandsPack.ush" 2123
"../../../Engine/Shaders/Private/HairStrands/HairStrandsAttributeCommon.ush" 2124
"../../../Engine/Shaders/Private/HairStrands/HairStrandsAttributeTemplate.ush" 2125
"../../../Engine/Shaders/Private/SparseVolumeTexture/SparseVolumeTextureCommon.ush" 2126
"../../../Engine/Shaders/Shared/EnvironmentComponentsFlags.h" 2127
"../../../Engine/Shaders/Private/MeshPaintTextureCommon.ush" 2128
"../../../Engine/Shaders/Private/VirtualTextureMaterial.ush" 2129
"../../../Engine/Shaders/Private/MaterialCache/MaterialCacheMaterialCommon.ush" 2130
"../../../Engine/Shaders/Private/MaterialCache/MaterialCacheABuffer.ush" 2131
"../../../Engine/Shaders/Private/SpeedTreeCommon.ush" 2132
"../../../Engine/Shaders/Private/VirtualTextureCommon.ush" 2133
"../../../Engine/Shaders/Private/MaterialTexture.ush" 2134
"../../../Engine/Shaders/Private/MinMaterialTexCoords.ush" 2135
"../../../Engine/Shaders/Private/SkyAtmosphereCommon.ush" 2136
"../../../Engine/Shaders/Private/SingleLayerWaterCommon.ush" 2137
"../../../Engine/Shaders/Private/TextureSampling.ush" 2138
"../../../Engine/Shaders/Private/PaniniProjection.ush" 2139
"../../../Engine/Shaders/Private/DBufferNormalReprojection.ush" 2140
"../../../Engine/Shaders/Public/SubstratePublic.ush" 2141
"../../../Engine/Shaders/Private/Substrate/SubstrateTree.ush" 2142
"../../../Engine/Shaders/Private/Substrate/SubstrateEvaluation.ush" 2143
"../../../Engine/Shaders/Private/Substrate/Glint/GlintThirdParty.ush" 2144
"../../../Engine/Shaders/Private/BlueNoise.ush" 2145
"../../../Engine/Shaders/Private/SHCommon.ush" 2146
"../../../Engine/Shaders/Private/ShadingModels.ush" 2147
"../../../Engine/Shaders/Private/CapsuleLight.ush" 2148
"../../../Engine/Shaders/Private/RectLight.ush" 2149
"../../../Engine/Shaders/Private/LightData.ush" 2150
"../../../Engine/Shaders/Shared/LightDefinitions.h" 2151
"../../../Engine/Shaders/Private/AreaLightCommon.ush" 2152
"../../../Engine/Shaders/Private/HairBsdf.ush" 2153
"../../../Engine/Shaders/Private/MobileGGX.ush" 2154
"../../../Engine/Shaders/Private/ShadingModelsSampling.ush" 2155
"../../../Engine/Shaders/Private/HairStrands/HairBsdfSample.ush" 2156
"../../../Engine/Shaders/Private/HairStrands/HairStrandsCommon.ush" 2157
"../../../Engine/Shaders/Private/HairStrands/HairStrandsDeepTransmittanceCommon.ush" 2158
"../../../Engine/Shaders/Private/HairStrands/HairStrandsDeepTransmittanceDualScattering.ush" 2159
"../../../Engine/Shaders/Private/HairStrands/HairStrandsEnvironmentLightingCommon.ush" 2160
"../../../Engine/Shaders/Private/Substrate/SubstrateLegacyConversion.ush" 2161
"../../../Engine/Shaders/Private/DBufferDecalShared.ush" 2162
"../../../Engine/Plugins/FX/Niagara/Shaders/Private/NiagaraSortKeyGen.usf" 2163
"../../../Engine/Plugins/FX/Niagara/Shaders/Private/NiagaraGPURayTracingTransforms.usf" 2164
"../../../Engine/Plugins/FX/Niagara/Shaders/Private/NiagaraDrawIndirectArgsGen.usf" 2165
"../../../Engine/Plugins/FX/Niagara/Shaders/Private/NiagaraDispatchIndirectArgsGen.usf" 2166
"../../../Engine/Plugins/FX/Niagara/Shaders/Private/Stateless/NiagaraStatelessSimulationDefault.usf" 2167
"../../../Engine/Plugins/FX/Niagara/Shaders/Private/Stateless/NiagaraStatelessSimulationTemplate.ush" 2168
"../../../Engine/Plugins/FX/Niagara/Shaders/Private/Stateless/NiagaraStatelessCommon.ush" 2169
"../../../Engine/Plugins/FX/Niagara/Shaders/Shared/NiagaraStatelessDefinitions.h" 2170
"../../../Engine/Plugins/FX/Niagara/Shaders/Shared/NiagaraStatelessBuiltDistribution.h" 2171
"../../../Engine/Plugins/FX/Niagara/Shaders/Private/NiagaraQuaternionUtils.ush" 2172
"../../../Engine/Plugins/FX/Niagara/Shaders/Private/Stateless/NiagaraStatelessDistribution.ush" 2173
"../../../Engine/Plugins/FX/Niagara/Shaders/Private/Stateless/Modules/NiagaraStatelessModule_CalculateAccurateVelocity.ush" 2174
"../../../Engine/Plugins/FX/Niagara/Shaders/Private/Stateless/Modules/NiagaraStatelessModule_CameraOffset.ush" 2175
"../../../Engine/Plugins/FX/Niagara/Shaders/Private/Stateless/Modules/NiagaraStatelessModule_DynamicMaterialParameters.ush" 2176
"../../../Engine/Plugins/FX/Niagara/Shaders/Private/Stateless/Modules/NiagaraStatelessModule_InitializeParticle.ush" 2177
"../../../Engine/Plugins/FX/Niagara/Shaders/Private/Stateless/Modules/NiagaraStatelessModule_InitialMeshOrientation.ush" 2178
"../../../Engine/Plugins/FX/Niagara/Shaders/Private/Stateless/Modules/NiagaraStatelessModule_MeshIndex.ush" 2179
"../../../Engine/Plugins/FX/Niagara/Shaders/Private/Stateless/Modules/NiagaraStatelessModule_MeshRotationRate.ush" 2180
"../../../Engine/Plugins/FX/Niagara/Shaders/Private/Stateless/Modules/NiagaraStatelessModule_RotateAroundPoint.ush" 2181
"../../../Engine/Plugins/FX/Niagara/Shaders/Private/Stateless/Modules/NiagaraStatelessModule_ShapeLocation.ush" 2182
"../../../Engine/Plugins/FX/Niagara/Shaders/Private/Stateless/Modules/NiagaraStatelessModule_ScaleColor.ush" 2183
"../../../Engine/Plugins/FX/Niagara/Shaders/Private/Stateless/Modules/NiagaraStatelessModule_ScaleRibbonWidth.ush" 2184
"../../../Engine/Plugins/FX/Niagara/Shaders/Private/Stateless/Modules/NiagaraStatelessModule_ScaleSpriteSize.ush" 2185
"../../../Engine/Plugins/FX/Niagara/Shaders/Private/Stateless/Modules/NiagaraStatelessModule_ScaleSpriteSizeBySpeed.ush" 2186
"../../../Engine/Plugins/FX/Niagara/Shaders/Private/Stateless/Modules/NiagaraStatelessModule_ScaleMeshSize.ush" 2187
"../../../Engine/Plugins/FX/Niagara/Shaders/Private/Stateless/Modules/NiagaraStatelessModule_ScaleMeshSizebySpeed.ush" 2188
"../../../Engine/Plugins/FX/Niagara/Shaders/Private/Stateless/Modules/NiagaraStatelessModule_SolveVelocitiesAndForces.ush" 2189
"../../../Engine/Plugins/FX/Niagara/Shaders/Private/Stateless/Modules/NiagaraStatelessModule_SpriteFacingAndAlignment.ush" 2190
"../../../Engine/Plugins/FX/Niagara/Shaders/Private/Stateless/Modules/NiagaraStatelessModule_SpriteRotationRate.ush" 2191
"../../../Engine/Plugins/FX/Niagara/Shaders/Private/Stateless/Modules/NiagaraStatelessModule_SubUVAnimation.ush" 2192
"../../../Engine/Plugins/FX/Niagara/Shaders/Private/NiagaraBlendSVTsToDenseBuffer.usf" 2193
"../../../Engine/Plugins/FX/Niagara/Shaders/Private/NiagaraSVTToDenseBuffer.usf" 2194
"../../../Engine/Plugins/FX/Niagara/Shaders/Private/NiagaraFillIntBuffer.usf" 2195
"../../../Engine/Plugins/FX/Niagara/Shaders/Private/NiagaraComputeFreeIDs.usf" 2196
"../../../Engine/Plugins/FX/Niagara/Shaders/Private/NiagaraInitFreeIDBuffer.usf" 2197
"../../../Engine/Plugins/FX/Niagara/Shaders/Private/NiagaraEmitterInstanceShader.usf" 2198
"../../../Engine/Plugins/FX/Niagara/Shaders/Private/NiagaraShaderVersion.ush" 2199
"../../../Engine/Plugins/FX/Niagara/Shaders/Private/NiagaraPhysicsCommon.ush" 2200
"../../../Engine/Plugins/FX/Niagara/Shaders/Private/Ribbons/NiagaraRibbonAggregationApply.usf" 2201
"../../../Engine/Plugins/FX/Niagara/Shaders/Private/Ribbons/NiagaraRibbonCommon.ush" 2202
"../../../Engine/Plugins/FX/Niagara/Shaders/Private/Ribbons/NiagaraRibbonAggregationStep.usf" 2203
"../../../Engine/Plugins/FX/Niagara/Shaders/Private/Ribbons/NiagaraRibbonGenerateIndices.usf" 2204
"../../../Engine/Plugins/FX/Niagara/Shaders/Private/Ribbons/NiagaraRibbonInitializeIndices.usf" 2205
"../../../Engine/Plugins/FX/Niagara/Shaders/Private/Ribbons/NiagaraRibbonRibbonUVParamCalculation.usf" 2206
"../../../Engine/Plugins/FX/Niagara/Shaders/Private/Ribbons/NiagaraRibbonVertexReductionFinalization.usf" 2207
"../../../Engine/Plugins/FX/Niagara/Shaders/Private/Ribbons/NiagaraRibbonVertexReductionInitialization.usf" 2208
"../../../Engine/Plugins/FX/Niagara/Shaders/Private/Ribbons/NiagaraRibbonSortParticles.usf" 2209
"../../../Engine/Plugins/FX/Niagara/Shaders/Private/NiagaraLWCHelper.usf" 2210
"../../../Engine/Plugins/FX/Niagara/Shaders/Private/NiagaraUpdateMeshGPUSceneInstances.usf" 2211
"../../../Engine/Shaders/Private/GPUScene/GPUSceneWriter.ush" 2212
"../../../Engine/Plugins/FX/Niagara/Shaders/Private/NiagaraGenerateMips.usf" 2213
"../../../Engine/Plugins/FX/Niagara/Shaders/Private/NiagaraDebugDraw.usf" 2214
"../../../Engine/Plugins/FX/Niagara/Shaders/Private/NiagaraDebugDraw.ush" 2215
"../../../Engine/Plugins/FX/Niagara/Shaders/Private/NiagaraVisualizeTexture.usf" 2216
"../../../Engine/Plugins/FX/Niagara/Shaders/Private/NiagaraClearCounts.usf" 2217
"../../../Engine/Plugins/FX/Niagara/Shaders/Private/NiagaraBatchedElements.usf" 2218
"../../../Engine/Plugins/FX/Niagara/Shaders/Private/NiagaraRayTracingShaders.usf" 2219
"../../../Engine/Plugins/FX/Niagara/Shaders/Private/NiagaraAsyncGpuTraceCommon.ush" 2220
"../../../Engine/Shaders/Private/HashTable.ush" 2221
"../../../Engine/Shaders/Private/Hash.ush" 2222
"../../../Engine/Shaders/Private/RayTracing/VFXTraceRay.ush" 2223
"../../../Engine/Plugins/FX/Niagara/Shaders/Private/NiagaraRayMarchingShaders.usf" 2224
"../../../Engine/Plugins/FX/Niagara/Shaders/Private/NiagaraRayTraceCollisionGroupShaders.usf" 2225
"../../../Engine/Plugins/FX/Niagara/Shaders/Private/NiagaraAsyncGpuTraceUtils.usf" 2226
"../../../Engine/Plugins/VirtualProduction/GeometryMask/Shaders/Private/GeometryMaskJFtoDFCS.usf" 2227
"../../../Engine/Plugins/VirtualProduction/GeometryMask/Shaders/Private/GeometryMaskJFStepCS.usf" 2228
"../../../Engine/Plugins/VirtualProduction/GeometryMask/Shaders/Private/GeometryMaskJFInitCS.usf" 2229
"../../../Engine/Plugins/VirtualProduction/GeometryMask/Shaders/Private/GeometryMaskBlurCS.usf" 2230
"../../../Engine/Plugins/VirtualProduction/CameraCalibrationCore/Shaders/Private/CrosshairOverlay.usf" 2231
"../../../Engine/Plugins/VirtualProduction/CameraCalibrationCore/Shaders/Private/DisplacementMapBlending.usf" 2232
"../../../Engine/Plugins/VirtualProduction/CameraCalibrationCore/Shaders/Private/RecenterSTDisplacementMaps.usf" 2233
"../../../Engine/Plugins/VirtualProduction/CameraCalibrationCore/Shaders/Private/FillSTDisplacementMap.usf" 2234
"../../../Engine/Plugins/VirtualProduction/CameraCalibrationCore/Shaders/Private/InvertDisplacementMap.usf" 2235
"../../../Engine/Plugins/VirtualProduction/CameraCalibrationCore/Shaders/Private/CropDisplacementMap.usf" 2236
"../../../Engine/Plugins/VirtualProduction/CameraCalibrationCore/Shaders/Private/BlendDisplacementMaps.usf" 2237
"../../../Engine/Plugins/VirtualProduction/CameraCalibrationCore/Shaders/Private/DrawDisplacementMaps.usf" 2238
"../../../Engine/Plugins/VirtualProduction/CameraCalibrationCore/Shaders/Private/UndistortImagePoints.usf" 2239
"../../../Engine/Plugins/VirtualProduction/CameraCalibrationCore/Shaders/Private/DistortionSTMapProcessor.usf" 2240
"../../../Engine/Plugins/Media/WmfMedia/Shaders/Private/MediaHardwareVideoDecoding.usf" 2241
"../../../Engine/Shaders/Private/ColorUtils.ush" 2242
"../../../Engine/Plugins/Media/ImgMedia/Shaders/Private/ExrSwizzler.usf" 2243
"../../../Engine/Shaders/Private/VirtualTextureAdapter.usf" 2244
"../../../Engine/Shaders/Private/BlockCompressionCommon.ush" 2245
"../../../Engine/Shaders/Private/BCCompressionCommon.ush" 2246
"../../../Engine/Shaders/Private/TranslucentLightingShaders.usf" 2247
"../../../Engine/Shaders/Private/CubemapCommon.ush" 2248
"../../../Engine/Shaders/Private/VectorFieldCompositeShaders.usf" 2249
"../../../Engine/Shaders/Private/UpdateTextureShaders.usf" 2250
"../../../Engine/Shaders/Private/StereoLayerShader.usf" 2251
"../../../Engine/Shaders/Private/SparseVolumeTexture/UpdateSparseVolumeTexture.usf" 2252
"../../../Engine/Shaders/Private/MorphTargets.usf" 2253
"../../../Engine/Shaders/Private/SimpleElementColorChannelMaskPixelShader.usf" 2254
"../../../Engine/Shaders/Private/SimpleElementHitProxyPixelShader.usf" 2255
"../../../Engine/Shaders/Private/SimpleElementPixelShader.usf" 2256
"../../../Engine/Shaders/Private/IESLightProfilesCommon.ush" 2257
"../../../Engine/Shaders/Private/SimpleElementVertexShader.usf" 2258
"../../../Engine/Shaders/Private/ScreenPixelShaderOES.usf" 2259
"../../../Engine/Shaders/Private/ScreenVertexShader.usf" 2260
"../../../Engine/Shaders/Private/ScreenPixelShader.usf" 2261
"../../../Engine/Shaders/Private/SSProfilePreIntegratedMobile.usf" 2262
"../../../Engine/Shaders/Private/SpecularProfile.usf" 2263
"../../../Engine/Shaders/Private/Nanite/NaniteStreaming.usf" 2264
"../../../Engine/Shaders/Private/Nanite/NaniteStreaming.ush" 2265
"../../../Engine/Shaders/Private/Nanite/NaniteTranscode.usf" 2266
"../../../Engine/Shaders/Private/VolumetricLightmapStreaming.usf" 2267
"../../../Engine/Shaders/Private/PhysicsFieldReset.usf" 2268
"../../../Engine/Shaders/Private/PhysicsFieldBuilder.usf" 2269
"../../../Engine/Shaders/Private/PhysicsFieldEval.ush" 2270
"../../../Engine/Shaders/Private/ParticleSortKeyGen.usf" 2271
"../../../Engine/Shaders/Private/ParticleBoundsShader.usf" 2272
"../../../Engine/Shaders/Private/ParticleSimVisualizeShader.usf" 2273
"../../../Engine/Shaders/Private/ParticleInjectionShader.usf" 2274
"../../../Engine/Shaders/Private/ParticleSimulationShader.usf" 2275
"../../../Engine/Shaders/Private/ParticleCurveInjectionShader.usf" 2276
"../../../Engine/Shaders/Private/CopyUIntBuffer.usf" 2277
"../../../Engine/Shaders/Private/RadixSortShaders.usf" 2278
"../../../Engine/Shaders/Private/RecomputeTangentsPerVertexPass.usf" 2279
"../../../Engine/Shaders/Private/RecomputeTangentsCommon.ush" 2280
"../../../Engine/Shaders/Private/RecomputeTangentsPerTrianglePass.usf" 2281
"../../../Engine/Shaders/Private/GpuSkinCacheComputeShader.usf" 2282
"../../../Engine/Shaders/Private/HeightFieldAtlasManagement.usf" 2283
"../../../Engine/Shaders/Private/Landscape/LandscapeEditLayersUtils.usf" 2284
"../../../Engine/Shaders/Private/Landscape/LandscapeCommon.ush" 2285
"../../../Engine/Shaders/Private/Landscape/LandscapeEditLayersWeightmaps.usf" 2286
"../../../Engine/Shaders/Private/Landscape/LandscapeEditLayersHeightmaps.usf" 2287
"../../../Engine/Shaders/Private/Landscape/LandscapeLayersWeightmapsPS.usf" 2288
"../../../Engine/Shaders/Private/Landscape/LandscapeLayersHeightmapsPS.usf" 2289
"../../../Engine/Shaders/Private/LandscapeLayersCS.usf" 2290
"../../../Engine/Shaders/Private/LandscapeLayersPS.usf" 2291
"../../../Engine/Shaders/Private/LandscapeLayersVS.usf" 2292
"../../../Engine/Shaders/Private/LandscapePhysicalMaterial.usf" 2293
"../../../Engine/Shaders/Private/LandscapeGrassWeight.usf" 2294
"../../../Engine/Shaders/Private/Landscape/LandscapeCulling.usf" 2295
"../../../Engine/Shaders/Private/Nanite/NaniteHZBCull.ush" 2296
"../../../Engine/Shaders/Private/HZB.ush" 2297
"../../../Engine/Shaders/Private/Landscape/LandscapeMergeTexturesPS.usf" 2298
"../../../Engine/Shaders/Private/WideCustomResolveShaders.usf" 2299
"../../../Engine/Shaders/Private/WideCustomResolve_Wide.ush" 2300
"../../../Engine/Shaders/Private/WideCustomResolve_Wider.ush" 2301
"../../../Engine/Shaders/Private/WideCustomResolve_Widest.ush" 2302
"../../../Engine/Shaders/Private/WaterInfoTextureBlur.usf" 2303
"../../../Engine/Shaders/Private/WaterInfoTextureMerge.usf" 2304
"../../../Engine/Shaders/Private/PageTableUpdate.usf" 2305
"../../../Engine/Shaders/Private/VirtualTextureCompress.usf" 2306
"../../../Engine/Shaders/Private/ASTCCompressionCommon.ush" 2307
"../../../Engine/Shaders/Private/IntegerSequenceEncoding.ush" 2308
"../../../Engine/Shaders/Private/ETCCompressionCommon.ush" 2309
"../../../Engine/Shaders/Private/VirtualTextureMaterial.usf" 2310
"../../../Engine/Shaders/Private/PixelShaderOutputCommon.ush" 2311
"../../../Engine/Shaders/Private/ShaderOutputCommon.ush" 2312
"../../../Engine/Shaders/Private/VolumetricRenderTarget.usf" 2313
"../../../Engine/Shaders/Private/HeightFogCommon.ush" 2314
"../../../Engine/Shaders/Private/LocalFogVolumes/LocalFogVolumeCommon.ush" 2315
"../../../Engine/Shaders/Private/ReflectionEnvironmentShared.ush" 2316
"../../../Engine/Shaders/Private/VolumetricFogVoxelization.usf" 2317
"../../../Engine/Shaders/Private/VolumetricCloudMaterialPixelCommon.ush" 2318
"../../../Engine/Shaders/Private/VolumetricFogLightFunction.usf" 2319
"../../../Engine/Shaders/Private/LightFunctionCommon.ush" 2320
"../../../Engine/Shaders/Private/VolumetricFog.usf" 2321
"../../../Engine/Shaders/Private/DeferredLightingCommon.ush" 2322
"../../../Engine/Shaders/Private/DynamicLightingCommon.ush" 2323
"../../../Engine/Shaders/Private/CapsuleLightIntegrate.ush" 2324
"../../../Engine/Shaders/Private/CapsuleLightSampling.ush" 2325
"../../../Engine/Shaders/Private/RectLightIntegrate.ush" 2326
"../../../Engine/Shaders/Private/ScreenSpaceShadowRayCast.ush" 2327
"../../../Engine/Shaders/Private/LightFunctionAtlas/LightFunctionAtlasCommon.usf" 2328
"../../../Engine/Shaders/Private/HeterogeneousVolumes/HeterogeneousVolumesAdaptiveVolumetricShadowMapSampling.ush" 2329
"../../../Engine/Shaders/Private/HeterogeneousVolumes/HeterogeneousVolumesAdaptiveVolumetricShadowMapUtils.ush" 2330
"../../../Engine/Shaders/Private/HeterogeneousVolumes/HeterogeneousVolumesRayMarchingUtils.ush" 2331
"../../../Engine/Shaders/Private/HeterogeneousVolumes/HeterogeneousVolumesRayMarchingTypes.ush" 2332
"../../../Engine/Shaders/Private/PathTracing/Utilities/PathTracingRandomSequence.ush" 2333
"../../../Engine/Shaders/Private/HeterogeneousVolumes/HeterogeneousVolumesTracingUtils.ush" 2334
"../../../Engine/Shaders/Private/VelocityCommon.ush" 2335
"../../../Engine/Shaders/Private/HeterogeneousVolumes/HeterogeneousVolumesTransmittanceVolumeUtils.ush" 2336
"../../../Engine/Shaders/Private/ForwardShadowingCommon.ush" 2337
"../../../Engine/Shaders/Private/ShadowFilteringCommon.ush" 2338
"../../../Engine/Shaders/Private/PixelQuadMessagePassing.ush" 2339
"../../../Engine/Shaders/Private/VolumeLightingCommon.ush" 2340
"../../../Engine/Shaders/Private/ShadowProjectionCommon.ush" 2341
"../../../Engine/Shaders/Private/VolumeLightingCommonSampling.ush" 2342
"../../../Engine/Shaders/Private/Lumen/LumenTranslucencyVolumeShared.ush" 2343
"../../../Engine/Shaders/Private/Lumen/LumenRadianceCacheInterpolation.ush" 2344
"../../../Engine/Shaders/Private/HeterogeneousVolumes/HeterogeneousVolumesAdaptiveVolumetricShadowMapSampler.ush" 2345
"../../../Engine/Shaders/Private/LightGridCommon.ush" 2346
"../../../Engine/Shaders/Private/DistanceFieldAOShared.ush" 2347
"../../../Engine/Shaders/Private/IntersectionUtils.ush" 2348
"../../../Engine/Shaders/Private/VolumetricLightmapShared.ush" 2349
"../../../Engine/Shaders/Private/LightDataUniforms.ush" 2350
"../../../Engine/Shaders/Private/VirtualShadowMaps/VirtualShadowMapProjectionCommon.ush" 2351
"../../../Engine/Shaders/Private/VirtualShadowMaps/VirtualShadowMapPageAccessCommon.ush" 2352
"../../../Engine/Shaders/Shared/VirtualShadowMapDefinitions.h" 2353
"../../../Engine/Shaders/Shared/HLSLMathAliases.h" 2354
"../../../Engine/Shaders/Private/VirtualShadowMaps/VirtualShadowMapProjectionStructs.ush" 2355
"../../../Engine/Shaders/Private/VolumetricCloudCommon.ush" 2356
"../../../Engine/Shaders/Private/VolumetricCloud.usf" 2357
"../../../Engine/Shaders/Private/ColorMap.ush" 2358
"../../../Engine/Shaders/Private/VisualizeVolumetricLightmap.usf" 2359
"../../../Engine/Shaders/Private/VirtualShadowMaps/VirtualShadowMapProjectionComposite.usf" 2360
"../../../Engine/Shaders/Private/LightShaderParameters.ush" 2361
"../../../Engine/Shaders/Private/VirtualShadowMaps/VirtualShadowMapMaskBitsCommon.ush" 2362
"../../../Engine/Shaders/Private/VirtualShadowMaps/VirtualShadowMapLightGrid.ush" 2363
"../../../Engine/Shaders/Private/VirtualShadowMaps/VirtualShadowMapProjection.usf" 2364
"../../../Engine/Shaders/Private/HairStrands/HairStrandsVisibilityCommon.ush" 2365
"../../../Engine/Shaders/Private/Visualization.ush" 2366
"../../../Engine/Shaders/Private/VirtualShadowMaps/VirtualShadowMapProjectionFilter.ush" 2367
"../../../Engine/Shaders/Private/VirtualShadowMaps/VirtualShadowMapProjectionDirectional.ush" 2368
"../../../Engine/Shaders/Private/VirtualShadowMaps/VirtualShadowMapSMRTCommon.ush" 2369
"../../../Engine/Shaders/Private/VirtualShadowMaps/VirtualShadowMapSMRTTemplate.ush" 2370
"../../../Engine/Shaders/Private/VirtualShadowMaps/VirtualShadowMapProjectionSpot.ush" 2371
"../../../Engine/Shaders/Private/VirtualShadowMaps/VirtualShadowMapTransmissionCommon.ush" 2372
"../../../Engine/Shaders/Private/VirtualShadowMaps/VirtualShadowMapScreenRayTrace.ush" 2373
"../../../Engine/Shaders/Private/VirtualShadowMaps/VirtualShadowMapStats.ush" 2374
"../../../Engine/Shaders/Private/HairStrands/HairStrandsVoxelPageCommon.ush" 2375
"../../../Engine/Shaders/Private/HairStrands/HairStrandsVoxelPageTraversal.ush" 2376
"../../../Engine/Shaders/Private/VirtualShadowMaps/VirtualShadowMapCacheGPUInvalidation.usf" 2377
"../../../Engine/Shaders/Private/VirtualShadowMaps/VirtualShadowMapPageCacheCommon.ush" 2378
"../../../Engine/Shaders/Private/VirtualShadowMaps/VirtualShadowMapCacheInvalidation.ush" 2379
"../../../Engine/Shaders/Private/VirtualShadowMaps/VirtualShadowMapPageOverlap.ush" 2380
"../../../Engine/Shaders/Private/ScreenSpaceDenoise/SSDDefinitions.ush" 2381
"../../../Engine/Shaders/Private/InstanceCulling/InstanceCullingLoadBalancer.ush" 2382
"../../../Engine/Shaders/Private/VirtualShadowMaps/VirtualShadowMapCacheLoadBalancer.usf" 2383
"../../../Engine/Shaders/Private/VirtualShadowMaps/VirtualShadowMapCopyStats.usf" 2384
"../../../Engine/Shaders/Private/VirtualShadowMaps/VirtualShadowMapDebug.usf" 2385
"../../../Engine/Shaders/Private/VirtualShadowMaps/Desaturate.usf" 2386
"../../../Engine/Shaders/Private/VirtualShadowMaps/VirtualShadowMapPhysicalPageManagement.usf" 2387
"../../../Engine/Shaders/Private/ReductionCommon.ush" 2388
"../../../Engine/Shaders/Private/GPUMessaging.ush" 2389
"../../../Engine/Shaders/Private/VirtualShadowMaps/VirtualShadowMapPerPageDispatch.ush" 2390
"../../../Engine/Shaders/Private/ThreadGroupPrefixSum.ush" 2391
"../../../Engine/Shaders/Private/VirtualShadowMaps/VirtualShadowMapCompactViews.usf" 2392
"../../../Engine/Shaders/Shared/SceneCullingDefinitions.h" 2393
"../../../Engine/Shaders/Private/VirtualShadowMaps/VirtualShadowMapBuildPerPageDrawCommands.usf" 2394
"../../../Engine/Shaders/Private/Nanite/NaniteCullingCommon.ush" 2395
"../../../Engine/Shaders/Private/Nanite/NaniteCulling.ush" 2396
"../../../Engine/Shaders/Private/Nanite/NaniteHierarchyTraversalCommon.ush" 2397
"../../../Engine/Shaders/Private/InstanceCulling/InstanceCullingCommon.ush" 2398
"../../../Engine/Shaders/Shared/InstanceCullingDefinitions.h" 2399
"../../../Engine/Shaders/Private/VirtualShadowMaps/VirtualShadowMapPrintStats.usf" 2400
"../../../Engine/Shaders/Private/VirtualShadowMaps/VirtualShadowMapPageManagement.usf" 2401
"../../../Engine/Shaders/Private/VirtualShadowMaps/VirtualShadowMapPageMarking.usf" 2402
"../../../Engine/Shaders/Shared/SingleLayerWaterDefinitions.h" 2403
"../../../Engine/Shaders/Private/HairStrands/HairStrandsTileCommon.ush" 2404
"../../../Engine/Shaders/Private/Froxel/Froxel.ush" 2405
"../../../Engine/Shaders/Shared/FroxelDefinitions.h" 2406
"../../../Engine/Shaders/Private/DiaphragmDOF/DOFCommon.ush" 2407
"../../../Engine/Shaders/Private/VariableRateShading/VRSShadingRatePreview.usf" 2408
"../../../Engine/Shaders/Private/VariableRateShading/VRSShadingRateCommon.ush" 2409
"../../../Engine/Shaders/Private/VariableRateShading/VRSShadingRateCombine.usf" 2410
"../../../Engine/Shaders/Private/VariableRateShading/VRSShadingRateFoveated.usf" 2411
"../../../Engine/Shaders/Private/VariableRateShading/VRSShadingRateReproject.usf" 2412
"../../../Engine/Shaders/Private/VariableRateShading/VRSShadingRateCalculate.usf" 2413
"../../../Engine/Shaders/Private/TranslucencyUpsampling.usf" 2414
"../../../Engine/Shaders/Private/ComposeSeparateTranslucency.usf" 2415
"../../../Engine/Shaders/Private/SeparateTranslucency.ush" 2416
"../../../Engine/Shaders/Private/TranslucentLightInjectionShaders.usf" 2417
"../../../Engine/Shaders/Private/TranslucentShadowDepthShaders.usf" 2418
"../../../Engine/Shaders/Private/ShadowDepthCommon.ush" 2419
"../../../Engine/Shaders/Private/RayTracing/RayTracingTest.usf" 2420
"../../../Engine/Shaders/Private/PostprocessSubsurfaceTile.usf" 2421
"../../../Engine/Shaders/Private/PostProcessCommon.ush" 2422
"../../../Engine/Shaders/Private/PostProcessSubsurfaceCommon.ush" 2423
"../../../Engine/Shaders/Private/Substrate/SubstrateVisualize.usf" 2424
"../../../Engine/Shaders/Private/Substrate/SubstrateTile.ush" 2425
"../../../Engine/Shaders/Shared/SubstrateVisualizeDefinitions.h" 2426
"../../../Engine/Shaders/Private/Substrate/SubstrateVisualizeCommon.ush" 2427
"../../../Engine/Shaders/Private/SkyLightingDiffuseShared.ush" 2428
"../../../Engine/Shaders/Private/SkyLightingShared.ush" 2429
"../../../Engine/Shaders/Private/ClearCoatCommon.ush" 2430
"../../../Engine/Shaders/Private/ReflectionEnvironmentComposite.ush" 2431
"../../../Engine/Shaders/Private/Substrate/SubstrateLightingCommon.ush" 2432
"../../../Engine/Shaders/Private/Substrate/SubstrateRoughRefraction.usf" 2433
"../../../Engine/Shaders/Private/PathTracing/Material/PathTracingFresnel.ush" 2434
"../../../Engine/Shaders/Private/PathTracing/Material/PathTracingGlossy.ush" 2435
"../../../Engine/Shaders/Private/Substrate/SubstrateMaterialSampling.usf" 2436
"../../../Engine/Shaders/Private/Substrate/SubstrateMaterialSampling.ush" 2437
"../../../Engine/Shaders/Private/Lumen/LumenPosition.ush" 2438
"../../../Engine/Shaders/Private/Substrate/SubstrateTile.usf" 2439
"../../../Engine/Shaders/Private/Substrate/SubstrateMaterialClassification.usf" 2440
"../../../Engine/Shaders/Private/Substrate/SubstrateDBuffer.usf" 2441
"../../../Engine/Shaders/Private/StochasticLighting/StochasticLightingDenoising.usf" 2442
"../../../Engine/Shaders/Private/Lumen/LumenMaterial.ush" 2443
"../../../Engine/Shaders/Private/StochasticLighting/StochasticLightingCommon.ush" 2444
"../../../Engine/Shaders/Private/SplineMeshSceneTexture.usf" 2445
"../../../Engine/Shaders/Private/SparseVolumeTexture/VisualizeSparseVolumeTexture.usf" 2446
"../../../Engine/Shaders/Private/SkyAtmosphere.usf" 2447
"../../../Engine/Shaders/Private/Skinning/SkinnedMeshDebug.usf" 2448
"../../../Engine/Shaders/Private/Skinning/AnimBankEval.usf" 2449
"../../../Engine/Shaders/Private/SingleLayerWaterComposite.usf" 2450
"../../../Engine/Shaders/Private/Froxel/FroxelBuild.ush" 2451
"../../../Engine/Shaders/Private/SingleLayerWaterRefractionCulling.usf" 2452
"../../../Engine/Shaders/Private/ScreenSpaceShadows.usf" 2453
"../../../Engine/Shaders/Private/bend_sss_gpu.ush" 2454
"../../../Engine/Shaders/Private/ShadowFactorsUpsampleCommon.ush" 2455
"../../../Engine/Shaders/Private/FirstPersonSelfShadow.usf" 2456
"../../../Engine/Shaders/Private/HZBTracing.ush" 2457
"../../../Engine/Shaders/Private/ShadowProjectionVertexShader.usf" 2458
"../../../Engine/Shaders/Private/ShadowProjectionPixelShader.usf" 2459
"../../../Engine/Shaders/Private/MobileLightingCommon.ush" 2460
"../../../Engine/Shaders/Private/PlanarReflectionShared.ush" 2461
"../../../Engine/Shaders/Private/MobileSSR.ush" 2462
"../../../Engine/Shaders/Private/SSRT/SSRTRayCast.ush" 2463
"../../../Engine/Shaders/Private/ShadowPercentageCloserFiltering.ush" 2464
"../../../Engine/Shaders/Private/TransmissionThickness.ush" 2465
"../../../Engine/Shaders/Private/CopyShadowMaps.usf" 2466
"../../../Engine/Shaders/Private/ShadowDepthPixelShader.usf" 2467
"../../../Engine/Shaders/Private/ShadowDepthVertexShader.usf" 2468
"../../../Engine/Shaders/Private/ShadingEnergyConservationTable.usf" 2469
"../../../Engine/Shaders/Shared/PathTracingDefinitions.h" 2470
"../../../Engine/Shaders/Private/ShadingFurnaceTest.usf" 2471
"../../../Engine/Shaders/Private/Substrate/SubstrateDeferredLighting.ush" 2472
"../../../Engine/Shaders/Private/ShaderPrintDraw.usf" 2473
"../../../Engine/Shaders/Private/ShaderPrintDrawPrimitive.usf" 2474
"../../../Engine/Shaders/Private/DefaultSSRTiles.usf" 2475
"../../../Engine/Shaders/Private/ScreenSpaceReflectionTileCommons.ush" 2476
"../../../Engine/Shaders/Private/SSRT/SSRTDiffuseIndirect.usf" 2477
"../../../Engine/Shaders/Private/SSRT/SSRTTileClassificationBuffer.ush" 2478
"../../../Engine/Shaders/Private/SSRT/SSRTReflections.usf" 2479
"../../../Engine/Shaders/Private/ScreenSpaceDenoise/SSDPublic.ush" 2480
"../../../Engine/Shaders/Private/SSRT/SSRTTileClassification.usf" 2481
"../../../Engine/Shaders/Private/SSRT/SSRTPrevFrameReduction.usf" 2482
"../../../Engine/Shaders/Private/ScreenSpaceDenoise/SSDComposeHarmonics.usf" 2483
"../../../Engine/Shaders/Private/ScreenSpaceDenoise/SSDPublicHarmonics.ush" 2484
"../../../Engine/Shaders/Private/ScreenSpaceDenoise/SSDSignalFramework.ush" 2485
"../../../Engine/Shaders/Private/ScreenSpaceDenoise/SSDCommon.ush" 2486
"../../../Engine/Shaders/Private/SphericalGaussian.ush" 2487
"../../../Engine/Shaders/Public/WaveBroadcastIntrinsics.ush" 2488
"../../../Engine/Shaders/Private/ScreenSpaceDenoise/SSDMetadata.ush" 2489
"../../../Engine/Shaders/Private/ScreenSpaceDenoise/SSDSignalCore.ush" 2490
"../../../Engine/Shaders/Private/ScreenSpaceDenoise/DenoisingCommon.ush" 2491
"../../../Engine/Shaders/Private/ScreenSpaceDenoise/SSDSignalArray.ush" 2492
"../../../Engine/Shaders/Private/ScreenSpaceDenoise/SSDSignalBufferEncoding.ush" 2493
"../../../Engine/Shaders/Private/ScreenSpaceDenoise/SSDPublicBufferEncoding.ush" 2494
"../../../Engine/Shaders/Private/Lumen/LumenBufferEncoding.ush" 2495
"../../../Engine/Shaders/Private/ScreenSpaceDenoise/SSDTemporalAccumulation.usf" 2496
"../../../Engine/Shaders/Private/ScreenSpaceDenoise/SSDSpatialKernel.ush" 2497
"../../../Engine/Shaders/Private/ScreenSpaceDenoise/SSDSignalAccumulatorArray.ush" 2498
"../../../Engine/Shaders/Private/ScreenSpaceDenoise/SSDSignalAccumulator.ush" 2499
"../../../Engine/Shaders/Private/ScreenSpaceDenoise/SSDSignalCompression.ush" 2500
"../../../Engine/Shaders/Private/ScreenSpaceDenoise/SSDSpatialAccumulation.usf" 2501
"../../../Engine/Shaders/Private/ScreenSpaceDenoise/SSDInjest.usf" 2502
"../../../Engine/Shaders/Private/ScreenSpaceDenoise/SSDCompressMetadata.usf" 2503
"../../../Engine/Shaders/Private/DownsampleDepthPixelShader.usf" 2504
"../../../Engine/Shaders/Private/ScreenPass.usf" 2505
"../../../Engine/Shaders/Private/HZB.usf" 2506
"../../../Engine/Shaders/Private/OcclusionFeedbackShaders.usf" 2507
"../../../Engine/Shaders/Private/HZBOcclusion.usf" 2508
"../../../Engine/Shaders/Private/OcclusionQueryPixelShader.usf" 2509
"../../../Engine/Shaders/Private/OcclusionQueryVertexShader.usf" 2510
"../../../Engine/Shaders/Private/HitProxyCopy.usf" 2511
"../../../Engine/Shaders/Private/HitProxyPixelShader.usf" 2512
"../../../Engine/Shaders/Private/HitProxyVertexShader.usf" 2513
"../../../Engine/Shaders/Private/SceneCulling/SceneCullingDebugRender.usf" 2514
"../../../Engine/Shaders/Private/SceneCulling/SceneCulling.ush" 2515
"../../../Engine/Shaders/Private/SceneCulling/SceneCullingBuildExplicitBounds.usf" 2516
"../../../Engine/Shaders/Private/SceneCapturePixelShader.usf" 2517
"../../../Engine/Shaders/Private/RendererUtils.usf" 2518
"../../../Engine/Shaders/Private/RTWriteMaskDecode.usf" 2519
"../../../Engine/Shaders/Private/ReflectionEnvironmentShaders.usf" 2520
"../../../Engine/Shaders/Private/RectLightAtlas.usf" 2521
"../../../Engine/Shaders/Private/RayTracing/TraceRayInlineStatistics.usf" 2522
"../../../Engine/Shaders/Private/RayTracing/CompositeSkyLightPS.usf" 2523
"../../../Engine/Shaders/Private/RayTracing/GenerateSkyLightVisibilityRaysCS.usf" 2524
"../../../Engine/Shaders/Private/RayTracing/RayTracingSkyLightCommon.ush" 2525
"../../../Engine/Shaders/Private/RayTracing/SkyLightVisibilityRaysData.ush" 2526
"../../../Engine/Shaders/Private/Raytracing/RaytracingSkylightRGS.usf" 2527
"../../../Engine/Shaders/Private/HairStrands/HairStrandsRaytracing.ush" 2528
"../../../Engine/Shaders/Private/Raytracing/RayTracingSkyLightEvaluation.ush" 2529
"../../../Engine/Shaders/Private/Raytracing/RayTracingDeferredShadingCommon.ush" 2530
"../../../Engine/Shaders/Private/RayTracing/RayTracingOcclusionRGS.usf" 2531
"../../../Engine/Shaders/Private/RayTracing/RayTracingDirectionalLight.ush" 2532
"../../../Engine/Shaders/Private/RayTracing/RayTracingRectLight.ush" 2533
"../../../Engine/Shaders/Private/RayTracing/RayTracingSphereLight.ush" 2534
"../../../Engine/Shaders/Private/RayTracing/RayTracingCapsuleLight.ush" 2535
"../../../Engine/Shaders/Private/Raytracing/RayTracingFeedback.usf" 2536
"../../../Engine/Shaders/Shared/RayTracingDebugTypes.h" 2537
"../../../Engine/Shaders/Private/RayTracing/RayTracingPrimaryRays.usf" 2538
"../../../Engine/Shaders/Private/RayTracing/RayTracingLightingCommon.ush" 2539
"../../../Engine/Shaders/Private/RayTracing/RayTracingLightCullingCommon.ush" 2540
"../../../Engine/Shaders/Private/RayTracing/RayTracingMaterialDefaultHitShaders.usf" 2541
"../../../Engine/Shaders/Private/RayTracing/RayTracingMaterialHitShaders.usf" 2542
"../../../Engine/Shaders/Private/RayTracing/RayTracingShaderUtils.ush" 2543
"../../../Engine/Shaders/Private/RayTracing/RayTracingCalcInterpolants.ush" 2544
"../../../Engine/Shaders/Private/LightmapCommon.ush" 2545
"../../../Engine/Shaders/Private/Lumen/LumenHardwareRayTracingPayloadCommon.ush" 2546
"../../../Engine/Shaders/Shared/LumenDefinitions.h" 2547
"../../../Engine/Shaders/Private/Substrate/SubstrateExport.ush" 2548
"../../../Engine/Shaders/Private/RayTracing/RayTracingLightingMS.usf" 2549
"../../../Engine/Shaders/Private/Lumen/LumenDiffuseColorBoost.ush" 2550
"../../../Engine/Shaders/Private/RayTracing/RayTracingLightFunctionCommon.ush" 2551
"../../../Engine/Shaders/Private/RayTracing/RayTracingBuildLightGrid.usf" 2552
"../../../Engine/Shaders/Private/Raytracing/RayTracingInstanceBufferUtil.usf" 2553
"../../../Engine/Shaders/Private/RayTracing/RayTracingDynamicMesh.usf" 2554
"../../../Engine/Shaders/Private/RayTracing/RayTracingDefaultDecalHitShader.usf" 2555
"../../../Engine/Shaders/Private/RayTracing/RayTracingDecalMaterialShader.usf" 2556
"../../../Engine/Shaders/Private/PathTracing/PathTracingShaderUtils.ush" 2557
"../../../Engine/Shaders/Private/PathTracing/PathTracingCommon.ush" 2558
"../../../Engine/Shaders/Private/PathTracing/Material/PathTracingMaterialCommon.ush" 2559
"../../../Engine/Shaders/Private/PathTracing/Utilities/PathTracingRIS.ush" 2560
"../../../Engine/Shaders/Private/RayTracing/RayTracingBuildDecalGrid.usf" 2561
"../../../Engine/Shaders/Private/RayTracing/RayTracingDebugHitStatsUtils.usf" 2562
"../../../Engine/Shaders/Private/RayTracing/RayTracingDebugInstanceOverlap.usf" 2563
"../../../Engine/Shaders/Private/RayTracing/RayTracingDebugPicking.usf" 2564
"../../../Engine/Shaders/Private/RayTracing/RayTracingDebugUtils.ush" 2565
"../../../Engine/Shaders/Private/RayTracing/RayTracingDebugTraversal.usf" 2566
"../../../Engine/Shaders/Private/RayTracing/RayTracingDeferredMaterials.ush" 2567
"../../../Engine/Shaders/Shared/ThirdParty/AMD/ags_shader_intrinsics_dx12.h" 2568
"../../../Engine/Shaders/Shared/RayTracingDebugDefinitions.h" 2569
"../../../Engine/Shaders/Private/RayTracing/RayTracingDebugHitStatsCHS.usf" 2570
"../../../Engine/Shaders/Private/RayTracing/RayTracingDebugHitStats.usf" 2571
"../../../Engine/Shaders/Private/RayTracing/RayTracingDebugMS.usf" 2572
"../../../Engine/Shaders/Private/RayTracing/RayTracingDebugCHS.usf" 2573
"../../../Engine/Shaders/Private/RayTracing/RayTracingDebug.usf" 2574
"../../../Engine/Shaders/Private/RayTracing/RayTracingBuiltInShaders.usf" 2575
"../../../Engine/Shaders/Private/RayTracing/RayTracingBarycentrics.usf" 2576
"../../../Engine/Shaders/Private/RayTracing/RayTracingAmbientOcclusionRGS.usf" 2577
"../../../Engine/Shaders/Private/VisualizeShadingModels.usf" 2578
"../../../Engine/Shaders/Private/MotionBlur/VisualizeMotionVectors.usf" 2579
"../../../Engine/Shaders/Private/TemporalSuperResolution/TSRVisualize.usf" 2580
"../../../Engine/Shaders/Private/TemporalSuperResolution/TSRColorSpace.ush" 2581
"../../../Engine/Shaders/Private/TemporalSuperResolution/TSRCommon.ush" 2582
"../../../Engine/Shaders/Public/DualPixelVectorization.ush" 2583
"../../../Engine/Shaders/Private/TemporalSuperResolution/TSRReprojectionField.ush" 2584
"../../../Engine/Shaders/Private/TemporalSuperResolution/TSRResolveHistory.usf" 2585
"../../../Engine/Shaders/Private/TemporalSuperResolution/TSRConvolutionNetwork.ush" 2586
"../../../Engine/Shaders/Private/TemporalSuperResolution/TSRKernels.ush" 2587
"../../../Engine/Shaders/Public/LaneVectorization.ush" 2588
"../../../Engine/Shaders/Private/TemporalSuperResolution/TSRUpdateHistory.usf" 2589
"../../../Engine/Shaders/Private/TemporalSuperResolution/TSRSpatialAntiAliasing.ush" 2590
"../../../Engine/Shaders/Private/TemporalSuperResolution/TSRSpatialAntiAliasing.usf" 2591
"../../../Engine/Shaders/Private/TemporalSuperResolution/TSRRejectShading.usf" 2592
"../../../Engine/Shaders/Private/TemporalSuperResolution/TSRShadingAnalysis.ush" 2593
"../../../Engine/Shaders/Private/TemporalSuperResolution/TSRConvolutionNetworkPass.ush" 2594
"../../../Engine/Shaders/Private/TemporalSuperResolution/TSRDecimateHistory.usf" 2595
"../../../Engine/Shaders/Private/TemporalSuperResolution/TSRDepthVelocityAnalysis.ush" 2596
"../../../Engine/Shaders/Private/TemporalSuperResolution/TSRClosestOccluder.ush" 2597
"../../../Engine/Shaders/Private/TemporalSuperResolution/TSRWeightRelaxation.usf" 2598
"../../../Engine/Shaders/Private/TemporalSuperResolution/TSRThinGeometryCommon.ush" 2599
"../../../Engine/Shaders/Private/TemporalSuperResolution/TSRDetectThinGeometry.usf" 2600
"../../../Engine/Shaders/Private/TemporalSuperResolution/TSRDilateVelocity.usf" 2601
"../../../Engine/Shaders/Private/MotionBlur/MotionBlurVelocityFlatten.ush" 2602
"../../../Engine/Shaders/Private/MotionBlur/MotionBlurCommon.ush" 2603
"../../../Engine/Shaders/Private/TemporalSuperResolution/TSRClearPrevTextures.usf" 2604
"../../../Engine/Shaders/Private/TemporalSuperResolution/TSRMeasureCoverage.usf" 2605
"../../../Engine/Shaders/Private/TemporalSuperResolution/TSRMeasureFlickeringLuma.usf" 2606
"../../../Engine/Shaders/Private/TemporalAA.usf" 2607
"../../../Engine/Shaders/Private/FilterPixelShader.usf" 2608
"../../../Engine/Shaders/Private/FilterVertexShader.usf" 2609
"../../../Engine/Shaders/Private/VisualizeVirtualTexture.usf" 2610
"../../../Engine/Shaders/Private/PostProcessVisualizeBuffer.usf" 2611
"../../../Engine/Shaders/Private/PostProcessVisualizeLocalExposure.usf" 2612
"../../../Engine/Shaders/Private/PostProcessHistogramCommon.ush" 2613
"../../../Engine/Shaders/Private/TonemapCommon.ush" 2614
"../../../Engine/Shaders/Private/ACES/ACESCommon.ush" 2615
"../../../Engine/Shaders/Private/ACES/ACESOutputTransform.ush" 2616
"../../../Engine/Shaders/Private/ACES/ACESUtilities.ush" 2617
"../../../Engine/Shaders/Private/ACES/ACESTonescale.ush" 2618
"../../../Engine/Shaders/Private/ACES/ACESDisplayEncoding.ush" 2619
"../../../Engine/Shaders/Private/ACES/ACES_v1.3.ush" 2620
"../../../Engine/Shaders/Private/PostProcessVisualizeLevelInstance.usf" 2621
"../../../Engine/Shaders/Private/PostProcessVisualizeHDR.usf" 2622
"../../../Engine/Shaders/Private/ShaderComplexityApplyPixelShader.usf" 2623
"../../../Engine/Shaders/Private/QuadOverdraw.ush" 2624
"../../../Engine/Shaders/Private/PostProcessUpscale.usf" 2625
"../../../Engine/Shaders/Private/PostProcessTonemap.usf" 2626
"../../../Engine/Shaders/Private/PostProcessing/FilmGrainPackConstants.usf" 2627
"../../../Engine/Shaders/Private/PostProcessing/FilmGrainReduce.usf" 2628
"../../../Engine/Shaders/Private/PostProcessTestImage.usf" 2629
"../../../Engine/Shaders/Private/PostProcessSubsurface.usf" 2630
"../../../Engine/Shaders/Private/SeparableSSS.ush" 2631
"../../../Engine/Shaders/Private/SubsurfaceBurleyNormalized.ush" 2632
"../../../Engine/Shaders/Private/PostProcessSelectionOutline.usf" 2633
"../../../Engine/Shaders/Private/MotionBlur/MotionBlurVisualize.usf" 2634
"../../../Engine/Shaders/Private/MotionBlur/MotionBlurApply.usf" 2635
"../../../Engine/Shaders/Private/MotionBlur/MotionBlurFilterTileClassify.usf" 2636
"../../../Engine/Shaders/Private/MotionBlur/MotionBlurTileScatter.usf" 2637
"../../../Engine/Shaders/Private/MotionBlur/MotionBlurTileGather.usf" 2638
"../../../Engine/Shaders/Private/MotionBlur/MotionBlurVelocityFlatten.usf" 2639
"../../../Engine/Shaders/Private/PostProcessMobile.usf" 2640
"../../../Engine/Shaders/Private/PostProcessMitchellNetravali.usf" 2641
"../../../Engine/Shaders/Private/PostProcessMaterialShaders.usf" 2642
"../../../Engine/Shaders/Private/NeuralPostProcessCommon.usf" 2643
"../../../Engine/Shaders/Private/PostProcessLocalExposure.usf" 2644
"../../../Engine/Shaders/Private/PostProcessLensFlares.usf" 2645
"../../../Engine/Shaders/Private/PostProcessGBufferHints.usf" 2646
"../../../Engine/Shaders/Private/PostProcessHMD.usf" 2647
"../../../Engine/Shaders/Private/Histogram.usf" 2648
"../../../Engine/Shaders/Private/PostProcessHistogramReduce.usf" 2649
"../../../Engine/Shaders/Private/PostProcessHistogram.usf" 2650
"../../../Engine/Shaders/Private/Bloom/BloomFinalizeApplyConstants.usf" 2651
"../../../Engine/Shaders/Private/Bloom/BloomCommon.ush" 2652
"../../../Engine/Shaders/Private/Bloom/BloomResizeKernel.usf" 2653
"../../../Engine/Shaders/Private/Bloom/BloomDownsampleKernel.usf" 2654
"../../../Engine/Shaders/Private/Bloom/BloomClampKernel.usf" 2655
"../../../Engine/Shaders/Private/Bloom/BloomPackKernelConstants.usf" 2656
"../../../Engine/Shaders/Private/Bloom/BloomSumScatterDispersionEnergy.usf" 2657
"../../../Engine/Shaders/Private/Bloom/BloomReduceKernelSurvey.usf" 2658
"../../../Engine/Shaders/Private/Bloom/BloomSurveyKernelCenterEnergy.usf" 2659
"../../../Engine/Shaders/Private/Bloom/BloomSurveyMaxScatterDispersion.usf" 2660
"../../../Engine/Shaders/Private/Bloom/BloomFindKernelCenter.usf" 2661
"../../../Engine/Shaders/Private/PostProcessEyeAdaptation.usf" 2662
"../../../Engine/Shaders/Private/TranslucencyVolumeCommon.ush" 2663
"../../../Engine/Shaders/Private/PostProcessEyeAdaptationUtils.usf" 2664
"../../../Engine/Shaders/Private/PostProcessDownsample.usf" 2665
"../../../Engine/Shaders/Private/PostProcessDOF.usf" 2666
"../../../Engine/Shaders/Private/PostProcessDeviceEncodingOnly.usf" 2667
"../../../Engine/Shaders/Private/PostProcessCompositePrimitives.usf" 2668
"../../../Engine/Shaders/Private/PostProcessCombineLUTs.usf" 2669
"../../../Engine/Shaders/Private/PostProcessVisualizeDOF.usf" 2670
"../../../Engine/Shaders/Private/PostProcessBloom.usf" 2671
"../../../Engine/Shaders/Private/PostProcessAmbientOcclusionMobile.usf" 2672
"../../../Engine/Shaders/Private/PostProcessAmbientOcclusionCommon.ush" 2673
"../../../Engine/Shaders/Private/FXAAShader.usf" 2674
"../../../Engine/Shaders/Private/Fxaa3_11.ush" 2675
"../../../Engine/Shaders/Private/PaniniProjection.usf" 2676
"../../../Engine/Shaders/Private/DiaphragmDOF/DOFRecombine.usf" 2677
"../../../Engine/Shaders/Private/DiaphragmDOF/DOFHybridScatterPixelShader.usf" 2678
"../../../Engine/Shaders/Private/DiaphragmDOF/DOFHybridScatterCommon.ush" 2679
"../../../Engine/Shaders/Private/DiaphragmDOF/DOFVignetteCommon.ush" 2680
"../../../Engine/Shaders/Private/DiaphragmDOF/DOFHybridScatterVertexShader.usf" 2681
"../../../Engine/Shaders/Private/DiaphragmDOF/DOFPostfiltering.usf" 2682
"../../../Engine/Shaders/Private/DiaphragmDOF/DOFGatherTileSuggest.ush" 2683
"../../../Engine/Shaders/Private/DiaphragmDOF/DOFCocTileCommon.ush" 2684
"../../../Engine/Shaders/Private/DiaphragmDOF/DOFGatherPass.usf" 2685
"../../../Engine/Shaders/Private/DiaphragmDOF/DOFGatherCommon.ush" 2686
"../../../Engine/Shaders/Private/DiaphragmDOF/DOFGatherAccumulator.ush" 2687
"../../../Engine/Shaders/Private/DiaphragmDOF/DOFGatherKernel.ush" 2688
"../../../Engine/Shaders/Private/DiaphragmDOF/DOFBokehLUT.usf" 2689
"../../../Engine/Shaders/Private/DiaphragmDOF/DOFHybridScatterCompilation.usf" 2690
"../../../Engine/Shaders/Private/DiaphragmDOF/DOFReduce.usf" 2691
"../../../Engine/Shaders/Private/DiaphragmDOF/DOFDownsample.ush" 2692
"../../../Engine/Shaders/Private/DiaphragmDOF/DOFHybridScatterCompilation.ush" 2693
"../../../Engine/Shaders/Private/DiaphragmDOF/DOFDownsample.usf" 2694
"../../../Engine/Shaders/Private/DiaphragmDOF/DOFCocTileDilate.usf" 2695
"../../../Engine/Shaders/Private/DiaphragmDOF/DOFCocTileFlatten.usf" 2696
"../../../Engine/Shaders/Private/DiaphragmDOF/DOFSetup.usf" 2697
"../../../Engine/Shaders/Private/Tools/DebugAlphaChannel.usf" 2698
"../../../Engine/Shaders/Private/PostProcessAlphaInvert.usf" 2699
"../../../Engine/Shaders/Private/PlanarReflectionShaders.usf" 2700
"../../../Engine/Shaders/Private/PhysicsFieldVisualizer.usf" 2701
"../../../Engine/Shaders/Private/PathTracing/PathTracingSpatialTemporalDenoising.usf" 2702
"../../../Engine/Shaders/Private/ColorDifference.ush" 2703
"../../../Engine/Shaders/Private/PathTracing/PathTracingCompositingPixelShader.usf" 2704
"../../../Engine/Shaders/Private/PathTracing/PathTracingAdaptiveUtils.ush" 2705
"../../../Engine/Shaders/Private/PathTracing/PathTracingDefaultHitShader.usf" 2706
"../../../Engine/Shaders/Private/PathTracing/PathTracingGPULightmassMaterialHitShader.usf" 2707
"../../../Engine/Shaders/Private/PathTracing/PathTracingMaterialHitShader.usf" 2708
"../../../Engine/Shaders/Private/PathTracing/Material/PathTracingSubstrateCommon.ush" 2709
"../../../Engine/Shaders/Private/PathTracing/PathTracingLightingMissShader.usf" 2710
"../../../Engine/Shaders/Private/PathTracing/PathTracingMissShader.usf" 2711
"../../../Engine/Shaders/Private/PathTracing/PathTracingAdaptiveStart.usf" 2712
"../../../Engine/Shaders/Private/PathTracing/PathTracingBuildAdaptiveError.usf" 2713
"../../../Engine/Shaders/Private/PathTracing/PathTracingVolumetricCloudMaterialShader.usf" 2714
"../../../Engine/Shaders/Private/PathTracing/Volume/PathTracingCloudsMaterialCommon.ush" 2715
"../../../Engine/Shaders/Private/PathTracing/Volume/PathTracingVolumeCommon.ush" 2716
"../../../Engine/Shaders/Private/PathTracing/Volume/PathTracingCloudsCommon.ush" 2717
"../../../Engine/Shaders/Private/PathTracing/Volume/PathTracingFog.ush" 2718
"../../../Engine/Shaders/Private/PathTracing/Volume/PathTracingAtmosphere.ush" 2719
"../../../Engine/Shaders/Private/PathTracing/Volume/PathTracingAtmosphereCommon.ush" 2720
"../../../Engine/Shaders/Private/PathTracing/Volume/PathTracingVolumeSampling.ush" 2721
"../../../Engine/Shaders/Private/PathTracing/PathTracingBuildCloudAccelerationMap.usf" 2722
"../../../Engine/Shaders/Private/PathTracing/PathTracingBuildAtmosphereLUT.usf" 2723
"../../../Engine/Shaders/Private/PathTracing/PathTracingSwizzleScanlines.usf" 2724
"../../../Engine/Shaders/Private/PathTracing/PathTracingInitExtinctionCoefficient.usf" 2725
"../../../Engine/Shaders/Private/PathTracing/PathTracingCopyDepth.usf" 2726
"../../../Engine/Shaders/Private/PathTracing/PathTracingDebug.usf" 2727
"../../../Engine/Shaders/Private/RayTracing/RayTracingDecalGrid.ush" 2728
"../../../Engine/Shaders/Private/PathTracing/Material/PathTracingMaterialSampling.ush" 2729
"../../../Engine/Shaders/Private/PathTracing/Material/PathTracingLambert.ush" 2730
"../../../Engine/Shaders/Private/PathTracing/Material/PathTracingSubstrate.ush" 2731
"../../../Engine/Shaders/Private/PathTracing/Material/PathTracingSubstrateFoliage.ush" 2732
"../../../Engine/Shaders/Private/PathTracing/Material/PathTracingSubstrateSolidGlass.ush" 2733
"../../../Engine/Shaders/Private/PathTracing/Material/PathTracingSubstrateThinGlass.ush" 2734
"../../../Engine/Shaders/Private/PathTracing/Material/PathTracingSolidGlass.ush" 2735
"../../../Engine/Shaders/Private/PathTracing/Material/PathTracingEnergyConservation.ush" 2736
"../../../Engine/Shaders/Private/PathTracing/Material/PathTracingThinGlass.ush" 2737
"../../../Engine/Shaders/Private/PathTracing/Material/PathTracingDefaultLit.ush" 2738
"../../../Engine/Shaders/Private/PathTracing/Material/PathTracingClearCoat.ush" 2739
"../../../Engine/Shaders/Private/PathTracing/Material/PathTracingTwoSidedFoliage.ush" 2740
"../../../Engine/Shaders/Private/PathTracing/Material/PathTracingCloth.ush" 2741
"../../../Engine/Shaders/Private/PathTracing/Material/PathTracingSubsurfaceProfile.ush" 2742
"../../../Engine/Shaders/Private/PathTracing/Material/PathTracingEye.ush" 2743
"../../../Engine/Shaders/Private/PathTracing/Material/PathTracingHair.ush" 2744
"../../../Engine/Shaders/Private/PathTracing/Material/PathTracingMedium.ush" 2745
"../../../Engine/Shaders/Private/PathTracing/Light/PathTracingLightSampling.ush" 2746
"../../../Engine/Shaders/Private/PathTracing/Light/PathTracingLightCommon.ush" 2747
"../../../Engine/Shaders/Private/PathTracing/Light/PathTracingDirectionalLight.ush" 2748
"../../../Engine/Shaders/Private/PathTracing/Light/PathTracingPointLight.ush" 2749
"../../../Engine/Shaders/Private/PathTracing/Light/PathTracingCapsuleLight.ush" 2750
"../../../Engine/Shaders/Private/PathTracing/Light/PathTracingRectLight.ush" 2751
"../../../Engine/Shaders/Private/PathTracing/Light/PathTracingSkyLight.ush" 2752
"../../../Engine/Shaders/Private/PathTracing/Light/PathTracingLightGrid.ush" 2753
"../../../Engine/Shaders/Private/PathTracing/PathTracing.usf" 2754
"../../../Engine/Shaders/Private/PathTracing/PathTracingCore.ush" 2755
"../../../Engine/Shaders/Private/HeterogeneousVolumes/HeterogeneousVolumesVoxelGridTypes.ush" 2756
"../../../Engine/Shaders/Private/PathTracing/Volume/PathTracingVolume.ush" 2757
"../../../Engine/Shaders/Private/PathTracing/Volume/PathTracingClouds.ush" 2758
"../../../Engine/Shaders/Private/PathTracing/Volume/PathTracingHeterogeneousVolumes.ush" 2759
"../../../Engine/Shaders/Private/HeterogeneousVolumes/HeterogeneousVolumesVoxelGridTraversal.ush" 2760
"../../../Engine/Shaders/Private/HeterogeneousVolumes/HeterogeneousVolumesVoxelGridUtils.ush" 2761
"../../../Engine/Shaders/Private/HeterogeneousVolumes/HeterogeneousVolumesFrustumVoxelGridUtils.ush" 2762
"../../../Engine/Shaders/Private/PathTracing/PathTracingBuildLightGrid.usf" 2763
"../../../Engine/Shaders/Private/PathTracing/PathTracingSkylightMISCompensation.usf" 2764
"../../../Engine/Shaders/Private/PathTracing/PathTracingSkylightPrepare.usf" 2765
"../../../Engine/Shaders/Private/OIT/OITSorting.usf" 2766
"../../../Engine/Shaders/Private/OITCombine.usf" 2767
"../../../Engine/Shaders/Private/OITCommon.ush" 2768
"../../../Engine/Shaders/Private/Nanite/Voxel/RasterizeBricks.usf" 2769
"../../../Engine/Shaders/Private/Nanite/Voxel/Brick.ush" 2770
"../../../Engine/Shaders/Private/Nanite/Voxel/Voxel.ush" 2771
"../../../Engine/Shaders/Private/Nanite/Voxel/ScatterBricks.usf" 2772
"../../../Engine/Shaders/Private/Nanite/Voxel/TileBricks.usf" 2773
"../../../Engine/Shaders/Private/Nanite/Voxel/AutoVoxel.usf" 2774
"../../../Engine/Shaders/Private/Nanite/NaniteDebugViews.usf" 2775
"../../../Engine/Shaders/Private/Nanite/NaniteEditorCommon.ush" 2776
"../../../Engine/Shaders/Private/BinarySearch.ush" 2777
"../../../Engine/Shaders/Private/Nanite/NaniteDepthDecode.usf" 2778
"../../../Engine/Shaders/Private/HTileEncoding.ush" 2779
"../../../Engine/Shaders/Private/Nanite/NaniteVisualize.usf" 2780
"../../../Engine/Shaders/Private/Nanite/NaniteStreamOut.usf" 2781
"../../../Engine/Shaders/Private/Nanite/NaniteHierarchyTraversal.ush" 2782
"../../../Engine/Shaders/Private/Nanite/NaniteSkinningUpdateViewData.usf" 2783
"../../../Engine/Shaders/Private/Skinning/TransformProviders.usf" 2784
"../../../Engine/Shaders/Private/Nanite/NaniteShadeBinning.usf" 2785
"../../../Engine/Shaders/Private/Nanite/NaniteShadeCommon.ush" 2786
"../../../Engine/Shaders/Private/Nanite/NaniteFastClear.usf" 2787
"../../../Engine/Shaders/Private/Nanite/NaniteExportGBuffer.usf" 2788
"../../../Engine/Shaders/Private/Nanite/NaniteClusterCulling.usf" 2789
"../../../Engine/Shaders/Private/Nanite/NanitePrintStats.usf" 2790
"../../../Engine/Shaders/Private/Nanite/NaniteRasterizer.usf" 2791
"../../../Engine/Shaders/Private/Nanite/NaniteRasterizationCommon.ush" 2792
"../../../Engine/Shaders/Private/Nanite/NaniteRasterizer.ush" 2793
"../../../Engine/Shaders/Private/Nanite/NaniteWritePixel.ush" 2794
"../../../Engine/Shaders/Private/Nanite/NaniteTessellation.ush" 2795
"../../../Engine/Shaders/Private/WorkDistribution.ush" 2796
"../../../Engine/Shaders/Private/Nanite/NaniteDice.ush" 2797
"../../../Engine/Shaders/Private/ShaderBundleWorkGraphCommon.ush" 2798
"../../../Engine/Shaders/Public/RootConstants.ush" 2799
"../../../Engine/Shaders/Public/Platform/D3D/D3DRootConstants.ush" 2800
"../../../Engine/Shaders/Private/Nanite/NaniteSplit.usf" 2801
"../../../Engine/Shaders/Private/Nanite/NaniteRasterBinning.usf" 2802
"../../../Engine/Shaders/Private/Nanite/NaniteInstanceCulling.usf" 2803
"../../../Engine/Shaders/Private/Nanite/NaniteImposter.ush" 2804
"../../../Engine/Shaders/Private/Nanite/NaniteInstanceHierarchyCulling.usf" 2805
"../../../Engine/Shaders/Private/WorkGroupLoadBalancer.ush" 2806
"../../../Engine/Shaders/Private/Nanite/NanitePrimitiveFilter.usf" 2807
"../../../Engine/Shaders/Private/Nanite/NaniteRasterClear.usf" 2808
"../../../Engine/Shaders/Private/Nanite/NaniteDepthExport.usf" 2809
"../../../Engine/Shaders/Private/Nanite/NaniteEmitShadow.usf" 2810
"../../../Engine/Shaders/Private/MobileDeferredUtils.usf" 2811
"../../../Engine/Shaders/Private/MobileLocalLightsBuffer.usf" 2812
"../../../Engine/Shaders/Private/MobileFog.usf" 2813
"../../../Engine/Shaders/Private/DistortApplyScreenPS.usf" 2814
"../../../Engine/Shaders/Private/MobileDeferredShading.usf" 2815
"../../../Engine/Shaders/Private/MobileBasePassPixelShader.usf" 2816
"../../../Engine/Shaders/Private/MobileBasePassCommon.ush" 2817
"../../../Engine/Shaders/Private/BasePassCommon.ush" 2818
"../../../Engine/Shaders/Private/ShadingModelsMaterial.ush" 2819
"../../../Engine/Shaders/Private/ThinTranslucentCommon.ush" 2820
"../../../Engine/Shaders/Private/SingleLayerWaterShading.ush" 2821
"../../../Engine/Shaders/Private/DistortionCommon.ush" 2822
"../../../Engine/Shaders/Private/Substrate/SubstrateMobileForwardLighting.ush" 2823
"../../../Engine/Shaders/Private/MobileBasePassVertexShader.usf" 2824
"../../../Engine/Shaders/Private/MeshEdges.usf" 2825
"../../../Engine/Shaders/Private/MegaLights/MegaLightsVSMTracing.usf" 2826
"../../../Engine/Shaders/Private/MegaLights/MegaLights.ush" 2827
"../../../Engine/Shaders/Shared/MegaLightsDefinitions.h" 2828
"../../../Engine/Shaders/Private/HairStrands/HairStrandsVisibilityUtils.ush" 2829
"../../../Engine/Shaders/Private/MegaLights/MegaLightsRayTracing.ush" 2830
"../../../Engine/Shaders/Private/MegaLights/MegaLightsRayTracing.usf" 2831
"../../../Engine/Shaders/Private/DistanceField/GlobalDistanceFieldUtils.ush" 2832
"../../../Engine/Shaders/Private/Lumen/LumenScreenTracing.ush" 2833
"../../../Engine/Shaders/Private/MegaLights/MegaLightsVolumeRayTracing.usf" 2834
"../../../Engine/Shaders/Private/MegaLights/MegaLightsVolume.ush" 2835
"../../../Engine/Shaders/Private/MegaLights/MegaLightsVolumeHardwareRayTracing.usf" 2836
"../../../Engine/Shaders/Private/Lumen/LumenHardwareRayTracingCommon.ush" 2837
"../../../Engine/Shaders/Private/RayTracing/RayTracingReflectionEnvironment.ush" 2838
"../../../Engine/Shaders/Private/Lumen/LumenHardwareRayTracingPlatformCommon.ush" 2839
"../../../Engine/Shaders/Private/Lumen/LumenReflectionsCombine.ush" 2840
"../../../Engine/Shaders/Private/Lumen/LumenTracingCommon.ush" 2841
"../../../Engine/Shaders/Private/Lumen/SurfaceCache/LumenSurfaceCacheSampling.ush" 2842
"../../../Engine/Shaders/Private/Lumen/SurfaceCache/LumenSurfaceCache.ush" 2843
"../../../Engine/Shaders/Private/Lumen/LumenCardCommon.ush" 2844
"../../../Engine/Shaders/Private/Lumen/LumenCardTileShadowDownsampleFactor.ush" 2845
"../../../Engine/Shaders/Private/MegaLights/MegaLightsHardwareRayTracing.usf" 2846
"../../../Engine/Shaders/Private/MegaLights/MegaLights.usf" 2847
"../../../Engine/Shaders/Private/MegaLights/MegaLightsShading.ush" 2848
"../../../Engine/Shaders/Private/HairStrands/HairStrandsDeepShadowCommon.ush" 2849
"../../../Engine/Shaders/Private/MegaLights/MegaLightsFilterVisibleLightHash.usf" 2850
"../../../Engine/Shaders/Private/MegaLights/MegaLightsDenoiserSpatial.usf" 2851
"../../../Engine/Shaders/Private/Lumen/LumenReflectionDenoiserCommon.ush" 2852
"../../../Engine/Shaders/Private/MegaLights/MegaLightsDenoiserTemporal.usf" 2853
"../../../Engine/Shaders/Private/MegaLights/MegaLightsShading.usf" 2854
"../../../Engine/Shaders/Private/StochasticLighting/StochasticLightingUpsample.ush" 2855
"../../../Engine/Shaders/Private/MegaLights/MegaLightsVisibleLightHash.usf" 2856
"../../../Engine/Shaders/Private/MegaLights/MegaLightsVolumeShading.usf" 2857
"../../../Engine/Shaders/Private/MegaLights/MegaLightsSampling.usf" 2858
"../../../Engine/Shaders/Private/MegaLights/MegaLightsSampling.ush" 2859
"../../../Engine/Shaders/Private/MegaLights/MegaLightsVolumeSampling.usf" 2860
"../../../Engine/Shaders/Private/MaterialCache/MaterialCacheABufferPages.usf" 2861
"../../../Engine/Shaders/Private/MaterialCache/MaterialCacheShade.usf" 2862
"../../../Engine/Shaders/Private/MaterialCache/MaterialCacheUnwrapNaniteShade.usf" 2863
"../../../Engine/Shaders/Private/MaterialCache/MaterialCacheUnwrapPixelShader.usf" 2864
"../../../Engine/Shaders/Private/MaterialCache/MaterialCacheUnwrapVertexShader.usf" 2865
"../../../Engine/Shaders/Private/Lumen/LumenVisualizeRadianceCache.usf" 2866
"../../../Engine/Shaders/Private/Lumen/LumenRadianceCacheCommon.ush" 2867
"../../../Engine/Shaders/Private/Lumen/LumenVisualizeHardwareRayTracing.usf" 2868
"../../../Engine/Shaders/Private/Lumen/LumenVisualize.ush" 2869
"../../../Engine/Shaders/Private/Lumen/LumenHairTracing.ush" 2870
"../../../Engine/Shaders/Private/Lumen/LumenVisualize.usf" 2871
"../../../Engine/Shaders/Private/Lumen/LumenSoftwareRayTracing.ush" 2872
"../../../Engine/Shaders/Private/DistanceField/GlobalDistanceFieldObjectGrid.ush" 2873
"../../../Engine/Shaders/Private/DistanceFieldLightingShared.ush" 2874
"../../../Engine/Shaders/Private/Lumen/LumenVisualizeTraces.ush" 2875
"../../../Engine/Shaders/Private/Lumen/LumenTranslucencyVolumeLighting.usf" 2876
"../../../Engine/Shaders/Private/Lumen/LumenRadianceCacheMarkCommon.ush" 2877
"../../../Engine/Shaders/Private/Lumen/LumenTranslucencyVolumeLightingShared.ush" 2878
"../../../Engine/Shaders/Private/Lumen/LumenScreenProbeCommon.ush" 2879
"../../../Engine/Shaders/Private/RayTracing/RayGenUtils.ush" 2880
"../../../Engine/Shaders/Private/Lumen/LumenRadianceCacheTracingCommon.ush" 2881
"../../../Engine/Shaders/Private/Lumen/LumenTranslucencyVolumeHardwareRayTracing.usf" 2882
"../../../Engine/Shaders/Private/Lumen/LumenTranslucencyRadianceCacheMarkShaders.usf" 2883
"../../../Engine/Shaders/Private/Lumen/SurfaceCache/LumenSurfaceCache.usf" 2884
"../../../Engine/Shaders/Private/Lumen/LumenShortRangeAOHardwareRayTracing.usf" 2885
"../../../Engine/Shaders/Private/Lumen/LumenScreenSpaceBentNormal.ush" 2886
"../../../Engine/Shaders/Private/Lumen/LumenScreenSpaceBentNormal.usf" 2887
"../../../Engine/Shaders/Private/Lumen/LumenScreenProbeTracing.usf" 2888
"../../../Engine/Shaders/Private/Lumen/LumenScreenProbeTracingCommon.ush" 2889
"../../../Engine/Shaders/Private/Lumen/LumenFloatQuantization.ush" 2890
"../../../Engine/Shaders/Private/Lumen/LumenScreenProbeImportanceSampling.usf" 2891
"../../../Engine/Shaders/Private/Lumen/LumenScreenProbeImportanceSamplingShared.ush" 2892
"../../../Engine/Shaders/Private/Lumen/LumenScreenProbeHardwareRayTracing.usf" 2893
"../../../Engine/Shaders/Private/Lumen/LumenScreenProbeDebug.usf" 2894
"../../../Engine/Shaders/Private/Lumen/LumenScreenProbeGather.usf" 2895
"../../../Engine/Shaders/Private/Lumen/LumenScreenProbeGatherTemporal.usf" 2896
"../../../Engine/Shaders/Private/Lumen/LumenScreenProbeFiltering.usf" 2897
"../../../Engine/Shaders/Private/Lumen/LumenSceneLighting.usf" 2898
"../../../Engine/Shaders/Private/Lumen/LumenCardTile.ush" 2899
"../../../Engine/Shaders/Private/Lumen/LumenSceneLighting.ush" 2900
"../../../Engine/Shaders/Private/Lumen/Radiosity/LumenRadiosity.ush" 2901
"../../../Engine/Shaders/Private/Lumen/LumenSceneLightingDebug.usf" 2902
"../../../Engine/Shaders/Private/Lumen/LumenScene.usf" 2903
"../../../Engine/Shaders/Private/Lumen/LumenSceneDirectLightingHardwareRayTracing.usf" 2904
"../../../Engine/Shaders/Private/Lumen/LumenSceneDirectLightingStochastic.ush" 2905
"../../../Engine/Shaders/Private/Lumen/LumenReflectionCommon.ush" 2906
"../../../Engine/Shaders/Private/Lumen/LumenSceneDirectLighting.ush" 2907
"../../../Engine/Shaders/Private/Lumen/LumenSceneDebugHardwareRayTracing.usf" 2908
"../../../Engine/Shaders/Private/Lumen/LumenSceneDirectLightingStochastic.usf" 2909
"../../../Engine/Shaders/Private/Lumen/LumenSceneDirectLightingSoftwareRayTracing.usf" 2910
"../../../Engine/Shaders/Private/DistanceFieldShadowingShared.ush" 2911
"../../../Engine/Shaders/Private/Lumen/LumenSceneDirectLightingPerLightShadowCommon.ush" 2912
"../../../Engine/Shaders/Private/Lumen/LumenSceneDirectLightingShadowMask.usf" 2913
"../../../Engine/Shaders/Private/Lumen/LumenSceneDirectLighting.usf" 2914
"../../../Engine/Shaders/Private/Lumen/LumenSceneDirectLightingCulling.usf" 2915
"../../../Engine/Shaders/Private/Lumen/LumenCardComputeShader.usf" 2916
"../../../Engine/Shaders/Private/Lumen/LumenCardBasePass.ush" 2917
"../../../Engine/Shaders/Private/Lumen/LumenCardPixelShader.usf" 2918
"../../../Engine/Shaders/Private/Lumen/LumenCardVertexShader.usf" 2919
"../../../Engine/Shaders/Private/Lumen/LumenReSTIRGather.usf" 2920
"../../../Engine/Shaders/Private/Lumen/LumenReflectionTracing.usf" 2921
"../../../Engine/Shaders/Private/Lumen/LumenReflectionDenoiserSpatial.usf" 2922
"../../../Engine/Shaders/Private/Lumen/LumenReflectionDenoiserClear.usf" 2923
"../../../Engine/Shaders/Private/Lumen/LumenReflectionDenoiserTemporal.usf" 2924
"../../../Engine/Shaders/Private/Lumen/LumenReflectionResolve.usf" 2925
"../../../Engine/Shaders/Private/Lumen/LumenReflections.usf" 2926
"../../../Engine/Shaders/Private/Lumen/RayTracedTranslucency.usf" 2927
"../../../Engine/Shaders/Private/Lumen/LumenReflectionHardwareRayTracing.usf" 2928
"../../../Engine/Shaders/Private/Lumen/Radiosity/LumenVisualizeRadiosityProbes.usf" 2929
"../../../Engine/Shaders/Private/Lumen/Radiosity/LumenRadiosity.usf" 2930
"../../../Engine/Shaders/Private/Lumen/Radiosity/LumenRadiosityHardwareRayTracing.usf" 2931
"../../../Engine/Shaders/Private/Lumen/Radiosity/LumenRadiosityCulling.usf" 2932
"../../../Engine/Shaders/Private/Lumen/LumenRadianceCacheHardwareRayTracing.usf" 2933
"../../../Engine/Shaders/Private/Lumen/LumenRadianceCache.usf" 2934
"../../../Engine/Shaders/Private/Lumen/LumenRadianceCacheUpdate.ush" 2935
"../../../Engine/Shaders/Private/Lumen/LumenRadianceCacheDebug.usf" 2936
"../../../Engine/Shaders/Private/Lumen/LumenRadianceCacheUpdate.usf" 2937
"../../../Engine/Shaders/Private/Lumen/LumenMeshSDFCulling.usf" 2938
"../../../Engine/Shaders/Private/HybridIndirectLighting.ush" 2939
"../../../Engine/Shaders/Private/MeshDistanceFieldCommon.ush" 2940
"../../../Engine/Shaders/Private/Lumen/LumenIrradianceFieldGather.usf" 2941
"../../../Engine/Shaders/Private/Lumen/LumenHardwareRayTracingMaterials.usf" 2942
"../../../Engine/Shaders/Private/Lumen/LumenFrontLayerTranslucency.usf" 2943
"../../../Engine/Shaders/Private/LocalFogVolumes/LocalFogVolumeSplat.usf" 2944
"../../../Engine/Shaders/Private/LocalFogVolumes/LocalFogVolumeTiledCulling.usf" 2945
"../../../Engine/Shaders/Private/LightShaftShader.usf" 2946
"../../../Engine/Shaders/Private/StationaryLightOverlapShaders.usf" 2947
"../../../Engine/Shaders/Private/DeferredLightPixelShaders.usf" 2948
"../../../Engine/Shaders/Private/DeferredLightVertexShaders.usf" 2949
"../../../Engine/Shaders/Private/LightMapDensityShader.usf" 2950
"../../../Engine/Shaders/Private/LightGridInjection.usf" 2951
"../../../Engine/Shaders/Shared/LightGridDefinitions.h" 2952
"../../../Engine/Shaders/Private/LightFunctionPixelShader.usf" 2953
"../../../Engine/Shaders/Private/LightFunctionVertexShader.usf" 2954
"../../../Engine/Shaders/Private/LightFunctionAtlas/LightFunctionAtlasRender.usf" 2955
"../../../Engine/Shaders/Private/InstanceCulling/InstanceCullingOcclusionQuery.usf" 2956
"../../../Engine/Shaders/Private/InstanceCulling/InstanceCullingSetup.ush" 2957
"../../../Engine/Shaders/Private/InstanceCulling/BuildInstanceDrawCommands.usf" 2958
"../../../Engine/Shaders/Private/InstanceCulling/InstanceCompactionCommon.ush" 2959
"../../../Engine/Shaders/Private/SceneDataMobileWriter.ush" 2960
"../../../Engine/Shaders/Private/InstanceCulling/CompactVisibleInstances.usf" 2961
"../../../Engine/Shaders/Private/ReflectionEnvironmentPixelShader.usf" 2962
"../../../Engine/Shaders/Private/AmbientCubemapComposite.usf" 2963
"../../../Engine/Shaders/Private/DiffuseIndirectComposite.usf" 2964
"../../../Engine/Shaders/Private/IESAtlas.usf" 2965
"../../../Engine/Shaders/Private/HeterogeneousVolumes/HeterogeneousVolumesVoxelGridShadows.usf" 2966
"../../../Engine/Shaders/Private/HeterogeneousVolumes/HeterogeneousVolumesStochasticFiltering.ush" 2967
"../../../Engine/Shaders/Private/HeterogeneousVolumes/HeterogeneousVolumesVoxelGridRenderingUtils.ush" 2968
"../../../Engine/Shaders/Private/HeterogeneousVolumes/HeterogeneousVolumesLightingUtils.ush" 2969
"../../../Engine/Shaders/Private/HeterogeneousVolumes/HeterogeneousVolumesVoxelGridRendering.usf" 2970
"../../../Engine/Shaders/Private/HeterogeneousVolumes/HeterogeneousVolumesVoxelGridPipeline.usf" 2971
"../../../Engine/Shaders/Private/HeterogeneousVolumes/HeterogeneousVolumesMaterialBakingPipeline.usf" 2972
"../../../Engine/Shaders/Private/HeterogeneousVolumes/HeterogeneousVolumesLiveShadingUtils.ush" 2973
"../../../Engine/Shaders/Private/HeterogeneousVolumes/HeterogeneousVolumesFrustumVoxelGrid.usf" 2974
"../../../Engine/Shaders/Private/HeterogeneousVolumes/HeterogeneousVolumesSparseVoxelPipeline.usf" 2975
"../../../Engine/Shaders/Private/HeterogeneousVolumes/HeterogeneousVolumesSparseVoxelUtils.ush" 2976
"../../../Engine/Shaders/Private/HeterogeneousVolumes/HeterogeneousVolumesSparseVoxelUniformBufferUtils.ush" 2977
"../../../Engine/Shaders/Private/HeterogeneousVolumes/HeterogeneousVolumesPreshadingPipeline.usf" 2978
"../../../Engine/Shaders/Private/HeterogeneousVolumes/HeterogeneousVolumesLiveShadingShadows.usf" 2979
"../../../Engine/Shaders/Private/HeterogeneousVolumes/HeterogeneousVolumesLiveShadingGlobalPipeline.usf" 2980
"../../../Engine/Shaders/Private/HeterogeneousVolumes/HeterogeneousVolumesLiveShadingPipeline.usf" 2981
"../../../Engine/Shaders/Private/HeterogeneousVolumes/HeterogeneousVolumesHardwareRayTracing.usf" 2982
"../../../Engine/Shaders/Private/HeterogeneousVolumes/HeterogeneousVolumesAmbientOcclusionPipeline.usf" 2983
"../../../Engine/Shaders/Private/HeterogeneousVolumes/HeterogeneousVolumesComposite.usf" 2984
"../../../Engine/Shaders/Private/HdrCustomResolveShaders.usf" 2985
"../../../Engine/Shaders/Private/HairStrands/RenderCurveRaster.usf" 2986
"../../../Engine/Shaders/Private/HairStrands/HairStrandsVoxelRasterCompute.usf" 2987
"../../../Engine/Shaders/Private/HairStrands/HairStrandsAABBCommon.ush" 2988
"../../../Engine/Shaders/Private/HairStrands/HairStrandsClusterCommon.ush" 2989
"../../../Engine/Shaders/Private/HairStrands/HairStrandsRaytracingGeometry.usf" 2990
"../../../Engine/Shaders/Private/HairStrands/HairStrandsHitProxy.usf" 2991
"../../../Engine/Shaders/Private/HairStrands/HairStrandsVisibilityRasterComputeNaive.usf" 2992
"../../../Engine/Shaders/Private/HairStrands/HairStrandsVisibilityRasterHW.usf" 2993
"../../../Engine/Shaders/Private/HairStrands/HairStrandsVisibilityRasterCompute.usf" 2994
"../../../Engine/Shaders/Private/HairStrands/HairStrandsVisibilityRasterClassification.usf" 2995
"../../../Engine/Shaders/Private/HairStrands/HairStrandsCoverage.usf" 2996
"../../../Engine/Shaders/Private/HairStrands/HairStrandsVisibilityDepthPS.usf" 2997
"../../../Engine/Shaders/Private/HairStrands/HairStrandsVisibilityTransmittanceDepthPS.usf" 2998
"../../../Engine/Shaders/Private/HairStrands/HairStrandsVisibilityFillOpaqueDepthPS.usf" 2999
"../../../Engine/Shaders/Private/HairStrands/HairStrandsVisibilityCompactionComputeRaster.usf" 3000
"../../../Engine/Shaders/Private/HairStrands/HairStrandsVisibilityCompaction.usf" 3001
"../../../Engine/Shaders/Private/HairStrands/HairStrandsVisibilityCopyIndirectArg.usf" 3002
"../../../Engine/Shaders/Private/HairStrands/HairStrandsVisibilityClearPS.usf" 3003
"../../../Engine/Shaders/Private/HairStrands/HairStrandsVisibilityPS.usf" 3004
"../../../Engine/Shaders/Private/HairStrands/HairStrandsVisibilityVS.usf" 3005
"../../../Engine/Shaders/Private/HairStrands/HairStrandsVelocity.usf" 3006
"../../../Engine/Shaders/Private/HairStrands/HairStrandsDebug.usf" 3007
"../../../Engine/Shaders/Private/HairStrands/HairStrandsBindingCommon.ush" 3008
"../../../Engine/Shaders/Private/HairStrands/HairStrandsDebugCommonStruct.ush" 3009
"../../../Engine/Shaders/Private/HairStrands/HairStrandsVisibilityComputeSampleCoverage.usf" 3010
"../../../Engine/Shaders/Private/HairStrands/HairStrandsMaterialPS.usf" 3011
"../../../Engine/Shaders/Private/HairStrands/HairStrandsMaterialCommon.ush" 3012
"../../../Engine/Shaders/Private/HairStrands/HairStrandsMaterialVS.usf" 3013
"../../../Engine/Shaders/Private/HairStrands/HairStrandsLightSample.usf" 3014
"../../../Engine/Shaders/Private/HairStrands/HairStrandsMesh.usf" 3015
"../../../Engine/Shaders/Private/HairStrands/HairStrandsDeepShadowMask.usf" 3016
"../../../Engine/Shaders/Private/HairStrands/HairStrandsDeepTransmittanceMask.usf" 3017
"../../../Engine/Shaders/Private/HairStrands/HairStrandsVisibilityTile.usf" 3018
"../../../Engine/Shaders/Private/HairStrands/HairStrandsDeepShadowPS.usf" 3019
"../../../Engine/Shaders/Private/HairStrands/HairStrandsDeepShadowVS.usf" 3020
"../../../Engine/Shaders/Private/HairStrands/HairStrandsAABB.usf" 3021
"../../../Engine/Shaders/Private/HairStrands/HairStrandsLUT.usf" 3022
"../../../Engine/Shaders/Private/HairStrands/HairStrandsForwardRaster.usf" 3023
"../../../Engine/Shaders/Private/HairStrands/HairStrandsForwardCulling.usf" 3024
"../../../Engine/Shaders/Private/HairStrands/HairStrandsEnvironmentLighting.usf" 3025
"../../../Engine/Shaders/Private/HairStrands/HairStrandsEnvironmentAO.usf" 3026
"../../../Engine/Shaders/Private/HairStrands/HairStrandsDeepShadowAllocation.usf" 3027
"../../../Engine/Shaders/Private/HairStrands/HairStrandsVoxelDebug.usf" 3028
"../../../Engine/Shaders/Private/HairStrands/HairStrandsComposition.usf" 3029
"../../../Engine/Shaders/Private/HairStrands/HairStrandsGBufferCommon.ush" 3030
"../../../Engine/Shaders/Private/GPUScene/GPUSceneDataManagement.usf" 3031
"../../../Engine/Shaders/Private/GPUSceneDebugRender.usf" 3032
"../../../Engine/Shaders/Private/GPUFeedbackCompaction.usf" 3033
"../../../Engine/Shaders/Private/GPUFastFourierTransform.usf" 3034
"../../../Engine/Shaders/Private/GPUFastFourierTransform2DCore.ush" 3035
"../../../Engine/Shaders/Private/GPUFastFourierTransformCore.ush" 3036
"../../../Engine/Shaders/Private/GPUBenchmark.usf" 3037
"../../../Engine/Shaders/Private/DistanceField/GlobalDistanceFieldDebug.usf" 3038
"../../../Engine/Shaders/Private/DistanceField/GlobalDistanceFieldUpdate.ush" 3039
"../../../Engine/Shaders/Private/DistanceField/GlobalDistanceFieldMip.usf" 3040
"../../../Engine/Shaders/Private/DistanceField/GlobalDistanceField.usf" 3041
"../../../Engine/Shaders/Private/DistanceField/GlobalDistanceFieldCompositeObjects.usf" 3042
"../../../Engine/Shaders/Private/DistanceField/GlobalDistanceFieldHeightfields.usf" 3043
"../../../Engine/Shaders/Private/HeightfieldLightingShared.ush" 3044
"../../../Engine/Shaders/Private/GenerateConservativeDepth.usf" 3045
"../../../Engine/Shaders/Private/HeightFogPixelShader.usf" 3046
"../../../Engine/Shaders/Private/HeightFogVertexShader.usf" 3047
"../../../Engine/Shaders/Private/DistortFiltering.usf" 3048
"../../../Engine/Shaders/Private/DistortAccumulatePS.usf" 3049
"../../../Engine/Shaders/Private/DistortAccumulateVS.usf" 3050
"../../../Engine/Shaders/Private/DistanceFieldVisualization.usf" 3051
"../../../Engine/Shaders/Private/DistanceFieldStreaming.usf" 3052
"../../../Engine/Shaders/Private/DistanceFieldShadowing.usf" 3053
"../../../Engine/Shaders/Private/DistanceFieldScreenGridLighting.usf" 3054
"../../../Engine/Shaders/Private/DistanceFieldObjectCulling.usf" 3055
"../../../Engine/Shaders/Private/DistanceFieldLightingPost.usf" 3056
"../../../Engine/Shaders/Private/DitheredTransitionStencil.usf" 3057
"../../../Engine/Shaders/Private/CopyDepthTexture.usf" 3058
"../../../Engine/Shaders/Private/CopyDepthTextureCS.usf" 3059
"../../../Engine/Shaders/Private/DeferredDecal.usf" 3060
"../../../Engine/Shaders/Private/DecalCommon.ush" 3061
"../../../Engine/Shaders/Private/DebugViewModeVertexShader.usf" 3062
"../../../Engine/Shaders/Private/DebugViewModeCommon.ush" 3063
"../../../Engine/Shaders/Private/DebugViewModePixelShader.usf" 3064
"../../../Engine/Shaders/Private/DebugProbes.usf" 3065
"../../../Engine/Shaders/Private/MeshDecals.usf" 3066
"../../../Engine/Shaders/Private/PostProcessAmbientOcclusion.usf" 3067
"../../../Engine/Shaders/Private/ClusteredDeferredShadingPixelShader.usf" 3068
"../../../Engine/Shaders/Private/ClusteredDeferredShadingVertexShader.usf" 3069
"../../../Engine/Shaders/Private/CapsuleShadowShaders.usf" 3070
"../../../Engine/Shaders/Private/BasePassPixelShader.usf" 3071
"../../../Engine/Shaders/Private/ForwardLightingCommon.ush" 3072
"../../../Engine/Shaders/Private/Substrate/SubstrateForwardLighting.ush" 3073
"../../../Engine/Shaders/Private/ComputeShaderOutputCommon.ush" 3074
"../../../Engine/Shaders/Private/BasePassVertexShader.usf" 3075
"../../../Engine/Shaders/Private/BasePassVertexCommon.ush" 3076
"../../../Engine/Shaders/Private/SimpleElementVolumeTexturePreviewPixelShader.usf" 3077
"../../../Engine/Shaders/Private/SimpleElementTexture2DPreviewPixelShader.usf" 3078
"../../../Engine/Shaders/Private/SimpleElementNormalMapPixelShader.usf" 3079
"../../../Engine/Shaders/Private/meshpaintdilatepixelshader.usf" 3080
"../../../Engine/Shaders/Private/meshpaintdilatevertexshader.usf" 3081
"../../../Engine/Shaders/Private/MeshPaintPixelShader.usf" 3082
"../../../Engine/Shaders/Private/MeshPaintVertexShader.usf" 3083
"../../../Engine/Shaders/Private/SlateElementPixelShader.usf" 3084
"../../../Engine/Shaders/Private/SlateShaderCommon.ush" 3085
"../../../Engine/Shaders/Private/SlateMaskingShader.usf" 3086
"../../../Engine/Shaders/Private/SlateVertexShader.usf" 3087
"../../../Engine/Shaders/Private/CompositeUIPixelShader.usf" 3088
"../../../Engine/Shaders/Private/ColorDeficiency.ush" 3089
"../../../Engine/Shaders/Private/SlatePostProcessColorDeficiencyPixelShader.usf" 3090
"../../../Engine/Shaders/Private/SlatePostProcessPixelShader.usf" 3091
"../../../Engine/Shaders/Private/Tools/VisualizeTexture.usf" 3092
"../../../Engine/Shaders/Private/UpdateDescriptorHandle.usf" 3093
"../../../Engine/Shaders/Private/ByteBuffer.usf" 3094
"../../../Engine/Shaders/Private/ShaderBundleWorkGraphDispatch.usf" 3095
"../../../Engine/Shaders/Private/ShaderBundleDispatch.usf" 3096
"../../../Engine/Shaders/Private/ResolveVertexShader.usf" 3097
"../../../Engine/Shaders/Private/ResolvePixelShader.usf" 3098
"../../../Engine/Shaders/Private/Tools/SetupIndirectArgs.usf" 3099
"../../../Engine/Shaders/Private/ClearReplacementShaders.usf" 3100
"../../../Engine/Shaders/Private/Tools/DrawTexture.usf" 3101
"../../../Engine/Shaders/Private/RayTracing/RayTracingValidation.usf" 3102
"../../../Engine/Shaders/Private/RenderGraphUtilities.usf" 3103
"../../../Engine/Shaders/Private/OneColorShader.usf" 3104
"../../../Engine/Shaders/Private/OculusShaders.usf" 3105
"../../../Engine/Shaders/Private/MediaShaders.usf" 3106
"../../../Engine/Shaders/Private/GPUMessaging.usf" 3107
"../../../Engine/Shaders/Private/Tools/GPUDebugCrashUtils.usf" 3108
"../../../Engine/Shaders/Private/NullPixelShader.usf" 3109
"../../../Engine/Shaders/Private/ComputeGenerateMips.usf" 3110
"../../../Engine/Shaders/Private/Tools/DumpTexture.usf" 3111
"../../../Engine/Shaders/Private/CopyTextureShaders.usf" 3112
"../../../Engine/Shaders/Private/Tools/FullscreenVertexShader.usf" 3113
"../../../Engine/Shaders/Private/RayTracing/RayTracingDispatchDesc.usf" 3114
"../../../Engine/Shaders/Private/Bink.usf" 3115
"../../../Engine/Shaders/Private/VelocityShader.usf" 3116
"../../../Engine/Shaders/Private/DepthOnlyPixelShader.usf" 3117
"../../../Engine/Shaders/Private/PositionOnlyDepthVertexShader.usf" 3118
"../../../Engine/Shaders/Private/DepthOnlyVertexShader.usf" 3119
"../../../Engine/Shaders/Private/AnisotropyPassShader.usf" 3120
"S:/GitHub/massey-unreal-2/Orbital/Content/_nOrbital/lvl/mainmenu.umap" 3121
"/Engine/EngineResources/WhiteSquareTexture" 3122
"../../../Engine/Content/EngineResources/WhiteSquareTexture.uasset" 3123
"/Engine/EngineResources/GradientTexture0" 3124
"../../../Engine/Content/EngineResources/GradientTexture0.uasset" 3125
"/Engine/EngineResources/Black" 3126
"../../../Engine/Content/EngineResources/Black.uasset" 3127
"/Engine/EditorResources/S_Actor" 3128
"../../../Engine/Content/EditorResources/S_Actor.uasset" 3129
"/Engine/EngineFonts/RobotoDistanceField" 3130
"../../../Engine/Content/EngineFonts/RobotoDistanceField.uasset" 3131
"/Engine/EngineMaterials/DefaultTextMaterialOpaque" 3132
"../../../Engine/Content/EngineMaterials/DefaultTextMaterialOpaque.uasset" 3133
"/Engine/Functions/Engine_MaterialFunctions01/Shading/PowerToRoughness" 3134
"../../../Engine/Content/Functions/Engine_MaterialFunctions01/Shading/PowerToRoughness.uasset" 3135
"/Engine/Functions/Engine_MaterialFunctions01/Shading/ConvertFromDiffSpec" 3136
"../../../Engine/Content/Functions/Engine_MaterialFunctions01/Shading/ConvertFromDiffSpec.uasset" 3137
"/Engine/EngineMaterials/WorldGridMaterial" 3138
"../../../Engine/Content/EngineMaterials/WorldGridMaterial.uasset" 3139
"../../../Engine/Content/Functions/Engine_MaterialFunctions01/Opacity/CameraDepthFade.uasset" 3140
"../../../Engine/Content/EngineMaterials/T_Default_Material_Grid_M.uasset" 3141
"../../../Engine/Content/EngineMaterials/T_Default_Material_Grid_N.uasset" 3142
"/Engine/EngineMaterials/DefaultDeferredDecalMaterial" 3143
"../../../Engine/Content/EngineMaterials/DefaultDeferredDecalMaterial.uasset" 3144
"../../../Engine/Content/EngineMaterials/DefaultDiffuse.uasset" 3145
"/Engine/EngineMaterials/DefaultLightFunctionMaterial" 3146
"../../../Engine/Content/EngineMaterials/DefaultLightFunctionMaterial.uasset" 3147
"/Engine/EngineMaterials/DefaultPostProcessMaterial" 3148
"../../../Engine/Content/EngineMaterials/DefaultPostProcessMaterial.uasset" 3149
"../../../Engine/Content/Functions/Engine_MaterialFunctions02/Utility/BreakOutFloat2Components.uasset" 3150
"/Engine/EditorResources/S_Trigger" 3151
"../../../Engine/Content/EditorResources/S_Trigger.uasset" 3152
"/Engine/EditorResources/S_BoxReflectionCapture" 3153
"../../../Engine/Content/EditorResources/S_BoxReflectionCapture.uasset" 3154
"/Engine/EngineResources/DefaultTexture" 3155
"../../../Engine/Content/EngineResources/DefaultTexture.uasset" 3156
"/Engine/EditorResources/S_TriggerBox" 3157
"../../../Engine/Content/EditorResources/S_TriggerBox.uasset" 3158
"/Engine/EditorResources/S_TriggerCapsule" 3159
"../../../Engine/Content/EditorResources/S_TriggerCapsule.uasset" 3160
"/Engine/EditorResources/S_TriggerSphere" 3161
"../../../Engine/Content/EditorResources/S_TriggerSphere.uasset" 3162
"/Engine/EngineDamageTypes/DmgTypeBP_Environmental" 3163
"../../../Engine/Content/EngineDamageTypes/DmgTypeBP_Environmental.uasset" 3164
"/Engine/EngineMeshes/Sphere" 3165
"../../../Engine/Content/EngineMeshes/Sphere.uasset" 3166
"/Engine/EngineResources/DefaultTextureCube" 3167
"../../../Engine/Content/EngineResources/DefaultTextureCube.uasset" 3168
"/Engine/EngineResources/DefaultVolumeTexture" 3169
"../../../Engine/Content/EngineResources/DefaultVolumeTexture.uasset" 3170
"../../../Engine/Content/EngineResources/DefaultVolumeTexture2D.uasset" 3171
"/Engine/VREditor/TransformGizmo/SM_Sequencer_Node" 3172
"../../../Engine/Content/VREditor/TransformGizmo/SM_Sequencer_Node.uasset" 3173
"../../../Engine/Content/VREditor/TransformGizmo/Main.uasset" 3174
"../../../Engine/Content/VREditor/TransformGizmo/Xray.uasset" 3175
"/Engine/EditorResources/S_Solver" 3176
"../../../Engine/Content/EditorResources/S_Solver.uasset" 3177
"/Engine/EngineDebugMaterials/VolumeToRender" 3178
"../../../Engine/Content/EngineDebugMaterials/VolumeToRender.uasset" 3179
"/Engine/EngineDebugMaterials/M_VolumeRenderSphereTracePP" 3180
"../../../Engine/Content/EngineDebugMaterials/M_VolumeRenderSphereTracePP.uasset" 3181
"../../../Engine/Content/Functions/Engine_MaterialFunctions02/Utility/CameraDirectionVector.uasset" 3182
"/Engine/EditorMeshes/Camera/SM_CraneRig_Base" 3183
"../../../Engine/Content/EditorMeshes/Camera/SM_CraneRig_Base.uasset" 3184
"../../../Engine/Content/EditorMaterials/Camera/MI_CineMat_Rig.uasset" 3185
"../../../Engine/Content/EditorMaterials/Camera/CineMat.uasset" 3186
"/Engine/EditorMeshes/Camera/SM_CraneRig_Arm" 3187
"../../../Engine/Content/EditorMeshes/Camera/SM_CraneRig_Arm.uasset" 3188
"/Engine/EditorMeshes/Camera/SM_CraneRig_Mount" 3189
"../../../Engine/Content/EditorMeshes/Camera/SM_CraneRig_Mount.uasset" 3190
"/Engine/EditorMeshes/Camera/SM_CraneRig_Body" 3191
"../../../Engine/Content/EditorMeshes/Camera/SM_CraneRig_Body.uasset" 3192
"/Engine/EditorMeshes/Camera/SM_RailRig_Track" 3193
"../../../Engine/Content/EditorMeshes/Camera/SM_RailRig_Track.uasset" 3194
"/Engine/EditorMeshes/Camera/SM_RailRig_Mount" 3195
"../../../Engine/Content/EditorMeshes/Camera/SM_RailRig_Mount.uasset" 3196
"/Engine/EditorLandscapeResources/SplineEditorMesh" 3197
"../../../Engine/Content/EditorLandscapeResources/SplineEditorMesh.uasset" 3198
"../../../Engine/Content/EditorLandscapeResources/SplineEditorMeshMat.uasset" 3199
"/Engine/BasicShapes/Cube" 3200
"../../../Engine/Content/BasicShapes/Cube.uasset" 3201
"/CameraCalibrationCore/Materials/M_DefaultOddSquare" 3202
"../../Plugins/VirtualProduction/CameraCalibrationCore/Content/Materials/M_DefaultOddSquare.uasset" 3203
"/CameraCalibrationCore/Materials/M_DefaultEvenSquare" 3204
"../../Plugins/VirtualProduction/CameraCalibrationCore/Content/Materials/M_DefaultEvenSquare.uasset" 3205
"/Engine/EngineMaterials/Widget3DPassThrough_Translucent" 3206
"../../../Engine/Content/EngineMaterials/Widget3DPassThrough_Translucent.uasset" 3207
"../../../Engine/Content/EngineMaterials/Widget3DPassThrough.uasset" 3208
"/Engine/EngineMaterials/Widget3DPassThrough_Translucent_OneSided" 3209
"../../../Engine/Content/EngineMaterials/Widget3DPassThrough_Translucent_OneSided.uasset" 3210
"/Engine/EngineMaterials/Widget3DPassThrough_Opaque" 3211
"../../../Engine/Content/EngineMaterials/Widget3DPassThrough_Opaque.uasset" 3212
"/Engine/EngineMaterials/Widget3DPassThrough_Opaque_OneSided" 3213
"../../../Engine/Content/EngineMaterials/Widget3DPassThrough_Opaque_OneSided.uasset" 3214
"/Engine/EngineMaterials/Widget3DPassThrough_Masked" 3215
"../../../Engine/Content/EngineMaterials/Widget3DPassThrough_Masked.uasset" 3216
"/Engine/EngineMaterials/Widget3DPassThrough_Masked_OneSided" 3217
"../../../Engine/Content/EngineMaterials/Widget3DPassThrough_Masked_OneSided.uasset" 3218
"/Engine/VREditor/ViewportInteractionAssetContainerData" 3219
"../../../Engine/Content/VREditor/ViewportInteractionAssetContainerData.uasset" 3220
"../../../Engine/Content/VREditor/SnapGrid/SnapGridMaterial.uasset" 3221
"../../../Engine/Content/VREditor/TransformGizmo/TransformGizmoMaterial_Inst.uasset" 3222
"../../../Engine/Content/VREditor/TransformGizmo/TranslucentTransformGizmoMaterial_Inst.uasset" 3223
"../../../Engine/Content/VREditor/SnapGrid/SnapGridPlaneMesh.uasset" 3224
"../../../Engine/Content/VREditor/Sounds/UI/Drop_Item_From_ContentBrowser.uasset" 3225
"../../../Engine/Content/VREditor/Sounds/UI/Gizmo_Handle_Clicked.uasset" 3226
"../../../Engine/Content/VREditor/Sounds/UI/Object_PickUp.uasset" 3227
"../../../Engine/Content/VREditor/Sounds/UI/Object_Snaps_To_Another_Actor.uasset" 3228
"../../../Engine/Content/VREditor/Sounds/UI/Object_Snaps_To_Grid.uasset" 3229
"../../../Engine/Content/VREditor/Sounds/UI/Scaling_Down.uasset" 3230
"../../../Engine/Content/VREditor/Sounds/UI/Scaling_Up.uasset" 3231
"../../../Engine/Content/VREditor/Sounds/UI/Selection_Changes.uasset" 3232
"../../../Engine/Content/VREditor/TransformGizmo/PlaneTranslationHandle.uasset" 3233
"../../../Engine/Content/VREditor/TransformGizmo/RotationHandleFull.uasset" 3234
"../../../Engine/Content/VREditor/TransformGizmo/RotationHandleIndicator.uasset" 3235
"../../../Engine/Content/VREditor/TransformGizmo/RotationHandleQuarter.uasset" 3236
"../../../Engine/Content/VREditor/TransformGizmo/StartRotationHandleIndicator.uasset" 3237
"../../../Engine/Content/VREditor/TransformGizmo/TransformGizmoFreeRotation.uasset" 3238
"../../../Engine/Content/VREditor/TransformGizmo/TranslateArrowHandle.uasset" 3239
"../../../Engine/Content/VREditor/TransformGizmo/UniformScaleHandle.uasset" 3240
"../../../Engine/Content/Functions/Engine_MaterialFunctions02/Math/Transform3x3Matrix.uasset" 3241
"../../../Engine/Content/Functions/Engine_MaterialFunctions02/SplitComponents.uasset" 3242
"../../../Engine/Content/Functions/Engine_MaterialFunctions02/Utility/MakeFloat3.uasset" 3243
"../../../Engine/Content/VREditor/TransformGizmo/TransformGizmoMaterial.uasset" 3244
"../../../Engine/Content/VREditor/TransformGizmo/TranslucentTransformGizmoMaterial.uasset" 3245
"../../../Engine/Content/Functions/Engine_MaterialFunctions02/Utility/BreakOutFloat3Components.uasset" 3246
"../../../Engine/Content/VREditor/LaserPointer/VR_LaserPower_01.uasset" 3247
"/Engine/VREditor/TransformGizmo/BoundingBoxCorner" 3248
"../../../Engine/Content/VREditor/TransformGizmo/BoundingBoxCorner.uasset" 3249
"/Engine/VREditor/TransformGizmo/BoundingBoxEdge" 3250
"../../../Engine/Content/VREditor/TransformGizmo/BoundingBoxEdge.uasset" 3251
"/Engine/ArtTools/RenderToTexture/Meshes/S_1_Unit_Plane" 3252
"../../../Engine/Content/ArtTools/RenderToTexture/Meshes/S_1_Unit_Plane.uasset" 3253
"/Engine/EngineDebugMaterials/M_SimpleUnlitTranslucent" 3254
"../../../Engine/Content/EngineDebugMaterials/M_SimpleUnlitTranslucent.uasset" 3255
"/Engine/EngineFonts/Roboto" 3256
"../../../Engine/Content/EngineFonts/Roboto.uasset" 3257
"../../../Engine/Content/EngineFonts/Faces/DroidSansFallback.uasset" 3258
"../../../Engine/Content/EngineFonts/Faces/RobotoBold.uasset" 3259
"../../../Engine/Content/EngineFonts/Faces/RobotoBoldItalic.uasset" 3260
"../../../Engine/Content/EngineFonts/Faces/RobotoItalic.uasset" 3261
"../../../Engine/Content/EngineFonts/Faces/RobotoLight.uasset" 3262
"../../../Engine/Content/EngineFonts/Faces/RobotoRegular.uasset" 3263
"/Engine/EditorMaterials/ParticleSystems/PSysThumbnail_NoImage" 3264
"../../../Engine/Content/EditorMaterials/ParticleSystems/PSysThumbnail_NoImage.uasset" 3265
"/Engine/EditorMaterials/ParticleSystems/PSysThumbnail_OOD" 3266
"../../../Engine/Content/EditorMaterials/ParticleSystems/PSysThumbnail_OOD.uasset" 3267
"/Engine/EngineResources/LandscapeVisibilityLayerInfo" 3268
"../../../Engine/Content/EngineResources/LandscapeVisibilityLayerInfo.uasset" 3269
"../../../Engine/Content/Internationalization/icudt64l/coll/ucadata.icu" 3270
"../../../Engine/Content/Internationalization/icudt64l/coll/en.res" 3271
"../../../Engine/Content/Internationalization/icudt64l/coll/root.res" 3272
"/ACLPlugin/ACLAnimBoneCompressionSettings" 3273
"../../Plugins/Animation/ACLPlugin/Content/ACLAnimBoneCompressionSettings.uasset" 3274
"/Engine/Animation/DefaultRecorderBoneCompression" 3275
"../../../Engine/Content/Animation/DefaultRecorderBoneCompression.uasset" 3276
"/ACLPlugin/ACLAnimCurveCompressionSettings" 3277
"../../Plugins/Animation/ACLPlugin/Content/ACLAnimCurveCompressionSettings.uasset" 3278
"/Engine/Animation/DefaultVariableFrameStrippingSettings" 3279
"../../../Engine/Content/Animation/DefaultVariableFrameStrippingSettings.uasset" 3280
"/ControlRig/Controls/ControlRigXRayMaterial" 3281
"../../Plugins/Animation/ControlRig/Content/Controls/ControlRigXRayMaterial.uasset" 3282
"/ControlRig/Controls/DefaultGizmoLibraryNormalized" 3283
"../../Plugins/Animation/ControlRig/Content/Controls/DefaultGizmoLibraryNormalized.uasset" 3284
"/AudioModulation/BitDepth" 3285
"../../Plugins/Runtime/AudioModulation/Content/BitDepth.uasset" 3286
"/AudioModulation/HPFCutoffFrequency" 3287
"../../Plugins/Runtime/AudioModulation/Content/HPFCutoffFrequency.uasset" 3288
"/AudioModulation/LowRateFrequency" 3289
"../../Plugins/Runtime/AudioModulation/Content/LowRateFrequency.uasset" 3290
"/AudioModulation/LPFCutoffFrequency" 3291
"../../Plugins/Runtime/AudioModulation/Content/LPFCutoffFrequency.uasset" 3292
"/AudioModulation/Pan" 3293
"../../Plugins/Runtime/AudioModulation/Content/Pan.uasset" 3294
"/AudioModulation/Pitch" 3295
"../../Plugins/Runtime/AudioModulation/Content/Pitch.uasset" 3296
"/AudioModulation/SampleRate" 3297
"../../Plugins/Runtime/AudioModulation/Content/SampleRate.uasset" 3298
"/AudioModulation/TimeOfDay" 3299
"../../Plugins/Runtime/AudioModulation/Content/TimeOfDay.uasset" 3300
"/AudioModulation/Volume" 3301
"../../Plugins/Runtime/AudioModulation/Content/Volume.uasset" 3302
"/AudioWidgets/Resources/ScrubHandleDown_Clamped" 3303
"../../Plugins/Runtime/AudioWidgets/Content/Resources/ScrubHandleDown_Clamped.uasset" 3304
"/Paper2D/MaskedUnlitSpriteMaterial" 3305
"../../Plugins/2D/Paper2D/Content/MaskedUnlitSpriteMaterial.uasset" 3306
"../../Plugins/2D/Paper2D/Content/DefaultSpriteMaterial.uasset" 3307
"../../Plugins/2D/Paper2D/Content/PlaceholderTextures/DummySpriteTexture.uasset" 3308
"/Paper2D/OpaqueUnlitSpriteMaterial" 3309
"../../Plugins/2D/Paper2D/Content/OpaqueUnlitSpriteMaterial.uasset" 3310
"/Paper2D/DefaultPaperTerrainMaterial" 3311
"../../Plugins/2D/Paper2D/Content/DefaultPaperTerrainMaterial.uasset" 3312
"../../Plugins/2D/Paper2D/Content/DummySprite.uasset" 3313
"/ControlRig/M_Manip" 3314
"../../Plugins/Animation/ControlRig/Content/M_Manip.uasset" 3315
"../../../Engine/Content/Functions/Engine_MaterialFunctions02/WorldPositionOffset/CameraOffset.uasset" 3316
"../../../Engine/Config/BaseSourceControlSettings.ini" 3317
"../../../Engine/Intermediate/ProjectFiles/PrimaryProjectPath.txt" 3318
"/MediaPlate/SM_MediaPlateScreen" 3319
"../../Plugins/Media/MediaPlate/Content/SM_MediaPlateScreen.uasset" 3320
"/SubtitlesAndClosedCaptions/Widgets/DefaultSubtitleWidget" 3321
"../../Plugins/Experimental/SubtitlesAndClosedCaptions/Content/Widgets/DefaultSubtitleWidget.uasset" 3322
"/Engine/BasicShapes/BasicShapeMaterial" 3323
"../../../Engine/Content/BasicShapes/BasicShapeMaterial.uasset" 3324
"/Engine/EditorMaterials/Dataflow/DataflowVertexMaterial" 3325
"../../../Engine/Content/EditorMaterials/Dataflow/DataflowVertexMaterial.uasset" 3326
"/Engine/EditorMaterials/Dataflow/DataflowTwoSidedVertexMaterial" 3327
"../../../Engine/Content/EditorMaterials/Dataflow/DataflowTwoSidedVertexMaterial.uasset" 3328
"/Engine/EditorLandscapeResources/LayerVisMaterial" 3329
"../../../Engine/Content/EditorLandscapeResources/LayerVisMaterial.uasset" 3330
"../../../Engine/Content/EditorLandscapeResources/WhiteSquareTexture.uasset" 3331
"/Engine/EditorLandscapeResources/SelectBrushMaterial_Selected" 3332
"../../../Engine/Content/EditorLandscapeResources/SelectBrushMaterial_Selected.uasset" 3333
"../../../Engine/Content/EditorLandscapeResources/SelectBrushMaterial.uasset" 3334
"../../../Engine/Content/Functions/Engine_MaterialFunctions03/Math/WithinRangeFloat2.uasset" 3335
"../../../Engine/Content/EditorLandscapeResources/DefaultAlphaTexture.uasset" 3336
"/Engine/EditorLandscapeResources/SelectBrushMaterial_SelectedRegion" 3337
"../../../Engine/Content/EditorLandscapeResources/SelectBrushMaterial_SelectedRegion.uasset" 3338
"/Engine/EditorLandscapeResources/MaskBrushMaterial_MaskedRegion" 3339
"../../../Engine/Content/EditorLandscapeResources/MaskBrushMaterial_MaskedRegion.uasset" 3340
"../../../Engine/Content/EditorLandscapeResources/MaskBrushMaterial.uasset" 3341
"/Engine/EditorLandscapeResources/ColorMaskBrushMaterial_MaskedRegion" 3342
"../../../Engine/Content/EditorLandscapeResources/ColorMaskBrushMaterial_MaskedRegion.uasset" 3343
"../../../Engine/Content/EditorLandscapeResources/ColorMaskBrushMaterial.uasset" 3344
"/Engine/EditorLandscapeResources/LandscapeDirtyMaterial" 3345
"../../../Engine/Content/EditorLandscapeResources/LandscapeDirtyMaterial.uasset" 3346
"/Engine/EditorLandscapeResources/LandscapeLayerUsageMaterial" 3347
"../../../Engine/Content/EditorLandscapeResources/LandscapeLayerUsageMaterial.uasset" 3348
"../../../Engine/Content/Functions/Engine_MaterialFunctions01/Debug/DebugIntValues.uasset" 3349
"../../../Engine/Content/Functions/Engine_MaterialFunctions01/Texturing/ScaleUVsByCenter.uasset" 3350
"../../../Engine/Content/Functions/Engine_MaterialFunctions02/WorldPositionOffset/LocalPosition.uasset" 3351
"../../../Engine/Content/Functions/Engine_MaterialFunctions01/Texturing/TextureCropping.uasset" 3352
"../../../Engine/Content/Functions/Engine_MaterialFunctions02/ExampleContent/DebugNumberStrip.uasset" 3353
"C:/Users/neo/AppData/Local/UnrealEngine/Editor/UInteractiveToolsPresetCollectionAsset_DefaultCollection.json" 3354
"/Engine/EngineMaterials/NaniteHiddenSectionMaterial" 3355
"../../../Engine/Content/EngineMaterials/NaniteHiddenSectionMaterial.uasset" 3356
"/Engine/EngineMaterials/RemoveSurfaceMaterial" 3357
"../../../Engine/Content/EngineMaterials/RemoveSurfaceMaterial.uasset" 3358
"/Engine/EngineDebugMaterials/DebugMeshMaterial" 3359
"../../../Engine/Content/EngineDebugMaterials/DebugMeshMaterial.uasset" 3360
"/Engine/EngineMaterials/EmissiveMeshMaterial" 3361
"../../../Engine/Content/EngineMaterials/EmissiveMeshMaterial.uasset" 3362
"../../../Engine/Content/EngineMaterials/DefaultWhiteGrid_Low.uasset" 3363
"/Engine/EngineMaterials/M_InvalidLightmapSettings" 3364
"../../../Engine/Content/EngineMaterials/M_InvalidLightmapSettings.uasset" 3365
"../../../Engine/Content/EngineMaterials/InvalidLightmapSettings.uasset" 3366
"/Engine/EngineMaterials/GizmoMaterial" 3367
"../../../Engine/Content/EngineMaterials/GizmoMaterial.uasset" 3368
"/Engine/EngineMaterials/PhAT_JointLimitMaterial" 3369
"../../../Engine/Content/EngineMaterials/PhAT_JointLimitMaterial.uasset" 3370
"/Engine/EngineMaterials/FlattenMaterial" 3371
"../../../Engine/Content/EngineMaterials/FlattenMaterial.uasset" 3372
"../../../Engine/Content/EngineMaterials/BaseFlattenDiffuseMap.uasset" 3373
"../../../Engine/Content/EngineMaterials/BaseFlattenEmissiveMap.uasset" 3374
"../../../Engine/Content/EngineMaterials/BaseFlattenGrayscaleMap.uasset" 3375
"../../../Engine/Content/EngineMaterials/BaseFlattenLinearColor.uasset" 3376
"../../../Engine/Content/EngineMaterials/BaseFlattenNormalMap.uasset" 3377
"../../../Engine/Content/Functions/Engine_MaterialFunctions02/PivotPainter2/Black_1x1_EXR_Texture.uasset" 3378
"/Engine/EngineMaterials/FlattenMaterial_VT" 3379
"../../../Engine/Content/EngineMaterials/FlattenMaterial_VT.uasset" 3380
"../../../Engine/Content/EngineMaterials/BaseFlattenDiffuseMap_VT.uasset" 3381
"../../../Engine/Content/EngineMaterials/BaseFlattenEmissiveMap_VT.uasset" 3382
"../../../Engine/Content/EngineMaterials/BaseFlattenGrayscaleMap_VT.uasset" 3383
"../../../Engine/Content/EngineMaterials/BaseFlattenLinearColor_VT.uasset" 3384
"../../../Engine/Content/EngineMaterials/BaseFlattenNormalMap_VT.uasset" 3385
"../../../Engine/Content/EngineMaterials/Black_1x1_EXR_Texture_VT.uasset" 3386
"/Engine/EngineMaterials/FlattenMaterial_WS_Normal_VT" 3387
"../../../Engine/Content/EngineMaterials/FlattenMaterial_WS_Normal_VT.uasset" 3388
"/Engine/EngineMaterials/Good64x64TilingNoiseHighFreq" 3389
"../../../Engine/Content/EngineMaterials/Good64x64TilingNoiseHighFreq.uasset" 3390
"/Engine/EngineMaterials/DefaultBokeh" 3391
"../../../Engine/Content/EngineMaterials/DefaultBokeh.uasset" 3392
"/Engine/EngineMaterials/MiniFont" 3393
"../../../Engine/Content/EngineMaterials/MiniFont.uasset" 3394
"/Engine/EngineMaterials/WeightMapPlaceholderTexture" 3395
"../../../Engine/Content/EngineMaterials/WeightMapPlaceholderTexture.uasset" 3396
"/Engine/EngineMaterials/WeightMapArrayPlaceholderTexture" 3397
"../../../Engine/Content/EngineMaterials/WeightMapArrayPlaceholderTexture.uasset" 3398
"/Engine/EngineMaterials/DefaultWhiteGrid" 3399
"../../../Engine/Content/EngineMaterials/DefaultWhiteGrid.uasset" 3400
"/Engine/EngineMaterials/PreintegratedSkinBRDF" 3401
"../../../Engine/Content/EngineMaterials/PreintegratedSkinBRDF.uasset" 3402
"/Engine/EngineMaterials/LTC/GGX_LTCAmp" 3403
"../../../Engine/Content/EngineMaterials/LTC/GGX_LTCAmp.uasset" 3404
"/Engine/EngineMaterials/LTC/GGX_LTCMat" 3405
"../../../Engine/Content/EngineMaterials/LTC/GGX_LTCMat.uasset" 3406
"/Engine/EngineMaterials/EnergyConservation/GGX_ReflectionEnergy" 3407
"../../../Engine/Content/EngineMaterials/EnergyConservation/GGX_ReflectionEnergy.uasset" 3408
"/Engine/EngineMaterials/EnergyConservation/GGX_TransmissionEnergyArray" 3409
"../../../Engine/Content/EngineMaterials/EnergyConservation/GGX_TransmissionEnergyArray.uasset" 3410
"/Engine/EngineMaterials/EnergyConservation/SheenLegacy_Energy" 3411
"../../../Engine/Content/EngineMaterials/EnergyConservation/SheenLegacy_Energy.uasset" 3412
"/Engine/EngineMaterials/DefaultPhysicalMaterial" 3413
"../../../Engine/Content/EngineMaterials/DefaultPhysicalMaterial.uasset" 3414
"/Engine/EngineMaterials/DefaultDestructiblePhysicalMaterial" 3415
"../../../Engine/Content/EngineMaterials/DefaultDestructiblePhysicalMaterial.uasset" 3416
"C:/Users/neo/AppData/Local/UnrealEngine/Editor/ProjectEditorRecords.json" 3417
"/Niagara/ParameterDefinitions/SpriteRenderer" 3418
"../../Plugins/FX/Niagara/Content/ParameterDefinitions/SpriteRenderer.uasset" 3419
"/Niagara/ParameterDefinitions/RibbonRenderer" 3420
"../../Plugins/FX/Niagara/Content/ParameterDefinitions/RibbonRenderer.uasset" 3421
"/Niagara/ParameterDefinitions/MeshRenderer" 3422
"../../Plugins/FX/Niagara/Content/ParameterDefinitions/MeshRenderer.uasset" 3423
"/Niagara/ParameterDefinitions/LightRenderer" 3424
"../../Plugins/FX/Niagara/Content/ParameterDefinitions/LightRenderer.uasset" 3425
"/Niagara/ParameterDefinitions/DecalRenderer" 3426
"../../Plugins/FX/Niagara/Content/ParameterDefinitions/DecalRenderer.uasset" 3427
"/Niagara/ParameterDefinitions/CoreParameters" 3428
"../../Plugins/FX/Niagara/Content/ParameterDefinitions/CoreParameters.uasset" 3429
"/Engine/EditorResources/SequenceRecorder/Countdown" 3430
"../../../Engine/Content/EditorResources/SequenceRecorder/Countdown.uasset" 3431
"/Engine/EditorResources/SequenceRecorder/RecordingIndicator" 3432
"../../../Engine/Content/EditorResources/SequenceRecorder/RecordingIndicator.uasset" 3433
"/Engine/EditorMaterials/PhAT_UnselectedMaterial" 3434
"../../../Engine/Content/EditorMaterials/PhAT_UnselectedMaterial.uasset" 3435
"/Engine/EditorMaterials/PhAT_NoCollisionMaterial" 3436
"../../../Engine/Content/EditorMaterials/PhAT_NoCollisionMaterial.uasset" 3437
"/Engine/BasicShapes/Sphere" 3438
"../../../Engine/Content/BasicShapes/Sphere.uasset" 3439
"../../../Engine/Content/EngineMaterials/DefaultMaterial.uasset" 3440
"/Engine/BasicShapes/Cylinder" 3441
"../../../Engine/Content/BasicShapes/Cylinder.uasset" 3442
"/Engine/BasicShapes/Cone" 3443
"../../../Engine/Content/BasicShapes/Cone.uasset" 3444
"/Engine/BasicShapes/Plane" 3445
"../../../Engine/Content/BasicShapes/Plane.uasset" 3446
"/Engine/EngineFonts/DroidSansMono" 3447
"../../../Engine/Content/EngineFonts/DroidSansMono.uasset" 3448
"../../../Engine/Content/EngineFonts/Faces/DroidSansMono.uasset" 3449
"../../../Engine/Documentation/Source/Shared/Types/ABrush/ABrush.INT.udn" 3450
"../../../Engine/Content/Internationalization/icudt64l/brkitr/en_US.res" 3451
"../../../Engine/Content/Internationalization/icudt64l/brkitr/en.res" 3452
"../../../Engine/Content/Internationalization/icudt64l/brkitr/root.res" 3453
"../../../Engine/Content/Internationalization/icudt64l/brkitr/char.brk" 3454
"../../../Engine/Content/Internationalization/icudt64l/brkitr/word.brk" 3455
"/Engine/EditorResources/S_Terrain" 3456
"../../../Engine/Content/EditorResources/S_Terrain.uasset" 3457
"../../../Engine/Plugins/FX/Niagara/Shaders/Private/NiagaraDataInterfaceTexture2DArrayTemplate.ush" 3458
"../../../Engine/Plugins/FX/Niagara/Shaders/Private/NiagaraDataInterfaceActorComponentTemplate.ush" 3459
"../../../Engine/Plugins/FX/Niagara/Shaders/Private/NiagaraDataInterfaceArrayTemplate.ush" 3460
"../../../Engine/Plugins/FX/Niagara/Shaders/Private/NiagaraDataInterfaceArrayRWTemplate.ush" 3461
"../../../Engine/Plugins/FX/Niagara/Shaders/Private/NiagaraDataInterfaceAsyncGpuTrace.ush" 3462
"../../../Engine/Plugins/FX/Niagara/Shaders/Private/NiagaraDataInterfaceAsyncGpuTraceTemplate.ush" 3463
"../../../Engine/Plugins/FX/Niagara/Shaders/Private/NiagaraDataInterfaceCamera.ush" 3464
"../../../Engine/Plugins/Experimental/ChaosNiagara/Shaders/NiagaraDataInterfaceChaosDestruction.ush" 3465
"../../../Engine/Plugins/FX/Niagara/Shaders/Private/NiagaraDataInterfaceCollisionQuery.ush" 3466
"S:/GitHub/massey-unreal-2/Orbital/Intermediate/ShaderAutogen/PCD3D_SM5/AutogenShaderHeaders.ush" 3467
"../../../Engine/Plugins/FX/Niagara/Shaders/Private/NiagaraDataInterfaceCollisionQueryTemplate.ush" 3468
"../../../Engine/Plugins/FX/Niagara/Shaders/Private/NiagaraDataInterfaceCurveTemplate.ush" 3469
"../../../Engine/Plugins/FX/Niagara/Shaders/Private/NiagaraDataInterfaceCubeTextureTemplate.ush" 3470
"../../../Engine/Plugins/FX/Niagara/Shaders/Private/DataChannel/NiagaraDataInterfaceDataChannelCommon.ush" 3471
"../../../Engine/Plugins/FX/Niagara/Shaders/Private/DataChannel/NiagaraDataInterfaceDataChannelTemplateCommon.ush" 3472
"../../../Engine/Plugins/FX/Niagara/Shaders/Private/DataChannel/NiagaraDataInterfaceDataChannelTemplateReadCommon.ush" 3473
"../../../Engine/Plugins/FX/Niagara/Shaders/Private/DataChannel/NiagaraDataInterfaceDataChannelTemplate_Read.ush" 3474
"../../../Engine/Plugins/FX/Niagara/Shaders/Private/DataChannel/NiagaraDataInterfaceDataChannelTemplate_Consume.ush" 3475
"../../../Engine/Plugins/FX/Niagara/Shaders/Private/DataChannel/NiagaraDataInterfaceDataChannelTemplateWriteCommon.ush" 3476
"../../../Engine/Plugins/FX/Niagara/Shaders/Private/DataChannel/NiagaraDataInterfaceDataChannelTemplate_Append.ush" 3477
"../../../Engine/Plugins/FX/Niagara/Shaders/Private/NiagaraDataInterfaceDataTableTemplate.ush" 3478
"../../../Engine/Plugins/FX/Niagara/Shaders/Private/NiagaraDataInterfaceDebugDraw.ush" 3479
"../../../Engine/Plugins/FX/Niagara/Shaders/Private/NiagaraDataInterfaceDebugDrawTemplate.ush" 3480
"../../../Engine/Plugins/FX/Niagara/Shaders/Private/NiagaraDataInterfaceDynamicMeshTemplate.ush" 3481
"../../../Engine/Plugins/FX/Niagara/Shaders/Private/NiagaraDataInterfaceEmitterPropertiesTemplate.ush" 3482
"../../../Engine/Plugins/FX/Niagara/Shaders/Private/NiagaraDataInterfaceExportTemplate.ush" 3483
"../../../Engine/Plugins/FX/Niagara/Shaders/Private/NiagaraDataInterfaceGBufferTemplate.ush" 3484
"../../../Engine/Plugins/Experimental/ChaosNiagara/Shaders/NiagaraDataInterfaceGeometryCollection.ush" 3485
"../../../Engine/Plugins/FX/Niagara/Shaders/Private/NiagaraTransformUtils.ush" 3486
"../../../Engine/Plugins/FX/Niagara/Shaders/Private/NiagaraDataInterfaceIntRenderTarget2D.ush" 3487
"../../../Engine/Plugins/FX/Niagara/Shaders/Private/NiagaraDataInterfaceLandscape.ush" 3488
"../../../Engine/Plugins/FX/Niagara/Shaders/Private/NiagaraDataInterfaceMemoryBufferTemplate.ush" 3489
"../../../Engine/Plugins/FX/Niagara/Shaders/Private/NiagaraDataInterfaceMeshRendererInfoTemplate.ush" 3490
"../../../Engine/Plugins/FX/Niagara/Shaders/Private/NiagaraDataInterfaceOcclusion.ush" 3491
"../../../Engine/Plugins/FX/Niagara/Shaders/Private/NiagaraDataInterfacePhysicsAsset.ush" 3492
"../../../Engine/Plugins/Experimental/ChaosNiagara/Shaders/NiagaraDataInterfacePhysicsField.ush" 3493
"../../../Engine/Plugins/FX/Niagara/Shaders/Private/NiagaraDataInterfacePlatformSetTemplate.ush" 3494
"../../../Engine/Plugins/FX/Niagara/Shaders/Private/NiagaraDataInterfaceRenderTarget2DTemplate.ush" 3495
"../../../Engine/Plugins/FX/Niagara/Shaders/Private/NiagaraDataInterfaceRenderTarget2DArrayTemplate.ush" 3496
"../../../Engine/Plugins/FX/Niagara/Shaders/Private/NiagaraDataInterfaceRenderTargetCubeTemplate.ush" 3497
"../../../Engine/Plugins/FX/Niagara/Shaders/Private/NiagaraDataInterfaceRenderTargetVolumeTemplate.ush" 3498
"../../../Engine/Plugins/FX/Niagara/Shaders/Private/NiagaraDataInterfaceRigidMeshCollisionQuery.ush" 3499
"../../../Engine/Plugins/FX/Niagara/Shaders/Private/NiagaraDistanceFieldQueries.ush" 3500
"../../../Engine/Plugins/FX/Niagara/Shaders/Private/NiagaraDataInterfaceSceneCapture2DTemplate.ush" 3501
"../../../Engine/Plugins/FX/Niagara/Shaders/Private/NiagaraDataInterfaceSimCacheReaderTemplate.ush" 3502
"../../../Engine/Plugins/FX/Niagara/Shaders/Private/NiagaraDataInterfaceSimpleCounterTemplate.ush" 3503
"../../../Engine/Plugins/FX/Niagara/Shaders/Private/NiagaraDataInterfaceSkeletalMesh.ush" 3504
"../../../Engine/Plugins/FX/Niagara/Shaders/Private/NiagaraBaryCentricUtils.ush" 3505
"../../../Engine/Plugins/FX/Niagara/Shaders/Private/NiagaraDataInterfaceSkeletalMeshTemplate.ush" 3506
"../../../Engine/Plugins/FX/Niagara/Shaders/Private/NiagaraDataInterfaceSocketReaderTemplate.ush" 3507
"../../../Engine/Plugins/FX/Niagara/Shaders/Private/NiagaraDataInterfaceSparseVolumeTextureTemplate.ush" 3508
"../../../Engine/Plugins/FX/Niagara/Shaders/Private/NiagaraDataInterfaceSplineTemplate.ush" 3509
"../../../Engine/Plugins/FX/Niagara/Shaders/Private/NiagaraDataInterfaceSpriteRendererInfoTemplate.ush" 3510
"../../../Engine/Plugins/FX/Niagara/Shaders/Private/NiagaraDataInterfaceStaticMeshTemplate.ush" 3511
"../../../Engine/Plugins/FX/Niagara/Shaders/Private/NiagaraDataInterfaceTextureTemplate.ush" 3512
"../../../Engine/Plugins/FX/Niagara/Shaders/Private/NiagaraDataInterfaceVirtualTexture.ush" 3513
"../../../Engine/Plugins/FX/Niagara/Shaders/Private/NiagaraDataInterfaceVirtualTextureTemplate.ush" 3514
"../../../Engine/Plugins/FX/Niagara/Shaders/Private/NiagaraDataInterfaceVolumeCache.ush" 3515
"../../../Engine/Plugins/FX/Niagara/Shaders/Private/NiagaraDataInterfaceVolumeTextureTemplate.ush" 3516
"/Engine/EditorResources/SmallFont" 3517
"../../../Engine/Content/EditorResources/SmallFont.uasset" 3518
"/Engine/EngineFonts/TinyFont" 3519
"../../../Engine/Content/EngineFonts/TinyFont.uasset" 3520
"/Engine/EngineFonts/SmallFont" 3521
"../../../Engine/Content/EngineFonts/SmallFont.uasset" 3522
"/Engine/EngineFonts/RobotoTiny" 3523
"../../../Engine/Content/EngineFonts/RobotoTiny.uasset" 3524
"../../../Engine/Content/EngineFonts/Faces/RobotoTiny.uasset" 3525
"/Game/SystemFonts/Fonts/MicrogrammaExtDMed" 3526
"../../../../../GitHub/massey-unreal-2/Orbital/Content/SystemFonts/Fonts/MicrogrammaExtDMed.uasset" 3527
"../../../../../GitHub/massey-unreal-2/Orbital/Content/SystemFonts/FontFaces/MicrogrammaExtDMed_Regular.uasset" 3528
"/Game/SystemFonts/Fonts/MicrogrammaExtDBol" 3529
"../../../../../GitHub/massey-unreal-2/Orbital/Content/SystemFonts/Fonts/MicrogrammaExtDBol.uasset" 3530
"../../../../../GitHub/massey-unreal-2/Orbital/Content/SystemFonts/FontFaces/MicrogrammaExtDBol_Regular.uasset" 3531
"/Game/SystemFonts/Fonts/FixedsysExcelsior301" 3532
"../../../../../GitHub/massey-unreal-2/Orbital/Content/SystemFonts/Fonts/FixedsysExcelsior301.uasset" 3533
"../../../../../GitHub/massey-unreal-2/Orbital/Content/SystemFonts/FontFaces/FixedsysExcelsior301_Regular.uasset" 3534
"/Game/SystemFonts/Fonts/CascadiaMono" 3535
"../../../../../GitHub/massey-unreal-2/Orbital/Content/SystemFonts/Fonts/CascadiaMono.uasset" 3536
"../../../../../GitHub/massey-unreal-2/Orbital/Content/SystemFonts/FontFaces/CascadiaMono_ExtraLight.uasset" 3537
"../../../../../GitHub/massey-unreal-2/Orbital/Content/SystemFonts/FontFaces/CascadiaMono_ExtraLightItalic.uasset" 3538
"/Game/SystemFonts/Fonts/0ArameH" 3539
"../../../../../GitHub/massey-unreal-2/Orbital/Content/SystemFonts/Fonts/0ArameH.uasset" 3540
"../../../../../GitHub/massey-unreal-2/Orbital/Content/SystemFonts/FontFaces/0ArameH_Regular.uasset" 3541
"/Engine/VREditor/Fonts/VRText_RobotoLarge" 3542
"../../../Engine/Content/VREditor/Fonts/VRText_RobotoLarge.uasset" 3543
"/Game/_nOrbital/ui/fonts/BerkeleyMono" 3544
"../../../../../GitHub/massey-unreal-2/Orbital/Content/_nOrbital/ui/fonts/BerkeleyMono.uasset" 3545
"../../../../../GitHub/massey-unreal-2/Orbital/Content/_nOrbital/ui/fonts/BerkeleyMono-Bold.uasset" 3546
"../../../../../GitHub/massey-unreal-2/Orbital/Content/_nOrbital/ui/fonts/BerkeleyMono-Regular.uasset" 3547
"/Game/VRTemplate/VFX/NPC_VRTemplate" 3548
"../../../../../GitHub/massey-unreal-2/Orbital/Content/VRTemplate/VFX/NPC_VRTemplate.uasset" 3549
"../../../../../GitHub/massey-unreal-2/Orbital/Intermediate/ShaderAutogen/PCD3D_SM5/AutogenShaderHeaders.ush" 3550
"../../../Engine/Shaders/Public/Platform/Vulkan/VulkanCommon.ush" 3551
"../../../Engine/Shaders/Public/Platform/Vulkan/VulkanSubpassSupport.ush" 3552
"S:/GitHub/massey-unreal-2/Orbital/Intermediate/ShaderAutogen/VULKAN_SM5/AutogenShaderHeaders.ush" 3553
"../../../../../GitHub/massey-unreal-2/Orbital/Intermediate/ShaderAutogen/VULKAN_SM5/AutogenShaderHeaders.ush" 3554
"S:/GitHub/massey-unreal-2/Orbital/Intermediate/ShaderAutogen/VULKAN_SM6/AutogenShaderHeaders.ush" 3555
"../../../../../GitHub/massey-unreal-2/Orbital/Intermediate/ShaderAutogen/VULKAN_SM6/AutogenShaderHeaders.ush" 3556
"S:/GitHub/massey-unreal-2/Orbital/Content/_nOrbital/ai/dart/BP_Dart.uasset" 3557
"S:/GitHub/massey-unreal-2/Orbital/Content/_nOrbital/fbx/corridor_1/corridor_corner_inner.uasset" 3558
"S:/GitHub/massey-unreal-2/Orbital/Content/_nOrbital/ai/dart/flares_weapon_lens_Mat.uasset" 3559
"../../../Engine/Content/Functions/Engine_MaterialFunctions03/Texturing/CameraWorldBlend.uasset" 3560
"S:/GitHub/massey-unreal-2/Orbital/Content/_nOrbital/ai/dart/flares_weapon_lens.uasset" 3561
"S:/GitHub/massey-unreal-2/Orbital/Content/_nOrbital/fbx/dart/dart_PhysicsAsset.uasset" 3562
"S:/GitHub/massey-unreal-2/Orbital/Content/_nOrbital/fbx/dart/dart_spin.uasset" 3563
"S:/GitHub/massey-unreal-2/Orbital/Content/_nOrbital/fbx/dart/dart_core.uasset" 3564
"S:/GitHub/massey-unreal-2/Orbital/Content/_nOrbital/fbx/dart/dart_outside.uasset" 3565
"S:/GitHub/massey-unreal-2/Orbital/Content/_nOrbital/fbx/dart/dart.uasset" 3566
"S:/GitHub/massey-unreal-2/Orbital/Content/_nOrbital/fx/fx_DartFlare.uasset" 3567
"../../../Engine/Content/Functions/Engine_MaterialFunctions02/Math/MultiplyAdd.uasset" 3568
"S:/GitHub/massey-unreal-2/Orbital/Content/_nOrbital/fbx/dart/dart_Anim.uasset" 3569
"S:/GitHub/massey-unreal-2/Orbital/Content/_nOrbital/fbx/dart/dart_Skeleton.uasset" 3570
"/Game/_nOrbital/fbx/dart/dart_outside" 3571
"S:/GitHub/massey-unreal-2/Orbital/Content/_nOrbital/fbx/corridor_1/corridor_junction_circuit.uasset" 3572
"S:/GitHub/massey-unreal-2/Orbital/Content/_nOrbital/snd/amb/airydrone.uasset" 3573
"S:/GitHub/massey-unreal-2/Orbital/Content/_nOrbital/fbx/corridor_1/corridor_corner_outer.uasset" 3574
"S:/GitHub/massey-unreal-2/Orbital/Content/_nOrbital/fbx/corridor_1/corridor_junction_vertical.uasset" 3575
"S:/GitHub/massey-unreal-2/Orbital/Content/_nOrbital/fbx/corridor_1/corridor_straight_doublebrace.uasset" 3576
"S:/GitHub/massey-unreal-2/Orbital/Content/_nOrbital/snd/amb/indoor_alarm_far_stereo.uasset" 3577
"S:/GitHub/massey-unreal-2/Orbital/Content/_nOrbital/fbx/corridor_1/corridor_single3.uasset" 3578
"S:/GitHub/massey-unreal-2/Orbital/Content/_nOrbital/fbx/corridor_1/space_trim_red.uasset" 3579
"S:/GitHub/massey-unreal-2/Orbital/Content/_nOrbital/fbx/corridor_1/corridor_triple.uasset" 3580
"S:/GitHub/massey-unreal-2/Orbital/Content/_nOrbital/fbx/corridor_1/space_trim_blue.uasset" 3581
"S:/GitHub/massey-unreal-2/Orbital/Content/_nOrbital/snd/amb/windydunes.uasset" 3582
"S:/GitHub/massey-unreal-2/Orbital/Content/_nOrbital/fbx/corridor_1/corridor_single2.uasset" 3583
"S:/GitHub/massey-unreal-2/Orbital/Content/_nOrbital/fbx/corridor_1/space_trim_reflect.uasset" 3584
"S:/GitHub/massey-unreal-2/Orbital/Content/_nOrbital/fbx/corridor_1/corridor_single1.uasset" 3585
"../../../Engine/Content/EditorSounds/GamePreview/EndSimulate.uasset" 3586
"S:/GitHub/massey-unreal-2/Orbital/Content/_nOrbital/fbx/corridor_1/corridor_triplebrace.uasset" 3587
"S:/GitHub/massey-unreal-2/Orbital/Content/_nOrbital/bp/BP_AirTank.uasset" 3588
"S:/GitHub/massey-unreal-2/Orbital/Content/_nOrbital/fbx/corridor_1_door/space_glass.uasset" 3589
"/Game/_nOrbital/fbx/dart/dart_PhysicsAsset" 3590
"/Game/_nOrbital/fbx/dart/dart_spin" 3591
"../../Plugins/Interchange/Assets/Content/Functions/MF_PhongToMetalRoughness.uasset" 3592
"/Game/_nOrbital/ai/dart/flares_weapon_lens" 3593
"/Engine/Functions/Engine_MaterialFunctions03/Texturing/CameraWorldBlend" 3594
"/Game/_nOrbital/ai/dart/flares_weapon_lens_Mat" 3595
"/Game/_nOrbital/fbx/dart/dart_Anim" 3596
"S:/GitHub/massey-unreal-2/Orbital/Content/_nOrbital/snd/door/PM_FSSF_DOOR_MID_9.uasset" 3597
"S:/GitHub/massey-unreal-2/Orbital/Content/_nOrbital/snd/door/transition_shutter_002.uasset" 3598
"S:/GitHub/massey-unreal-2/Orbital/Content/_nOrbital/fbx/corridor_1_door/space_trim_dark.uasset" 3599
"../../../Engine/Content/VREditor/Sounds/UI/Camera_Shutter.uasset" 3600
"S:/GitHub/massey-unreal-2/Orbital/Content/_nOrbital/fbx/corridor_1_door/doorway.uasset" 3601
"S:/GitHub/massey-unreal-2/Orbital/Content/_nOrbital/fbx/corridor_1_door/door.uasset" 3602
"/Engine/Functions/Engine_MaterialFunctions02/Math/MultiplyAdd" 3603
"/Game/_nOrbital/fbx/dart/dart_core" 3604
"/Game/_nOrbital/fbx/dart/dart" 3605
"/Game/_nOrbital/fx/fx_DartFlare" 3606
"../../Plugins/FX/Niagara/Content/Modules/Emitter/EmitterState.uasset" 3607
"../../Plugins/FX/Niagara/Content/Modules/System/SystemState.uasset" 3608
"../../Plugins/FX/Niagara/Content/Enums/ENiagara_EmitterStateOptions.uasset" 3609
"../../Plugins/FX/Niagara/Content/Enums/ENiagara_InfiniteLoopDuration.uasset" 3610
"../../Plugins/FX/Niagara/Content/Enums/ENiagaraEmitterLifeCycleMode.uasset" 3611
"../../Plugins/FX/Niagara/Content/Enums/ENiagaraEmitterScalabilityMode_Limited.uasset" 3612
"../../Plugins/FX/Niagara/Content/Enums/ENiagaraInactiveMode.uasset" 3613
"../../Plugins/FX/Niagara/Content/Enums/ENiagaraSystemInactiveMode.uasset" 3614
"../../Plugins/FX/Niagara/Content/Functions/Emitter/EmitterChangeState.uasset" 3615
"../../Plugins/FX/Niagara/Content/Icons/Modules/T_Icon_Scalability_Emitter.uasset" 3616
"../../Plugins/FX/Niagara/Content/Icons/Modules/T_Icon_Scalability_System.uasset" 3617
"../../Plugins/FX/Niagara/Content/Functions/System/SystemChangeState.uasset" 3618
"/Game/_nOrbital/ai/dart/BP_Dart" 3619
"/Game/_nOrbital/fbx/corridor_1/space_trim_blue" 3620
"/Game/_nOrbital/fbx/corridor_1/space_trim_red" 3621
"/Game/_nOrbital/fbx/corridor_1/space_trim_reflect" 3622
"/Game/_nOrbital/snd/amb/airydrone" 3623
"/Game/_nOrbital/snd/amb/indoor_alarm_far_stereo" 3624
"/Game/_nOrbital/snd/amb/windydunes" 3625
"/Engine/EditorSounds/GamePreview/EndSimulate" 3626
"/Game/_nOrbital/bp/BP_AirTank" 3627
"../../../../../GitHub/massey-unreal-2/Orbital/Content/_nOrbital/bp/BP_nChar_You.uasset" 3628
"../../../../../GitHub/massey-unreal-2/Orbital/Content/InteractionSystem/Blueprints/Player/BP_FPS_Character.uasset" 3629
"../../../../../GitHub/massey-unreal-2/Orbital/Content/InteractionSystem/Core/BPI_Interaction.uasset" 3630
"../../../../../GitHub/massey-unreal-2/Orbital/Content/InteractionSystem/Core/E_ItemType.uasset" 3631
"../../../Engine/Content/EditorMeshes/ColorCalibrator/M_ChromeBall.uasset" 3632
"../../../Engine/Content/MapTemplates/Bokeh_5Sides.uasset" 3633
"../../../Engine/Content/MobileResources/HUD/VirtualJoystick_Thumb.uasset" 3634
"../../../../../GitHub/massey-unreal-2/Orbital/Content/_nOrbital/lvl/_GENERATED/neo/VoxelBoolean_380CE6A9.uasset" 3635
"../../../../../GitHub/massey-unreal-2/Orbital/Content/_nOrbital/ui/HUD_player.uasset" 3636
"../../../../../GitHub/massey-unreal-2/Orbital/Content/_nOrbital/ui/WBP_typetext.uasset" 3637
"../../../Engine/Content/EditorBlueprintResources/StandardMacros.uasset" 3638
"../../../../../GitHub/massey-unreal-2/Orbital/Content/InteractionSystem/Blueprints/Items/Master/BP_Item.uasset" 3639
"../../../../../GitHub/massey-unreal-2/Orbital/Content/InteractionSystem/Assets/Textures/T_Crosshair_CircleDot.uasset" 3640
"../../../../../GitHub/massey-unreal-2/Orbital/Content/InteractionSystem/UI/BPW_HUD.uasset" 3641
"../../../Engine/Content/VREditor/Sounds/UI/Click_on_Button.uasset" 3642
"../../../Engine/Content/VREditor/Sounds/VR_click1.uasset" 3643
"../../../../../GitHub/massey-unreal-2/Orbital/Content/_nOrbital/snd/monophonic.uasset" 3644
"../../../../../GitHub/massey-unreal-2/Orbital/Content/_nOrbital/snd/nfx/hbfx_rec1_90.uasset" 3645
"../../../../../GitHub/massey-unreal-2/Orbital/Content/InteractionSystem/Assets/Materials/Physics/PM_HighFriction.uasset" 3646
"../../../../../GitHub/massey-unreal-2/Orbital/Content/InteractionSystem/Assets/Meshes/SM_Shape_Cube.uasset" 3647
"../../../Engine/Content/EngineSounds/SFX.uasset" 3648
"../../../../../GitHub/massey-unreal-2/Orbital/Content/InteractionSystem/Assets/Materials/ProcGrid/MI_ProcGrid_Blue.uasset" 3649
"../../../Engine/Content/EngineSounds/Master.uasset" 3650
"../../../Engine/Content/EngineSounds/Normal_Attack.uasset" 3651
"../../../Engine/Content/EngineSounds/Special_Attack_PSM.uasset" 3652
"../../../../../GitHub/massey-unreal-2/Orbital/Content/InteractionSystem/Assets/Materials/ProcGrid/MI_ProcGrid.uasset" 3653
"../../../Engine/Content/EngineSounds/Duck_Normal_Attack_MixMod.uasset" 3654
"../../../../../GitHub/massey-unreal-2/Orbital/Content/InteractionSystem/Assets/Materials/Master/M_ProcGrid.uasset" 3655
"../../../Engine/Content/Functions/Engine_MaterialFunctions03/Blends/Blend_Overlay.uasset" 3656
"../../../../../GitHub/massey-unreal-2/Orbital/Content/InteractionSystem/Assets/Materials/Master/MF_ProcGrid.uasset" 3657
"../../../Engine/Content/EngineMaterials/BlendFunc_DefBase.uasset" 3658
"../../../Engine/Content/EngineMaterials/BlendFunc_DefBlend.uasset" 3659
"../../../Engine/Content/Functions/Engine_MaterialFunctions01/ImageAdjustment/CheapContrast.uasset" 3660
"../../../../../GitHub/massey-unreal-2/Orbital/Content/InteractionSystem/Assets/Textures/T_GridChecker_A.uasset" 3661
"../../../Engine/Content/Functions/Engine_MaterialFunctions01/Gradient/LinearGradient.uasset" 3662
"/Game/_nOrbital/fbx/corridor_1_door/space_glass" 3663
"S:/GitHub/massey-unreal-2/Orbital/Content/_nOrbital/enum/enum_DoorState.uasset" 3664
"S:/GitHub/massey-unreal-2/Orbital/Content/_nOrbital/mat/text_3D_emissive.uasset" 3665
"../../../Engine/Content/EditorSounds/Notifications/CompileFailed.uasset" 3666
"/Engine/VREditor/Sounds/UI/Camera_Shutter" 3667
"../../../Engine/Plugins/FX/Niagara/Content/Functions/Spline/FindPositionOnBezierSpline.uasset" 3668
"../../../Engine/Plugins/FX/Niagara/Content/Modules/Beams/BeamWidth.uasset" 3669
"S:/GitHub/massey-unreal-2/Orbital/Content/_nOrbital/bp/BP_nChar_Finder.uasset" 3670
"../../../Engine/Plugins/FX/Niagara/Content/Modules/Beams/BeamEmitterSetup.uasset" 3671
"../../../Engine/Plugins/FX/Niagara/Content/DynamicInputs/Multiply/Multiply_VectorByFloat.uasset" 3672
"../../../Engine/Plugins/FX/Niagara/Content/DynamicInputs/Helpers/SimulationPosition.uasset" 3673
"../../../Engine/Plugins/FX/Niagara/Content/DefaultAssets/DefaultRIbbonMaterial.uasset" 3674
"S:/GitHub/massey-unreal-2/Orbital/Content/_nOrbital/bp/bp_door.uasset" 3675
"../../../Engine/Plugins/FX/Niagara/Content/Modules/Update/Color/Color.uasset" 3676
"../../../Engine/Plugins/FX/Niagara/Content/Modules/Beams/SpawnBeam.uasset" 3677
"../../../Engine/Plugins/FX/Niagara/Content/Modules/Emitter/SpawnBurst_Instantaneous.uasset" 3678
"../../../Engine/Plugins/FX/Niagara/Content/Modules/Spawn/Initialization/InitializeParticle.uasset" 3679
"S:/GitHub/massey-unreal-2/Orbital/Content/_nOrbital/fx/fx_Jet.uasset" 3680
"/Game/_nOrbital/snd/door/transition_shutter_002" 3681
"/Game/_nOrbital/snd/door/PM_FSSF_DOOR_MID_9" 3682
"/Game/_nOrbital/fbx/corridor_1_door/doorway" 3683
"../../../../../GitHub/massey-unreal-2/Orbital/Content/_nOrbital/mat/space_base.uasset" 3684
"../../../Engine/Content/Functions/Engine_MaterialFunctions01/ImageAdjustment/CheapContrast_RGB.uasset" 3685
"../../../Engine/Content/EngineDebugMaterials/HeatmapGradient.uasset" 3686
"../../../../../GitHub/massey-unreal-2/Orbital/Content/StarterContent/Textures/T_Metal_Aluminum_D.uasset" 3687
"../../../../../GitHub/massey-unreal-2/Orbital/Content/StarterContent/Textures/T_Metal_Steel_D.uasset" 3688
"/Game/_nOrbital/fbx/corridor_1_door/door" 3689
"/Game/_nOrbital/fbx/corridor_1/corridor_corner_inner" 3690
"/Game/_nOrbital/fbx/corridor_1/corridor_corner_outer" 3691
"/Game/_nOrbital/fbx/corridor_1/corridor_junction_circuit" 3692
"/Game/_nOrbital/fbx/corridor_1/corridor_junction_vertical" 3693
"/Game/_nOrbital/fbx/corridor_1/corridor_single1" 3694
"/Game/_nOrbital/fbx/corridor_1/corridor_single2" 3695
"/Game/_nOrbital/fbx/corridor_1/corridor_single3" 3696
"/Game/_nOrbital/fbx/corridor_1/corridor_straight_doublebrace" 3697
"/Game/_nOrbital/fbx/corridor_1/corridor_triple" 3698
"/Game/_nOrbital/fbx/corridor_1/corridor_triplebrace" 3699
"S:/GitHub/massey-unreal-2/Orbital/Content/_nOrbital/fbx/Corridor1.uasset" 3700
"S:/GitHub/massey-unreal-2/Orbital/Content/StarterContent/Particles/P_Ambient_Dust.uasset" 3701
"S:/GitHub/massey-unreal-2/Orbital/Content/_nOrbital/fbx/Corridor2.uasset" 3702
"S:/GitHub/massey-unreal-2/Orbital/Content/_nOrbital/bp/ZeroG_Box.uasset" 3703
"S:/GitHub/massey-unreal-2/Orbital/Content/_nOrbital/bp/ControlScreen.uasset" 3704
"S:/GitHub/massey-unreal-2/Orbital/Content/_nOrbital/bp/BP_nChar_Grabber.uasset" 3705
"S:/GitHub/massey-unreal-2/Orbital/Content/_nOrbital/mat/rt_Screen2_Mat.uasset" 3706
"S:/GitHub/massey-unreal-2/Orbital/Content/_nOrbital/snd/nfx/hbfx_rec1_31.uasset" 3707
"S:/GitHub/massey-unreal-2/Orbital/Content/StarterContent/Textures/T_Dust_Particle_D.uasset" 3708
"../../../Engine/Content/MapTemplates/T_ScreenDirt02_w.uasset" 3709
"S:/GitHub/massey-unreal-2/Orbital/Content/StarterContent/Particles/Materials/M_Dust_Particle.uasset" 3710
"S:/GitHub/massey-unreal-2/Orbital/Content/_nOrbital/fbx/corridor_corner_inner.uasset" 3711
"S:/GitHub/massey-unreal-2/Orbital/Content/_nOrbital/fbx/corridor_corner_outer.uasset" 3712
"/Game/_nOrbital/fx/fx_Jet" 3713
"S:/GitHub/massey-unreal-2/Orbital/Content/_nOrbital/fbx/corridor_junction_circuit.uasset" 3714
"S:/GitHub/massey-unreal-2/Orbital/Content/_nOrbital/fbx/corridor_junction_passage.uasset" 3715
"S:/GitHub/massey-unreal-2/Orbital/Content/_nOrbital/fbx/corridor_single1.uasset" 3716
"../../Plugins/FX/Niagara/Content/DynamicInputs/ValueFromCurve/FloatFromCurve.uasset" 3717
"../../Plugins/FX/Niagara/Content/Functions/Localspace/SimulationPosition.uasset" 3718
"../../Plugins/FX/Niagara/Content/Modules/Solvers/SolveForcesAndVelocity.uasset" 3719
"../../Plugins/FX/Niagara/Content/Modules/Update/Lifetime/ParticleState.uasset" 3720
"../../Plugins/FX/Niagara/Content/Functions/Localspace/TransformVector.uasset" 3721
"../../Plugins/FX/Niagara/Content/Functions/DirectionAndLengthSafe.uasset" 3722
"../../Plugins/FX/Niagara/Content/Functions/Localspace/TransformPosition.uasset" 3723
"../../Plugins/FX/Niagara/Content/Functions/NormalizedExecutionIndex.uasset" 3724
"../../Plugins/FX/Niagara/Content/Functions/V2/CalculateRandomRangeFloat.uasset" 3725
"../../Plugins/FX/Niagara/Content/Enums/ENiagaraRandomnessEvaluation.uasset" 3726
"../../Plugins/FX/Niagara/Content/Enums/ENiagaraRandomnessMode.uasset" 3727
"../../Plugins/FX/Niagara/Content/Functions/Drag/DragVelocity.uasset" 3728
"../../Plugins/FX/Niagara/Content/Functions/Math/CentimeterMeterConversion.uasset" 3729
"../../Plugins/FX/Niagara/Content/Functions/Rotation/MultiplyVectorWithQuaternion.uasset" 3730
"../../Plugins/FX/Niagara/Content/Modules/Solvers/ApplyRotationVector.uasset" 3731
"../../Plugins/FX/Niagara/Content/Icons/Modules/T_Icon_Solver_LimitAccel.uasset" 3732
"../../Plugins/FX/Niagara/Content/Icons/Modules/T_Icon_Solver_LimitSpeed.uasset" 3733
"../../Plugins/FX/Niagara/Content/Icons/Modules/T_Icon_Solver_RotationalSolve.uasset" 3734
"../../Plugins/FX/Niagara/Content/Functions/RandomRangeFloat.uasset" 3735
"../../Plugins/FX/Niagara/Content/Modules/Spawn/Initialization/V2/InitializeParticle.uasset" 3736
"../../Plugins/FX/Niagara/Content/Functions/Math/SaturateFloat.uasset" 3737
"../../Plugins/FX/Niagara/Content/Icons/Modules/T_Icon_Particle_InfiniteLife.uasset" 3738
"../../Plugins/FX/Niagara/Content/Functions/Localspace/TransformBase.uasset" 3739
"../../Plugins/FX/Niagara/Content/Functions/Rotation/AxisAngleToQuaternion.uasset" 3740
"../../Plugins/FX/Niagara/Content/Functions/Rotation/MultiplyQuaternion.uasset" 3741
"../../Plugins/FX/Niagara/Content/Functions/GetRandomInfo.uasset" 3742
"../../Plugins/FX/Niagara/Content/Functions/LinearColor/HueShiftLinearColor.uasset" 3743
"../../Plugins/FX/Niagara/Content/Functions/V2/CalculateRandomBool.uasset" 3744
"../../Plugins/FX/Niagara/Content/Functions/V2/CalculateRandomRange.uasset" 3745
"../../Plugins/FX/Niagara/Content/Functions/V2/CalculateRandomRangeInteger.uasset" 3746
"../../Plugins/FX/Niagara/Content/Enums/ENiagara_ColorInitializationMode.uasset" 3747
"../../Plugins/FX/Niagara/Content/Enums/ENiagara_LifetimeMode.uasset" 3748
"../../Plugins/FX/Niagara/Content/Enums/ENiagara_MassInitializationMode.uasset" 3749
"../../Plugins/FX/Niagara/Content/Enums/ENiagara_PositionInitializationMode.uasset" 3750
"../../Plugins/FX/Niagara/Content/Enums/ENiagara_SizeScaleMode.uasset" 3751
"../../Plugins/FX/Niagara/Content/Enums/ENiagara_SpriteRotationMode.uasset" 3752
"../../Plugins/FX/Niagara/Content/Enums/ENiagara_UVFlippingMode.uasset" 3753
"../../Plugins/FX/Niagara/Content/Enums/ENiagaraChannelCorrelation.uasset" 3754
"../../Plugins/FX/Niagara/Content/Enums/Ribbons/ENiagara_UnsetDirectSet.uasset" 3755
"../../Plugins/FX/Niagara/Content/Enums/Ribbons/ENiagara_UnsetDirectSetRandom.uasset" 3756
"/Game/_nOrbital/fbx/corridor_corner_inner" 3757
"../../../../../GitHub/massey-unreal-2/Orbital/Content/_nOrbital/mat/space_trim_dark.uasset" 3758
"../../../../../GitHub/massey-unreal-2/Orbital/Content/_nOrbital/mat/space_trim_red.uasset" 3759
"../../../../../GitHub/massey-unreal-2/Orbital/Content/Neo/NeoTex/SBS/Tex_Metal_03-128x128.uasset" 3760
"/Game/_nOrbital/fbx/Corridor2" 3761
"/Game/_nOrbital/fbx/Corridor1" 3762
"/Game/_nOrbital/bp/ZeroG_Box" 3763
"../../../../../GitHub/massey-unreal-2/Orbital/Content/_nOrbital/mat/space_trim_reflect.uasset" 3764
"/Game/_nOrbital/bp/ControlScreen" 3765
"../../../../../GitHub/massey-unreal-2/Orbital/Content/_nOrbital/snd/nfx/hbfx_rec1_113.uasset" 3766
"../../../../../GitHub/massey-unreal-2/Orbital/Content/_nOrbital/ui/HUD_finder.uasset" 3767
"../../../../../GitHub/massey-unreal-2/Orbital/Content/_nOrbital/mat/rt_Screen2.uasset" 3768
"/Game/_nOrbital/bp/BP_nChar_Grabber" 3769
"/Game/_nOrbital/bp/BP_nChar_Finder" 3770
"/Game/_nOrbital/bp/bp_door" 3771
"S:/GitHub/massey-unreal-2/Orbital/Content/_nOrbital/mat/space_trim_blue.uasset" 3772
"S:/GitHub/massey-unreal-2/Orbital/Content/_nOrbital/tex/sky/scr00001.uasset" 3773
"S:/GitHub/massey-unreal-2/Orbital/Content/_nOrbital/lvl/prototype_BuiltData.uasset" 3774
"S:/GitHub/massey-unreal-2/Orbital/Content/_nOrbital/fbx/corridor_single2.uasset" 3775
"S:/GitHub/massey-unreal-2/Orbital/Content/_nOrbital/tex/sky/skymat.uasset" 3776
"S:/GitHub/massey-unreal-2/Orbital/Content/_nOrbital/snd/creepy.uasset" 3777
"/Game/_nOrbital/fbx/corridor_junction_passage" 3778
"S:/GitHub/massey-unreal-2/Orbital/Content/_nOrbital/fbx/corridor_straight_doublebrace.uasset" 3779
"S:/GitHub/massey-unreal-2/Orbital/Content/_nOrbital/obj/lightpulse.uasset" 3780
"S:/GitHub/massey-unreal-2/Orbital/Content/_nOrbital/fbx/corridor_single3.uasset" 3781
"S:/GitHub/massey-unreal-2/Orbital/Content/_nOrbital/mat/rt_Screen1_Mat.uasset" 3782
"S:/GitHub/massey-unreal-2/Orbital/Content/_nOrbital/fbx/corridor_straight_double.uasset" 3783
"../../../Engine/Content/Functions/Engine_MaterialFunctions01/Coordinates/LongLatToUV.uasset" 3784
"S:/GitHub/massey-unreal-2/Orbital/Content/_nOrbital/mdl/skysphere.uasset" 3785
"S:/GitHub/massey-unreal-2/Orbital/Content/_nOrbital/mat/rt_Screen1.uasset" 3786
"S:/GitHub/massey-unreal-2/Orbital/Content/_nOrbital/fbx/corridor__junction_ladder.uasset" 3787
"S:/GitHub/massey-unreal-2/Orbital/Content/_nOrbital/ui/HUD_grabber.uasset" 3788
"../../../Engine/Content/EngineSounds/ReverbSettings/BunkerHall.uasset" 3789
"../../../Engine/Content/EngineSounds/ReverbSettings/StoneCorridor.uasset" 3790
"../../../Engine/Content/Functions/Engine_MaterialFunctions01/Gradient/RadialGradient.uasset" 3791
"S:/GitHub/massey-unreal-2/Orbital/Content/StarterContent/Textures/T_Spark_Core.uasset" 3792
"S:/GitHub/massey-unreal-2/Orbital/Content/StarterContent/Particles/Materials/M_Spark.uasset" 3793
"S:/GitHub/massey-unreal-2/Orbital/Content/StarterContent/Textures/T_Smoke_SubUV.uasset" 3794
"S:/GitHub/massey-unreal-2/Orbital/Content/StarterContent/Particles/Materials/M_Radial_Gradient.uasset" 3795
"../../../Engine/Content/EngineSounds/Submixes/MasterReverbSubmixDefault.uasset" 3796
"../../../Engine/Content/EngineSounds/Submixes/MasterSubmixDefault.uasset" 3797
"../../../Engine/Content/EngineSounds/Submixes/MasterReverbEffectPreset.uasset" 3798
"../../../Engine/Content/EngineSounds/Submixes/MasterEQSubmixDefault.uasset" 3799
"../../../Engine/Content/EngineSounds/Submixes/MasterEQEffectPreset.uasset" 3800
"S:/GitHub/massey-unreal-2/Orbital/Content/StarterContent/Textures/T_Smoke_Tiled_D.uasset" 3801
"/Game/_nOrbital/ui/HUD_grabber" 3802
"/Game/_nOrbital/fbx/corridor_single1" 3803
"/Game/_nOrbital/fbx/corridor_junction_circuit" 3804
"/Game/_nOrbital/snd/creepy" 3805
"/Game/_nOrbital/fbx/corridor_corner_outer" 3806
"/Game/_nOrbital/obj/lightpulse" 3807
"/Game/_nOrbital/mdl/skysphere" 3808
"/Game/_nOrbital/lvl/prototype_BuiltData" 3809
"/Game/_nOrbital/fbx/corridor__junction_ladder" 3810
"/Game/_nOrbital/fbx/corridor_straight_doublebrace" 3811
"/Game/_nOrbital/fbx/corridor_straight_double" 3812
"/Game/_nOrbital/fbx/corridor_single3" 3813
"/Game/_nOrbital/fbx/corridor_single2" 3814
"/Engine/EngineSounds/ReverbSettings/BunkerHall" 3815
"/Engine/EngineSounds/ReverbSettings/StoneCorridor" 3816
"/Engine/EngineSounds/Submixes/MasterReverbEffectPreset" 3817
"/Engine/EngineSounds/Submixes/MasterEQEffectPreset" 3818
"/Engine/EngineSounds/Submixes/MasterEQSubmixDefault" 3819
"/Engine/Functions/Engine_MaterialFunctions01/Gradient/RadialGradient" 3820
"/Game/StarterContent/Particles/Materials/M_Radial_Gradient" 3821
"/Game/StarterContent/Textures/T_Spark_Core" 3822
"/Game/StarterContent/Particles/Materials/M_Spark" 3823
"/Game/StarterContent/Textures/T_Smoke_SubUV" 3824
"S:/GitHub/massey-unreal-2/Orbital/Content/StarterContent/Particles/Materials/M_smoke_subUV.uasset" 3825
"S:/GitHub/massey-unreal-2/Orbital/Content/JeremyPuzzle/ModelsAndProps/Assets/Materials/Chest.uasset" 3826
"../../../Engine/Plugins/FX/Niagara/Content/Enums/ENiagara_Float4Channel.uasset" 3827
"../../../Engine/Plugins/FX/Niagara/Content/Functions/Collision/RandomizeCollisionNormals.uasset" 3828
"../../../Engine/Plugins/FX/Niagara/Content/Modules/Collision/NiagaraDistanceFieldCollisions.uasset" 3829
"../../../Engine/Plugins/FX/Niagara/Content/Functions/ReflectVector.uasset" 3830
"../../../Engine/Plugins/FX/Niagara/Content/Functions/Collision/PlaneSphereCollisionDetection.uasset" 3831
"S:/GitHub/massey-unreal-2/Orbital/Content/JeremyPuzzle/ModelsAndProps/Assets/Textures/Chest_texture.uasset" 3832
"../../../Engine/Plugins/FX/Niagara/Content/Modules/Collision/SceneDepthTest.uasset" 3833
"S:/GitHub/massey-unreal-2/Orbital/Content/JeremyPuzzle/ModelsAndProps/Assets/Models/Chest.uasset" 3834
"S:/GitHub/massey-unreal-2/Orbital/Content/JeremyPuzzle/ModelsAndProps/Assets/Textures/Chest_normal.uasset" 3835
"../../../Engine/Plugins/FX/Niagara/Content/Functions/Textures/CalculateA_VolumeTexturesDistanceFieldGradient.uasset" 3836
"/Game/StarterContent/Textures/T_Smoke_Tiled_D" 3837
"../../../Engine/Plugins/FX/Niagara/Content/Modules/Collision/CollisionQueryAndResponse.uasset" 3838
"../../../Engine/Plugins/FX/Niagara/Content/Functions/Helpers/DoOnce_fn.uasset" 3839
"../../../Engine/Plugins/FX/Niagara/Content/Modules/Collision/Collision.uasset" 3840
"../../../Engine/Plugins/FX/Niagara/Content/Enums/Collision/SceneDepthCollisionQueryMethod.uasset" 3841
"../../../Engine/Plugins/FX/Niagara/Content/Functions/ProjectVectorOnPlane.uasset" 3842
"../../../Engine/Plugins/FX/Niagara/Content/Functions/CalculateMeshRadius.uasset" 3843
"../../../Engine/Plugins/FX/Niagara/Content/Modules/Light/Light_Attributes.uasset" 3844
"S:/GitHub/massey-unreal-2/Orbital/Content/StarterContent/Particles/P_Sparks.uasset" 3845
"../../../Engine/Plugins/FX/Niagara/Content/Modules/Update/Size/ScaleSpriteSizeBySpeed.uasset" 3846
"../../../Engine/Plugins/FX/Niagara/Content/Functions/CalculateRadiusFromSpriteSize.uasset" 3847
"../../../Engine/Plugins/FX/Niagara/Content/Functions/V2/DistanceBasedFalloff.uasset" 3848
"../../../Engine/Plugins/FX/Niagara/Content/Functions/NormalizeDistanceRange.uasset" 3849
"../../../Engine/Plugins/FX/Niagara/Content/Functions/V2/CalculateRandomUnitVector.uasset" 3850
"../../../Engine/Plugins/FX/Niagara/Content/Modules/Spawn/Velocity/AddVelocity.uasset" 3851
"../../../Engine/Plugins/FX/Niagara/Content/Enums/Utility/ENiagara_VelocityMode.uasset" 3852
"../../../Engine/Plugins/FX/Niagara/Content/Modules/Update/Forces/GravityForce.uasset" 3853
"../../../Engine/Plugins/FX/Niagara/Content/Modules/Update/Forces/Drag.uasset" 3854
"../../../Engine/Plugins/FX/Niagara/Content/Enums/ENiagaraFrictionMergeType.uasset" 3855
"../../../Engine/Plugins/FX/Niagara/Content/Enums/ENiagaraCollisionRadiusOptions.uasset" 3856
"../../../Engine/Plugins/FX/Niagara/Content/Enums/ENiagaraRestitutionMergeType.uasset" 3857
"/Niagara/Functions/Helpers/DoOnce_fn" 3858
"/Niagara/Functions/ReflectVector" 3859
"/Niagara/Enums/ENiagara_Float4Channel" 3860
"/Niagara/Modules/Update/Forces/Drag" 3861
"/Niagara/Modules/Spawn/Velocity/AddVelocity" 3862
"../../Plugins/FX/Niagara/Content/Functions/Math/CalculateRandomPointInConeSphereIntersection.uasset" 3863
"../../Plugins/FX/Niagara/Content/Functions/Rotation/AngleUnitConverter.uasset" 3864
"../../Plugins/FX/Niagara/Content/Functions/Rotation/FindQuatBetween.uasset" 3865
"../../Plugins/FX/Niagara/Content/Functions/Rotation/InvertQuaternion.uasset" 3866
"../../Plugins/FX/Niagara/Content/Functions/Rotation/MakeQuaternionFrom3BasisVectors.uasset" 3867
"../../Plugins/FX/Niagara/Content/Functions/Rotation/TransformStack/TransformStack_Rotation.uasset" 3868
"../../Plugins/FX/Niagara/Content/Functions/Rotation/XYZRotationToQuaternion.uasset" 3869
"../../Plugins/FX/Niagara/Content/Enums/Angles/ENiagara_AngleInput.uasset" 3870
"../../Plugins/FX/Niagara/Content/Enums/Transforms/ENiagara_RotationMode.uasset" 3871
"../../Plugins/FX/Niagara/Content/Functions/Rotation/MatrixToQuaternion.uasset" 3872
"/Niagara/Functions/Textures/CalculateA_VolumeTexturesDistanceFieldGradient" 3873
"/Niagara/Functions/Collision/RandomizeCollisionNormals" 3874
"/Niagara/Modules/Collision/SceneDepthTest" 3875
"../../Plugins/FX/Niagara/Content/Functions/Localspace/PositionToVector.uasset" 3876
"../../Plugins/FX/Niagara/Content/Functions/ChannelMasks/SelectV4Channel.uasset" 3877
"../../Plugins/FX/Niagara/Content/Enums/ENiagaraVector4_Channels.uasset" 3878
"/Niagara/Modules/Collision/NiagaraDistanceFieldCollisions" 3879
"/Niagara/Functions/Collision/PlaneSphereCollisionDetection" 3880
"/Game/JeremyPuzzle/ModelsAndProps/Assets/Models/Chest" 3881
"/Niagara/Modules/Update/Size/ScaleSpriteSizeBySpeed" 3882
"/Niagara/Modules/Light/Light_Attributes" 3883
"../../Plugins/FX/Niagara/Content/Enums/ENiagaraCalculateRadiusOptions.uasset" 3884
"/Niagara/Functions/ProjectVectorOnPlane" 3885
"/Game/StarterContent/Particles/P_Sparks" 3886
"/Niagara/Modules/Update/Forces/GravityForce" 3887
"/Niagara/Enums/ENiagaraCollisionRadiusOptions" 3888
"/Niagara/Enums/ENiagaraFrictionMergeType" 3889
"../../../Engine/Plugins/FX/Niagara/Content/Modules/Update/Forces/AerodynamicDrag.uasset" 3890
"S:/GitHub/massey-unreal-2/Orbital/Content/Neo/NeoBP/BP_InverseField.uasset" 3891
"../../../Engine/Plugins/FX/Niagara/Content/DynamicInputs/UniformRange/V2/RandomRangeVector.uasset" 3892
"../../../Engine/Plugins/FX/Niagara/Content/Enums/ENiagara_CPUCollisionType.uasset" 3893
"../../../Engine/Plugins/FX/Niagara/Content/Enums/ENiagara_GPUCollisionType.uasset" 3894
"../../../Engine/Plugins/FX/Niagara/Content/Enums/Wind/ENiagaraWindTurbulenceMode.uasset" 3895
"../../../Engine/Plugins/FX/Niagara/Content/Enums/Wind/ENiagaraWindTurbulenceContributionMode.uasset" 3896
"../../../Engine/Plugins/FX/Niagara/Content/Enums/Wind/ENiagaraWindOffsetMode.uasset" 3897
"../../../Engine/Plugins/FX/Niagara/Content/Enums/Wind/ENiagaraWindFrictionMode.uasset" 3898
"../../../Engine/Plugins/FX/Niagara/Content/Enums/Wind/ENiagaraWindGroundMaskMode.uasset" 3899
"../../../Engine/Plugins/FX/Niagara/Content/VectorFields/Assets/TilingCurl64.uasset" 3900
"S:/GitHub/massey-unreal-2/Orbital/Content/Neo/NeoFX/SparxFX.uasset" 3901
"/Niagara/Enums/ENiagaraRestitutionMergeType" 3902
"../../../Engine/Plugins/FX/Niagara/Content/Enums/Wind/ENiagaraWindTurbulenceFrequencyMode.uasset" 3903
"../../../Engine/Plugins/FX/Niagara/Content/Functions/DirectionAndLength.uasset" 3904
"../../../Engine/Plugins/FX/Niagara/Content/Modules/Update/Size/ScaleSpriteSize.uasset" 3905
"../../../Engine/Plugins/FX/Niagara/Content/Enums/SpriteRenderer/ENiagara_ScaleSpriteSize.uasset" 3906
"../../../Engine/Plugins/FX/Niagara/Content/DynamicInputs/UniformRange/V2/RandomRangeFloat.uasset" 3907
"../../../Engine/Plugins/FX/Niagara/Content/Functions/V2/RemapRange.uasset" 3908
"../../../Engine/Plugins/FX/Niagara/Content/VectorFields/Assets/TilingCurl16.uasset" 3909
"../../../Engine/Plugins/FX/Niagara/Content/Enums/Transforms/ENiagara_TransformType.uasset" 3910
"../../../Engine/Plugins/FX/Niagara/Content/Functions/Rotation/RotateVector2D.uasset" 3911
"../../../Engine/Plugins/FX/Niagara/Content/Enums/Wind/ENiagaraWindFrictionDistanceMode.uasset" 3912
"../../../Engine/Plugins/FX/Niagara/Content/Enums/Wind/ENiagaraWindCombingMode.uasset" 3913
"../../../Engine/Plugins/FX/Niagara/Content/Enums/Transforms/ENiagara_ScaleMode.uasset" 3914
"../../../Engine/Plugins/FX/Niagara/Content/Modules/Update/Forces/WindForce.uasset" 3915
"../../../Engine/Plugins/FX/Niagara/Content/Enums/Transforms/ENiagara_TransformOrder.uasset" 3916
"../../../Engine/Plugins/FX/Niagara/Content/Enums/Location/ENiagara_LocationShapes.uasset" 3917
"../../../Engine/Plugins/FX/Niagara/Content/Enums/Transforms/ENiagara_OffsetMode.uasset" 3918
"../../../Engine/Plugins/FX/Niagara/Content/Enums/Location/ENiagaraRingDiscMode.uasset" 3919
"../../../Engine/Plugins/FX/Niagara/Content/Enums/Location/ENiagara_CylinderMode.uasset" 3920
"/Niagara/Modules/Collision/CollisionQueryAndResponse" 3921
"/Niagara/DynamicInputs/UniformRange/V2/RandomRangeFloat" 3922
"/Niagara/Modules/Update/Size/ScaleSpriteSize" 3923
"/Niagara/Modules/Update/Forces/WindForce" 3924
"../../Plugins/FX/Niagara/Content/Enums/ENiagaraCurlNoiseQuality.uasset" 3925
"../../Plugins/FX/Niagara/Content/VectorFields/Assets/TilingCurl32.uasset" 3926
"/Niagara/Enums/Transforms/ENiagara_TransformType" 3927
"/Niagara/Modules/Collision/Collision" 3928
"/Niagara/Functions/Rotation/RotateVector2D" 3929
"/Niagara/Modules/Update/Forces/AerodynamicDrag" 3930
"../../Plugins/FX/Niagara/Content/Enums/ENiagaraAerodynamicDragPivotMode.uasset" 3931
"../../Plugins/FX/Niagara/Content/Enums/ENiagaraDragCoefficientShapeMode.uasset" 3932
"/Niagara/DynamicInputs/UniformRange/V2/RandomRangeVector" 3933
"/Game/Neo/NeoBP/BP_InverseField" 3934
"../../../../../GitHub/massey-unreal-2/Orbital/Content/InteractionSystem/Blueprints/Connections/Master/BP_Connection.uasset" 3935
"../../../../../GitHub/massey-unreal-2/Orbital/Content/Neo/NeoMat/matBridge.uasset" 3936
"../../../../../GitHub/massey-unreal-2/Orbital/Content/Neo/NeoFX/BridgeFX.uasset" 3937
"../../../../../GitHub/massey-unreal-2/Orbital/Content/Neo/NeoMusic/hbfx_rec1_11.uasset" 3938
"../../../../../GitHub/massey-unreal-2/Orbital/Content/InteractionSystem/Assets/Materials/Master/M_Glow.uasset" 3939
"../../Plugins/FX/Niagara/Content/DefaultAssets/DefaultSpriteMaterial.uasset" 3940
"../../Plugins/FX/Niagara/Content/DynamicInputs/TypeConversions/Vector2DFromFloat.uasset" 3941
"../../Plugins/FX/Niagara/Content/Modules/Emitter/SpawnRate.uasset" 3942
"../../Plugins/FX/Niagara/Content/Modules/Spawn/Location/V2/ShapeLocation.uasset" 3943
"../../Plugins/FX/Niagara/Content/Modules/Update/Color/ScaleColor.uasset" 3944
"../../Plugins/FX/Niagara/Content/Enums/ENiagara_AttributeSamplingApplyOutput.uasset" 3945
"../../Plugins/FX/Niagara/Content/Enums/ENiagaraScaleColorMode.uasset" 3946
"../../Plugins/FX/Niagara/Content/Enums/ENiagaraShapeTorusMode.uasset" 3947
"../../Plugins/FX/Niagara/Content/Enums/ENiagaraSphereDistributionMode.uasset" 3948
"../../Plugins/FX/Niagara/Content/Enums/ENiagaraTorusDistributionMode.uasset" 3949
"../../Plugins/FX/Niagara/Content/Enums/Location/ENiagara_BoxPlaneMode.uasset" 3950
"../../Plugins/FX/Niagara/Content/Enums/Location/ENiagara_ConeMode.uasset" 3951
"../../Plugins/FX/Niagara/Content/Enums/Location/ENiagara_CylinderMode.uasset" 3952
"../../../../../GitHub/massey-unreal-2/Orbital/Content/Neo/NeoMusic/NewSoundAttenuation.uasset" 3953
"../../Plugins/FX/Niagara/Content/Functions/ParametricTorus.uasset" 3954
"../../Plugins/FX/Niagara/Content/Functions/ParametricTorusKnot.uasset" 3955
"../../Plugins/FX/Niagara/Content/Functions/PolarToCartesianCoordinates.uasset" 3956
"../../Plugins/FX/Niagara/Content/Functions/RandomPointInBox.uasset" 3957
"../../Plugins/FX/Niagara/Content/Functions/SphericalToCartesianCoordinates.uasset" 3958
"../../Plugins/FX/Niagara/Content/Enums/ENiagaraExpansionMode.uasset" 3959
"../../Plugins/FX/Niagara/Content/Functions/IsolateLongestVectorComponent.uasset" 3960
"S:/GitHub/massey-unreal-2/Orbital/Content/InteractionSystem/Assets/Meshes/SM_Button_Base.uasset" 3961
"S:/GitHub/massey-unreal-2/Orbital/Content/InteractionSystem/Assets/Materials/Glow/MI_Glow_On.uasset" 3962
"../../../Engine/Content/EngineMeshes/MaterialSphere.uasset" 3963
"S:/GitHub/massey-unreal-2/Orbital/Content/InteractionSystem/Assets/Materials/Master/M_Basic.uasset" 3964
"S:/GitHub/massey-unreal-2/Orbital/Content/InteractionSystem/Assets/Materials/ProcGrid/MI_ProcGrid_Gray.uasset" 3965
"S:/GitHub/massey-unreal-2/Orbital/Content/Neo/NeoBP/BP_HoloBridge.uasset" 3966
"S:/GitHub/massey-unreal-2/Orbital/Content/InteractionSystem/Assets/Meshes/SM_Button_Top.uasset" 3967
"S:/GitHub/massey-unreal-2/Orbital/Content/InteractionSystem/Assets/Materials/Glow/MI_Glow_Off.uasset" 3968
"S:/GitHub/massey-unreal-2/Orbital/Content/InteractionSystem/Assets/Materials/ProcGrid/MI_ProcGrid_OffLines.uasset" 3969
"S:/GitHub/massey-unreal-2/Orbital/Content/InteractionSystem/Blueprints/Input/BP_Button_Kiosk.uasset" 3970
"S:/GitHub/massey-unreal-2/Orbital/Content/InteractionSystem/Blueprints/Input/Master/BP_Button.uasset" 3971
"S:/GitHub/massey-unreal-2/Orbital/Content/InteractionSystem/Assets/Meshes/SM_Kiosk.uasset" 3972
"S:/GitHub/massey-unreal-2/Orbital/Content/_nOrbital/fbx/Prison.uasset" 3973
"S:/GitHub/massey-unreal-2/Orbital/Content/InteractionSystem/Assets/Materials/ProcGrid/MI_ProcGrid_OnLines.uasset" 3974
"S:/GitHub/massey-unreal-2/Orbital/Content/Neo/NeoMat/matField.uasset" 3975
"S:/GitHub/massey-unreal-2/Orbital/Content/Neo/NeoTex/SBS/devtex_transparent.uasset" 3976
"S:/GitHub/massey-unreal-2/Orbital/Content/Neo/NeoMat/matWireframe.uasset" 3977
"S:/GitHub/massey-unreal-2/Orbital/Content/Neo/NeoTex/SBS/BW_Marble_Tile_04-128x128.uasset" 3978
"S:/GitHub/massey-unreal-2/Orbital/Content/Neo/NeoMat/matWireframe_Inst.uasset" 3979
"../../../Engine/Content/Functions/Engine_MaterialFunctions03/Blends/Blend_Darken.uasset" 3980
"../../../Engine/Content/Functions/Engine_MaterialFunctions02/3PointLevels.uasset" 3981
"../../../Engine/Content/Functions/Engine_MaterialFunctions01/ImageAdjustment/SCurve.uasset" 3982
"../../../Engine/Content/Functions/Engine_MaterialFunctions03/Blends/Blend_LinearDodge.uasset" 3983
"../../../Engine/Content/Functions/Engine_MaterialFunctions03/Blends/Blend_HardLight.uasset" 3984
"S:/GitHub/massey-unreal-2/Orbital/Content/Neo/NeoMat/matVertexColor.uasset" 3985
"../../../Engine/Content/Functions/Engine_MaterialFunctions01/Texturing/FlattenNormal.uasset" 3986
"../../../Engine/Plugins/Interchange/Assets/Content/gltf/MaterialFunctions/MF_Clearcoat.uasset" 3987
"S:/GitHub/massey-unreal-2/Orbital/Content/_nOrbital/lvl/prototype.umap" 3988
"/Game/Neo/NeoFX/SparxFX" 3989
"../../../Engine/Plugins/Interchange/Assets/Content/gltf/MaterialFunctions/MF_Emissive.uasset" 3990
"../../../Engine/Plugins/Interchange/Assets/Content/gltf/MaterialBodies/MF_ClearCoat_Body.uasset" 3991
"/Game/Neo/NeoBP/BP_HoloBridge" 3992
"../../../Engine/Plugins/Interchange/Assets/Content/gltf/MaterialFunctions/MF_SpecularAnisotropy.uasset" 3993
"../../../Engine/Plugins/Interchange/Assets/Content/gltf/Textures/T_Anisotropy_Direction_Linear.uasset" 3994
"/Game/InteractionSystem/Assets/Meshes/SM_Kiosk" 3995
"/Game/InteractionSystem/Assets/Materials/Glow/MI_Glow_On" 3996
"/Game/InteractionSystem/Assets/Materials/Glow/MI_Glow_Off" 3997
"/Game/InteractionSystem/Assets/Materials/ProcGrid/MI_ProcGrid_OnLines" 3998
"/Game/InteractionSystem/Assets/Meshes/SM_Button_Base" 3999
"/Game/InteractionSystem/Assets/Meshes/SM_Button_Top" 4000
"/Game/InteractionSystem/Blueprints/Input/Master/BP_Button" 4001
"/Engine/EngineMeshes/MaterialSphere" 4002
"/Game/InteractionSystem/Blueprints/Input/BP_Button_Kiosk" 4003
"/Game/_nOrbital/fbx/Prison" 4004
"/Game/Neo/NeoMat/matField" 4005
"/Game/Neo/NeoMat/matWireframe" 4006
"/Game/Neo/NeoMat/matWireframe_Inst" 4007
"/Game/Neo/NeoTex/SBS/BW_Marble_Tile_04-128x128" 4008
"/Game/Neo/NeoTex/SBS/devtex_transparent" 4009
"/Engine/Functions/Engine_MaterialFunctions01/ImageAdjustment/SCurve" 4010
"/Engine/Functions/Engine_MaterialFunctions02/3PointLevels" 4011
"/Engine/Functions/Engine_MaterialFunctions03/Blends/Blend_Darken" 4012
"/Engine/Functions/Engine_MaterialFunctions03/Blends/Blend_HardLight" 4013
"/Engine/Functions/Engine_MaterialFunctions03/Blends/Blend_LinearDodge" 4014
"/Game/Neo/NeoMat/matVertexColor" 4015
"/Game/_nOrbital/lvl/prototype" 4016
"../../../../../GitHub/massey-unreal-2/Orbital/Content/_nOrbital/lvl/prototype.umap" 4017
"/Text3D/Materials/M_Text3DOpaqueUnlit" 4018
"../../Plugins/Experimental/Text3D/Content/Materials/M_Text3DOpaqueUnlit.uasset" 4019
"../../../Engine/Content/Functions/Engine_MaterialFunctions02/Utility/BreakOutFloat4Components.uasset" 4020
"../../../Engine/Content/Functions/Engine_MaterialFunctions02/Utility/MakeFloat4.uasset" 4021
"../../Plugins/VirtualProduction/GeometryMask/Content/GeometryMask/MF_ApplyGeometryMask.uasset" 4022
"../../Plugins/VirtualProduction/GeometryMask/Content/GeometryMask/MF_ApplyMask2D.uasset" 4023
"../../Plugins/VirtualProduction/GeometryMask/Content/GeometryMask/MF_ApplyMask2D_Single.uasset" 4024
"../../Plugins/VirtualProduction/GeometryMask/Content/GeometryMask/MF_ApplyMaskFeather.uasset" 4025
"../../Plugins/Experimental/Text3D/Content/MaterialFunctions/MF_Text3DGradient.uasset" 4026
"../../Plugins/Experimental/Text3D/Content/MaterialFunctions/MF_Text3DLinearGradient.uasset" 4027
"../../Plugins/Experimental/Text3D/Content/MaterialFunctions/MF_Text3DMask.uasset" 4028
"../../Plugins/Experimental/Text3D/Content/MaterialFunctions/MF_Text3DTexture.uasset" 4029
"/Engine/Functions/Engine_MaterialFunctions01/Texturing/FlattenNormal" 4030
"/InterchangeAssets/gltf/MaterialFunctions/MF_Clearcoat" 4031
"../../Plugins/Interchange/Assets/Content/gltf/MaterialFunctions/MF_RotateNormals_TS.uasset" 4032
"../../Plugins/Interchange/Assets/Content/gltf/Textures/T_Generic_N.uasset" 4033
"../../Plugins/Interchange/Assets/Content/gltf/Textures/T_White_Linear.uasset" 4034
"/InterchangeAssets/gltf/MaterialFunctions/MF_Emissive" 4035
"../../Plugins/Interchange/Assets/Content/gltf/Textures/T_White_srgb.uasset" 4036
"../../../Engine/Plugins/Interchange/Assets/Content/Functions/MF_IridescenceNoLUT.uasset" 4037
"../../../Engine/Content/Functions/Engine_MaterialFunctions03/Math/RemapValueRange.uasset" 4038
"../../../Engine/Plugins/Interchange/Assets/Content/Utilities/New_LUT.uasset" 4039
"/InterchangeAssets/gltf/MaterialFunctions/MF_SpecularAnisotropy" 4040
"../../../Engine/Plugins/Interchange/Assets/Content/gltf/MaterialFunctions/MF_Specular.uasset" 4041
"../../../Engine/Plugins/Interchange/Assets/Content/Functions/MF_Iridescence.uasset" 4042
"../../../Engine/Plugins/Interchange/Assets/Content/gltf/MaterialFunctions/MF_Occlusion.uasset" 4043
"../../../Engine/Plugins/Interchange/Assets/Content/gltf/MaterialFunctions/MF_ScaleNormal.uasset" 4044
"../../../Engine/Plugins/Interchange/Assets/Content/gltf/MaterialFunctions/MF_Normals.uasset" 4045
"../../../Engine/Plugins/Interchange/Assets/Content/gltf/MaterialFunctions/MF_MetallicRoughness.uasset" 4046
"../../../Engine/Plugins/Interchange/Assets/Content/gltf/MaterialFunctions/MF_Iridescence.uasset" 4047
"../../../Engine/Plugins/Interchange/Assets/Content/gltf/MaterialFunctions/MF_TransformUVs.uasset" 4048
"../../../Engine/Plugins/Interchange/Assets/Content/gltf/MaterialFunctions/MF_BaseColor.uasset" 4049
"../../../Engine/Plugins/Interchange/Assets/Content/gltf/MaterialFunctions/MF_RotateV2.uasset" 4050
"../../../Engine/Plugins/Interchange/Assets/Content/gltf/MaterialInstances/MI_ClearCoat_Mask.uasset" 4051
"../../../Engine/Plugins/Interchange/Assets/Content/gltf/MaterialInstances/MI_ClearCoat_Opaque.uasset" 4052
"../../../Engine/Plugins/Interchange/Assets/Content/gltf/M_ClearCoat.uasset" 4053
"../../../Engine/Plugins/Interchange/Assets/Content/gltf/MaterialFunctions/MF_IOR.uasset" 4054
"../../../Engine/Plugins/Interchange/Assets/Content/gltf/MaterialInstances/MI_ClearCoat_Blend.uasset" 4055
"../../../Engine/Plugins/Interchange/Assets/Content/gltf/MaterialInstances/MI_ClearCoat_Opaque_DS.uasset" 4056
"../../../Engine/Plugins/Interchange/Assets/Content/gltf/MaterialInstances/MI_ClearCoat_Mask_DS.uasset" 4057
"../../../Engine/Plugins/Interchange/Assets/Content/gltf/MaterialBodies/MF_Default_Body.uasset" 4058
"../../../Engine/Plugins/Interchange/Assets/Content/gltf/M_Default.uasset" 4059
"../../../Engine/Plugins/Interchange/Assets/Content/gltf/MaterialInstances/MI_ClearCoat_Blend_DS.uasset" 4060
"../../../Engine/Plugins/Interchange/Assets/Content/gltf/MaterialInstances/MI_Default_Opaque.uasset" 4061
"../../../Engine/Plugins/Interchange/Assets/Content/gltf/MaterialInstances/MI_Default_Mask.uasset" 4062
"../../../Engine/Plugins/Interchange/Assets/Content/gltf/MaterialInstances/MI_Default_Blend.uasset" 4063
"../../../Engine/Plugins/Interchange/Assets/Content/gltf/MaterialInstances/MI_Default_Opaque_DS.uasset" 4064
"../../../Engine/Plugins/Interchange/Assets/Content/gltf/MaterialInstances/MI_Default_Blend_DS.uasset" 4065
"../../../Engine/Plugins/Interchange/Assets/Content/gltf/MaterialInstances/MI_Default_Mask_DS.uasset" 4066
"../../../Engine/Plugins/Interchange/Assets/Content/gltf/MaterialFunctions/MF_Sheen.uasset" 4067
"../../../Engine/Plugins/Interchange/Assets/Content/gltf/MaterialBodies/MF_Sheen_Body.uasset" 4068
"/InterchangeAssets/gltf/MaterialInstances/MI_Default_Mask" 4069
"/InterchangeAssets/gltf/MaterialInstances/MI_Default_Opaque" 4070
"/InterchangeAssets/gltf/MaterialInstances/MI_ClearCoat_Blend_DS" 4071
"/InterchangeAssets/gltf/MaterialInstances/MI_ClearCoat_Mask_DS" 4072
"/InterchangeAssets/gltf/MaterialInstances/MI_ClearCoat_Opaque_DS" 4073
"/InterchangeAssets/gltf/MaterialInstances/MI_ClearCoat_Blend" 4074
"/InterchangeAssets/gltf/MaterialInstances/MI_ClearCoat_Mask" 4075
"/InterchangeAssets/gltf/MaterialInstances/MI_ClearCoat_Opaque" 4076
"/InterchangeAssets/gltf/MaterialInstances/MI_Default_Blend_DS" 4077
"/InterchangeAssets/gltf/MaterialInstances/MI_Default_Mask_DS" 4078
"/InterchangeAssets/gltf/MaterialInstances/MI_Default_Opaque_DS" 4079
"/InterchangeAssets/gltf/MaterialInstances/MI_Default_Blend" 4080
"/InterchangeAssets/gltf/MaterialFunctions/MF_Sheen" 4081
"../../../Engine/Plugins/Interchange/Assets/Content/gltf/MaterialFunctions/MF_Transmission.uasset" 4082
"../../../Engine/Plugins/Interchange/Assets/Content/gltf/M_Sheen.uasset" 4083
"../../../Engine/Plugins/Interchange/Assets/Content/gltf/MaterialFunctions/MF_Temporal_Blur.uasset" 4084
"../../../Engine/Plugins/Interchange/Assets/Content/gltf/M_Transmission.uasset" 4085
"../../../Engine/Content/Functions/Engine_MaterialFunctions02/Texturing/ScreenAlignedPixelToPixelUVs.uasset" 4086
"../../../Engine/Plugins/Interchange/Assets/Content/gltf/MaterialFunctions/MF_Fresnel_DS.uasset" 4087
"/InterchangeAssets/gltf/MaterialBodies/MF_Sheen_Body" 4088
"../../../Engine/Plugins/Interchange/Assets/Content/gltf/MaterialBodies/MF_Transmission_Body.uasset" 4089
"../../../Engine/Plugins/Interchange/Assets/Content/gltf/MaterialInstances/MI_Sheen_Mask.uasset" 4090
"../../../Engine/Plugins/Interchange/Assets/Content/gltf/MaterialInstances/MI_Sheen_Opaque.uasset" 4091
"../../../Engine/Plugins/Interchange/Assets/Content/gltf/MaterialInstances/MI_Sheen_Opaque_DS.uasset" 4092
"../../../Engine/Plugins/Interchange/Assets/Content/gltf/MaterialInstances/MI_Sheen_Blend.uasset" 4093
"../../../Engine/Plugins/Interchange/Assets/Content/gltf/MaterialInstances/MI_Sheen_Mask_DS.uasset" 4094
"../../../Engine/Plugins/Interchange/Assets/Content/gltf/MaterialFunctions/MF_PerceivedBrightness.uasset" 4095
"../../../Engine/Plugins/Interchange/Assets/Content/gltf/MaterialFunctions/MF_SpecGlossToMetalRoughness.uasset" 4096
"../../../Engine/Plugins/Interchange/Assets/Content/gltf/MaterialInstances/MI_Sheen_Blend_DS.uasset" 4097
"../../../Engine/Plugins/Interchange/Assets/Content/gltf/MaterialBodies/MF_SpecularGlossiness_Body.uasset" 4098
"../../../Engine/Plugins/Interchange/Assets/Content/gltf/MaterialInstances/MI_Transmission.uasset" 4099
"../../../Engine/Plugins/Interchange/Assets/Content/gltf/M_SpecularGlossiness.uasset" 4100
"../../../Engine/Plugins/Interchange/Assets/Content/gltf/MaterialInstances/MI_Transmission_DS.uasset" 4101
"../../../Engine/Content/Functions/Engine_MaterialFunctions02/Math/AddComponents.uasset" 4102
"../../../Engine/Plugins/Interchange/Assets/Content/gltf/MaterialFunctions/MF_DiffuseSpecGloss.uasset" 4103
"../../../Engine/Plugins/Interchange/Assets/Content/gltf/MaterialFunctions/MF_MaxComponentValue.uasset" 4104
"S:/GitHub/massey-unreal-2/Orbital/Content/_nOrbital/lvl/mainmenu_BuiltData.uasset" 4105
"../../../Engine/Plugins/Interchange/Assets/Content/gltf/MaterialInstances/MI_SpecularGlossiness_Blend.uasset" 4106
"../../../Engine/Plugins/Interchange/Assets/Content/gltf/MaterialInstances/MI_SpecularGlossiness_Mask.uasset" 4107
"../../../Engine/Plugins/Interchange/Assets/Content/gltf/MaterialInstances/MI_SpecularGlossiness_Opaque.uasset" 4108
"../../../Engine/Plugins/Interchange/Assets/Content/gltf/MaterialInstances/MI_SpecularGlossiness_Opaque_DS.uasset" 4109
"S:/GitHub/massey-unreal-2/Orbital/Content/_nOrbital/mus/spaceflac.uasset" 4110
"../../../Engine/Plugins/Interchange/Assets/Content/gltf/MaterialInstances/MI_SpecularGlossiness_Blend_DS.uasset" 4111
"S:/GitHub/massey-unreal-2/Orbital/Content/_nOrbital/fbx/station/ship.uasset" 4112
"../../../Engine/Plugins/Interchange/Assets/Content/gltf/MaterialInstances/MI_SpecularGlossiness_Mask_DS.uasset" 4113
"S:/GitHub/massey-unreal-2/Orbital/Content/_nOrbital/fbx/station/solar.uasset" 4114
"/Game/_nOrbital/fbx/station/ship" 4115
"/Game/_nOrbital/mus/spaceflac" 4116
"/Game/_nOrbital/lvl/mainmenu_BuiltData" 4117
"/InterchangeAssets/gltf/MaterialInstances/MI_SpecularGlossiness_Blend_DS" 4118
"../../../Engine/Plugins/Interchange/Assets/Shaders/ThinFilmFunctions.usf" 4119
"/Engine/EditorResources/EmptyActor" 4120
"../../../Engine/Content/EditorResources/EmptyActor.uasset" 4121
"/Engine/EditorResources/LightIcons/S_LightError" 4122
"../../../Engine/Content/EditorResources/LightIcons/S_LightError.uasset" 4123
"/Engine/EditorResources/AudioIcons/S_AudioComponent_AutoActivate" 4124
"../../../Engine/Content/EditorResources/AudioIcons/S_AudioComponent_AutoActivate.uasset" 4125
"/InterchangeAssets/gltf/MaterialInstances/MI_SpecularGlossiness_Mask_DS" 4126
"/InterchangeAssets/gltf/MaterialInstances/MI_SpecularGlossiness_Opaque_DS" 4127
"/InterchangeAssets/gltf/MaterialInstances/MI_SpecularGlossiness_Blend" 4128
"/InterchangeAssets/gltf/MaterialInstances/MI_SpecularGlossiness_Mask" 4129
"/InterchangeAssets/gltf/MaterialInstances/MI_SpecularGlossiness_Opaque" 4130
"/InterchangeAssets/gltf/MaterialInstances/MI_Transmission_DS" 4131
"/InterchangeAssets/gltf/MaterialInstances/MI_Transmission" 4132
"/InterchangeAssets/gltf/MaterialInstances/MI_Sheen_Blend_DS" 4133
"/InterchangeAssets/gltf/MaterialInstances/MI_Sheen_Mask_DS" 4134
"/InterchangeAssets/gltf/MaterialInstances/MI_Sheen_Opaque_DS" 4135
"/InterchangeAssets/gltf/MaterialInstances/MI_Sheen_Blend" 4136
"/InterchangeAssets/gltf/MaterialInstances/MI_Sheen_Mask" 4137
"/InterchangeAssets/gltf/MaterialInstances/MI_Sheen_Opaque" 4138
"../../../Engine/Content/Engine_MI_Shaders/Textures/Bokeh.uasset" 4139
"S:/GitHub/massey-unreal-2/Orbital/Content/_nOrbital/fbx/station/solar_border.uasset" 4140
"S:/GitHub/massey-unreal-2/Orbital/Content/StarterContent/Particles/Materials/M_Heat_Distortion.uasset" 4141
"S:/GitHub/massey-unreal-2/Orbital/Content/StarterContent/Particles/P_Fire.uasset" 4142
"../../../Engine/Content/MapTemplates/Sky/SunsetAmbientCubemap.uasset" 4143
"S:/GitHub/massey-unreal-2/Orbital/Content/StarterContent/Textures/T_Fire_SubUV.uasset" 4144
"S:/GitHub/massey-unreal-2/Orbital/Content/_nOrbital/mat/rt_StationCam_Mat.uasset" 4145
"S:/GitHub/massey-unreal-2/Orbital/Content/_nOrbital/mat/rtCanvas_StationCam2.uasset" 4146
"S:/GitHub/massey-unreal-2/Orbital/Content/_nOrbital/fbx/station/spacestation.uasset" 4147
"S:/GitHub/massey-unreal-2/Orbital/Content/_nOrbital/mat/rt_StationCam.uasset" 4148
"S:/GitHub/massey-unreal-2/Orbital/Content/StarterContent/Particles/Materials/M_Fire_SubUV.uasset" 4149
"S:/GitHub/massey-unreal-2/Orbital/Content/_nOrbital/ui/HUD_mainmenu.uasset" 4150
"S:/GitHub/massey-unreal-2/Orbital/Content/_nOrbital/bp/BP_StationOrbital_Menu.uasset" 4151
"S:/GitHub/massey-unreal-2/Orbital/Content/Movies/fmv.uasset" 4152
"S:/GitHub/massey-unreal-2/Orbital/Content/Movies/fmvcontainer.uasset" 4153
"S:/GitHub/massey-unreal-2/Orbital/Content/StarterContent/Textures/T_Fire_Tiled_D.uasset" 4154
"../../../Engine/Plugins/Media/MediaPlate/Content/T_MediaPlate.uasset" 4155
"../../../Engine/Plugins/Media/MediaPlate/Content/M_MediaPlate_Opaque.uasset" 4156
"S:/GitHub/massey-unreal-2/Orbital/Content/StarterContent/Textures/T_Water_N.uasset" 4157
"../../../Engine/Content/Functions/Substrate/MF_SchlickInternal.uasset" 4158
"../../../Engine/Content/Functions/Engine_MaterialFunctions01/Volumetrics/BeersLaw.uasset" 4159
"../../../Engine/Plugins/Interchange/Assets/Content/Functions/MX_Transmission.uasset" 4160
"../../../Engine/Plugins/Interchange/Assets/Content/gltf/MaterialBodies/MF_Unlit_Body.uasset" 4161
"../../../Engine/Plugins/Interchange/Assets/Content/Functions/MF_OrenNayerView.uasset" 4162
"../../../Engine/Plugins/Interchange/Assets/Content/gltf/MaterialInstances/MI_Unlit_Opaque.uasset" 4163
"../../../Engine/Plugins/Interchange/Assets/Content/Functions/MX_OpenPBR_Translucent.uasset" 4164
"../../../Engine/Plugins/Interchange/Assets/Content/Functions/MX_TransmissionSurface.uasset" 4165
"../../../Engine/Plugins/Interchange/Assets/Content/gltf/M_Unlit.uasset" 4166
"../../../Engine/Plugins/Interchange/Assets/Content/Functions/MX_StandardSurface.uasset" 4167
"S:/GitHub/massey-unreal-2/Orbital/Content/Movies/playlist.uasset" 4168
"/Game/_nOrbital/fbx/station/solar" 4169
"../../../Engine/Plugins/Interchange/Assets/Content/gltf/MaterialInstances/MI_Unlit_Mask.uasset" 4170
"/InterchangeAssets/gltf/MaterialInstances/MI_Unlit_Opaque" 4171
"/InterchangeAssets/Functions/MX_OpenPBR_Translucent" 4172
"/Game/_nOrbital/lvl/mainmenu" 4173
"../../../../../GitHub/massey-unreal-2/Orbital/Content/_nOrbital/lvl/mainmenu.umap" 4174
"../../../Engine/Plugins/Animation/ControlRig/Content/Controls/ControlRig_Sphere_solid.uasset" 4175
"S:/GitHub/massey-unreal-2/Orbital/Content/_nOrbital/lvl/loader.umap" 4176
"../../../Engine/Plugins/Interchange/Assets/Content/Functions/MX_OpenPBR_Opaque.uasset" 4177
"../../../Engine/Plugins/Animation/ControlRig/Content/Controls/ControlRig_Arrow2_1mm.uasset" 4178
"../../../Engine/Plugins/Interchange/Assets/Content/gltf/MaterialInstances/MI_Unlit_Blend.uasset" 4179
"../../../Engine/Plugins/Interchange/Assets/Content/gltf/MaterialInstances/MI_Unlit_Opaque_DS.uasset" 4180
"../../../Engine/Plugins/Interchange/Assets/Content/gltf/MaterialInstances/MI_Unlit_Blend_DS.uasset" 4181
"../../../Engine/Plugins/Interchange/Assets/Content/gltf/MaterialInstances/MI_Unlit_Mask_DS.uasset" 4182
"/InterchangeAssets/gltf/MaterialInstances/MI_Unlit_Mask" 4183
"/ControlRig/Controls/ControlRig_Arrow2_1mm" 4184
"../../../Engine/Plugins/Animation/ControlRig/Content/Controls/ControlRig_Arrow2_3mm.uasset" 4185
"../../../Engine/Plugins/Animation/ControlRig/Content/Controls/ControlRig_Arrow2_solid.uasset" 4186
"../../../Engine/Plugins/Animation/ControlRig/Content/Controls/ControlRig_Arrow4_1mm.uasset" 4187
"../../../Engine/Plugins/Animation/ControlRig/Content/Controls/ControlRig_Arrow4_3mm.uasset" 4188
"../../../Engine/Plugins/Animation/ControlRig/Content/Controls/ControlRig_Arrow4_solid.uasset" 4189
"../../../Engine/Plugins/Animation/ControlRig/Content/Controls/ControlRig_Arrow_solid.uasset" 4190
"../../../Engine/Plugins/Animation/ControlRig/Content/Controls/ControlRig_Circle_1mm.uasset" 4191
"../../../Engine/Plugins/Animation/ControlRig/Content/Controls/ControlRig_Arrow_3mm.uasset" 4192
"../../../Engine/Plugins/Animation/ControlRig/Content/Controls/ControlRig_Box_solid.uasset" 4193
"../../../Engine/Plugins/Animation/ControlRig/Content/Controls/ControlRig_Box_1mm.uasset" 4194
"../../../Engine/Plugins/Animation/ControlRig/Content/Controls/ControlRig_Circle_3mm.uasset" 4195
"../../../Engine/Plugins/Animation/ControlRig/Content/Controls/ControlRig_Box_3mm.uasset" 4196
"../../../Engine/Plugins/Animation/ControlRig/Content/Controls/ControlRig_Arrow_1mm.uasset" 4197
"../../../Engine/Plugins/Animation/ControlRig/Content/Controls/ControlRig_Circle_solid.uasset" 4198
"../../../Engine/Plugins/Animation/ControlRig/Content/Controls/ControlRig_Diamond_1mm.uasset" 4199
"../../../Engine/Plugins/Animation/ControlRig/Content/Controls/ControlRig_Diamond_solid.uasset" 4200
"../../../Engine/Plugins/Animation/ControlRig/Content/Controls/ControlRig_Diamond_3mm.uasset" 4201
"../../../Engine/Plugins/Animation/ControlRig/Content/Controls/ControlRig_HalfCircle_3mm.uasset" 4202
"../../../Engine/Plugins/Animation/ControlRig/Content/Controls/ControlRig_HalfCircle_1mm.uasset" 4203
"../../../Engine/Plugins/Animation/ControlRig/Content/Controls/ControlRig_HalfCircle_solid.uasset" 4204
"../../../Engine/Plugins/Animation/ControlRig/Content/Controls/ControlRig_Hexagon_3mm.uasset" 4205
"../../../Engine/Plugins/Animation/ControlRig/Content/Controls/ControlRig_Hexagon_solid.uasset" 4206
"../../../Engine/Plugins/Animation/ControlRig/Content/Controls/ControlRig_Hexagon_1mm.uasset" 4207
"../../../Engine/Plugins/Animation/ControlRig/Content/Controls/ControlRig_Octagon_1mm.uasset" 4208
"/ControlRig/Controls/ControlRig_Sphere_solid" 4209
"/Game/_nOrbital/lvl/loader" 4210
"../../../../../GitHub/massey-unreal-2/Orbital/Content/_nOrbital/lvl/loader.umap" 4211
"/InterchangeAssets/Functions/MX_OpenPBR_Opaque" 4212
"/InterchangeAssets/gltf/MaterialInstances/MI_Unlit_Blend_DS" 4213
"/InterchangeAssets/gltf/MaterialInstances/MI_Unlit_Mask_DS" 4214
"/InterchangeAssets/gltf/MaterialInstances/MI_Unlit_Opaque_DS" 4215
"/InterchangeAssets/gltf/MaterialInstances/MI_Unlit_Blend" 4216
"/ControlRig/Controls/ControlRig_Octagon_1mm" 4217
"../../../Engine/Plugins/Animation/ControlRig/Content/Controls/ControlRig_Pyramid_1mm.uasset" 4218
"../../../Engine/Plugins/Animation/ControlRig/Content/Controls/ControlRig_Octagon_3mm.uasset" 4219
"../../../Engine/Plugins/Animation/ControlRig/Content/Controls/ControlRig_Octagon_solid.uasset" 4220
"../../../Engine/Plugins/Animation/ControlRig/Content/Controls/ControlRig_QuarterCircle_1mm.uasset" 4221
"../../../Engine/Plugins/Animation/ControlRig/Content/Controls/ControlRig_QuarterCircle_solid.uasset" 4222
"../../../Engine/Plugins/Animation/ControlRig/Content/Controls/ControlRig_Pyramid_solid.uasset" 4223
"../../../Engine/Plugins/Animation/ControlRig/Content/Controls/ControlRig_Pyramid_3mm.uasset" 4224
"../../../Engine/Plugins/Animation/ControlRig/Content/Controls/ControlRig_QuarterCircle_3mm.uasset" 4225
"/ControlRig/Controls/ControlRig_Hexagon_solid" 4226
"/ControlRig/Controls/ControlRig_Hexagon_3mm" 4227
"/ControlRig/Controls/ControlRig_Hexagon_1mm" 4228
"/ControlRig/Controls/ControlRig_HalfCircle_solid" 4229
"/ControlRig/Controls/ControlRig_HalfCircle_3mm" 4230
"/ControlRig/Controls/ControlRig_HalfCircle_1mm" 4231
"/ControlRig/Controls/ControlRig_Diamond_solid" 4232
"/ControlRig/Controls/ControlRig_Diamond_3mm" 4233
"/ControlRig/Controls/ControlRig_Diamond_1mm" 4234
"/ControlRig/Controls/ControlRig_Circle_solid" 4235
"/ControlRig/Controls/ControlRig_Circle_3mm" 4236
"/ControlRig/Controls/ControlRig_Circle_1mm" 4237
"/ControlRig/Controls/ControlRig_Box_solid" 4238
"/ControlRig/Controls/ControlRig_Box_3mm" 4239
"/ControlRig/Controls/ControlRig_Box_1mm" 4240
"/ControlRig/Controls/ControlRig_Arrow_solid" 4241
"/ControlRig/Controls/ControlRig_Arrow_3mm" 4242
"/ControlRig/Controls/ControlRig_Arrow_1mm" 4243
"/ControlRig/Controls/ControlRig_Arrow4_solid" 4244
"/ControlRig/Controls/ControlRig_Arrow4_3mm" 4245
"/ControlRig/Controls/ControlRig_Arrow4_1mm" 4246
"/ControlRig/Controls/ControlRig_Arrow2_solid" 4247
"/ControlRig/Controls/ControlRig_Arrow2_3mm" 4248
"../../../Engine/Plugins/Animation/ControlRig/Content/Controls/ControlRig_RoundedSquare_1mm.uasset" 4249
"/ControlRig/Controls/ControlRig_QuarterCircle_solid" 4250
"../../../Engine/Plugins/Animation/ControlRig/Content/Controls/ControlRig_RoundedSquare_3mm.uasset" 4251
"../../../Engine/Plugins/Animation/ControlRig/Content/Controls/ControlRig_RoundedTriangle_3mm.uasset" 4252
"../../../Engine/Plugins/Animation/ControlRig/Content/Controls/ControlRig_RoundedTriangle_1mm.uasset" 4253
"../../../Engine/Plugins/Animation/ControlRig/Content/Controls/ControlRig_RoundedSquare_solid.uasset" 4254
"../../../Engine/Plugins/Animation/ControlRig/Content/Controls/ControlRig_RoundedTriangle_solid.uasset" 4255
"../../../Engine/Plugins/Animation/ControlRig/Content/Controls/ControlRig_Square_3mm.uasset" 4256
"../../../Engine/Plugins/Animation/ControlRig/Content/Controls/ControlRig_Square_solid.uasset" 4257
"../../../Engine/Plugins/Animation/ControlRig/Content/Controls/ControlRig_Sphere_1mm.uasset" 4258
"../../../Engine/Plugins/Animation/ControlRig/Content/Controls/ControlRig_Star4_solid.uasset" 4259
"../../../Engine/Plugins/Animation/ControlRig/Content/Controls/ControlRig_Square_1mm.uasset" 4260
"../../../Engine/Plugins/Animation/ControlRig/Content/Controls/ControlRig_Triangle_3mm.uasset" 4261
"../../../Engine/Content/Maps/Entry_BuiltData.uasset" 4262
"../../../Engine/Content/Maps/Entry.umap" 4263
"../../../Engine/Plugins/Animation/ControlRig/Content/Controls/ControlRig_Wedge_3mm.uasset" 4264
"../../../Engine/Plugins/Animation/ControlRig/Content/Controls/ControlRig_Triangle_solid.uasset" 4265
"../../../Engine/Plugins/Animation/ControlRig/Content/Controls/ControlRig_Sphere_3mm.uasset" 4266
"../../../Engine/Plugins/Animation/ControlRig/Content/Controls/ControlRig_Star4_1mm.uasset" 4267
"../../../Engine/Plugins/Animation/ControlRig/Content/Controls/ControlRig_Wedge_solid.uasset" 4268
"../../../Engine/Plugins/Animation/ControlRig/Content/Controls/ControlRig_Wedge_1mm.uasset" 4269
"../../../Engine/Plugins/Animation/ControlRig/Content/Controls/ControlRig_Triangle_1mm.uasset" 4270
"../../../Engine/Plugins/Animation/ControlRig/Content/Controls/ControlRig_Star4_3mm.uasset" 4271
"/ControlRig/Controls/ControlRig_QuarterCircle_3mm" 4272
"/ControlRig/Controls/ControlRig_QuarterCircle_1mm" 4273
"/ControlRig/Controls/ControlRig_Pyramid_solid" 4274
"/ControlRig/Controls/ControlRig_Pyramid_3mm" 4275
"/ControlRig/Controls/ControlRig_Pyramid_1mm" 4276
"/ControlRig/Controls/ControlRig_Octagon_solid" 4277
"/ControlRig/Controls/ControlRig_Octagon_3mm" 4278
"/Engine/Maps/Entry" 4279
"/ControlRig/Controls/ControlRig_Wedge_solid" 4280
"/ControlRig/Controls/ControlRig_Wedge_3mm" 4281
"/ControlRig/Controls/ControlRig_Wedge_1mm" 4282
"/ControlRig/Controls/ControlRig_Triangle_solid" 4283
"/ControlRig/Controls/ControlRig_Triangle_3mm" 4284
"/ControlRig/Controls/ControlRig_Triangle_1mm" 4285
"/ControlRig/Controls/ControlRig_Star4_solid" 4286
"/ControlRig/Controls/ControlRig_Star4_3mm" 4287
"/ControlRig/Controls/ControlRig_Star4_1mm" 4288
"/ControlRig/Controls/ControlRig_Square_solid" 4289
"/ControlRig/Controls/ControlRig_Square_3mm" 4290
"/ControlRig/Controls/ControlRig_Square_1mm" 4291
"/ControlRig/Controls/ControlRig_Sphere_3mm" 4292
"/ControlRig/Controls/ControlRig_Sphere_1mm" 4293
"/ControlRig/Controls/ControlRig_RoundedTriangle_solid" 4294
"/ControlRig/Controls/ControlRig_RoundedTriangle_3mm" 4295
"/ControlRig/Controls/ControlRig_RoundedTriangle_1mm" 4296
"/ControlRig/Controls/ControlRig_RoundedSquare_solid" 4297
"/ControlRig/Controls/ControlRig_RoundedSquare_3mm" 4298
"/ControlRig/Controls/ControlRig_RoundedSquare_1mm" 4299
"../../../Engine/Content/EditorMaterials/PreviewShadowIndicator.uasset" 4300
"../../../Engine/Content/EditorMaterials/PreviewShadowIndicatorMaterial.uasset" 4301
"../../../Engine/Content/EngineMaterials/Substrate/GLints/dict_16_192_64_0p5_0p02_0000_0001.uasset" 4302
"../../../Engine/Content/EngineMaterials/Substrate/GLints/dict_16_192_64_0p5_0p02_0000_0000.uasset" 4303
"../../../Engine/Content/EngineMaterials/Substrate/GLints/dict_16_192_64_0p5_0p02_0000_0002.uasset" 4304
"../../../Engine/Content/EngineMaterials/Substrate/GLints/dict_16_192_64_0p5_0p02_0000_0004.uasset" 4305
"../../../Engine/Content/EngineMaterials/Substrate/GLints/dict_16_192_64_0p5_0p02_0000_0003.uasset" 4306
"../../../Engine/Content/EngineMaterials/Substrate/GLints/dict_16_192_64_0p5_0p02_0000_0007.uasset" 4307
"../../../Engine/Content/EngineMaterials/Substrate/GLints/dict_16_192_64_0p5_0p02_0000_0008.uasset" 4308
"../../../Engine/Content/EngineMaterials/Substrate/GLints/dict_16_192_64_0p5_0p02_0000_0011.uasset" 4309
"../../../Engine/Content/EngineMaterials/Substrate/GLints/dict_16_192_64_0p5_0p02_0000_0009.uasset" 4310
"../../../Engine/Content/EngineMaterials/Substrate/GLints/dict_16_192_64_0p5_0p02_0000_0006.uasset" 4311
"../../../Engine/Content/EngineMaterials/Substrate/GLints/dict_16_192_64_0p5_0p02_0000_0013.uasset" 4312
"../../../Engine/Content/EngineMaterials/Substrate/GLints/dict_16_192_64_0p5_0p02_0000_0010.uasset" 4313
"../../../Engine/Content/EngineMaterials/Substrate/GLints/dict_16_192_64_0p5_0p02_0000_0012.uasset" 4314
"../../../Engine/Content/EngineMaterials/Substrate/GLints/dict_16_192_64_0p5_0p02_0000_0014.uasset" 4315
"../../../Engine/Content/EngineMaterials/Substrate/GLints/dict_16_192_64_0p5_0p02_0000_0005.uasset" 4316
"../../../Engine/Content/EngineMaterials/Substrate/GLints/dict_16_192_64_0p5_0p02_0000_0015.uasset" 4317
"../../../Engine/Content/EngineMaterials/Substrate/GLints/dict_16_192_64_0p5_0p02_0001_0003.uasset" 4318
"../../../Engine/Content/EngineMaterials/Substrate/GLints/dict_16_192_64_0p5_0p02_0001_0000.uasset" 4319
"../../../Engine/Content/EngineMaterials/Substrate/GLints/dict_16_192_64_0p5_0p02_0001_0002.uasset" 4320
"../../../Engine/Content/EngineMaterials/Substrate/GLints/dict_16_192_64_0p5_0p02_0001_0001.uasset" 4321
"../../../Engine/Content/EngineMaterials/Substrate/GLints/dict_16_192_64_0p5_0p02_0001_0007.uasset" 4322
"../../../Engine/Content/EngineMaterials/Substrate/GLints/dict_16_192_64_0p5_0p02_0001_0008.uasset" 4323
"../../../Engine/Content/EngineMaterials/Substrate/GLints/dict_16_192_64_0p5_0p02_0001_0005.uasset" 4324
"../../../Engine/Content/EngineMaterials/Substrate/GLints/dict_16_192_64_0p5_0p02_0001_0010.uasset" 4325
"../../../Engine/Content/EngineMaterials/Substrate/GLints/dict_16_192_64_0p5_0p02_0001_0004.uasset" 4326
"../../../Engine/Content/EngineMaterials/Substrate/GLints/dict_16_192_64_0p5_0p02_0001_0012.uasset" 4327
"../../../Engine/Content/EngineMaterials/Substrate/GLints/dict_16_192_64_0p5_0p02_0001_0011.uasset" 4328
"../../../Engine/Content/EngineMaterials/Substrate/GLints/dict_16_192_64_0p5_0p02_0001_0013.uasset" 4329
"../../../Engine/Content/EngineMaterials/Substrate/GLints/dict_16_192_64_0p5_0p02_0001_0006.uasset" 4330
"../../../Engine/Content/EngineMaterials/Substrate/GLints/dict_16_192_64_0p5_0p02_0001_0009.uasset" 4331
"/Engine/EngineMaterials/Substrate/GLints/dict_16_192_64_0p5_0p02_0001_0013" 4332
"/Engine/EngineMaterials/Substrate/GLints/dict_16_192_64_0p5_0p02_0001_0012" 4333
"/Engine/EngineMaterials/Substrate/GLints/dict_16_192_64_0p5_0p02_0001_0003" 4334
"/Engine/EngineMaterials/Substrate/GLints/dict_16_192_64_0p5_0p02_0001_0002" 4335
"/Engine/EngineMaterials/Substrate/GLints/dict_16_192_64_0p5_0p02_0001_0001" 4336
"/Engine/EngineMaterials/Substrate/GLints/dict_16_192_64_0p5_0p02_0001_0000" 4337
"/Engine/EngineMaterials/Substrate/GLints/dict_16_192_64_0p5_0p02_0000_0015" 4338
"/Engine/EngineMaterials/Substrate/GLints/dict_16_192_64_0p5_0p02_0000_0014" 4339
"/Engine/EngineMaterials/Substrate/GLints/dict_16_192_64_0p5_0p02_0000_0013" 4340
"/Engine/EngineMaterials/Substrate/GLints/dict_16_192_64_0p5_0p02_0000_0012" 4341
"/Engine/EngineMaterials/Substrate/GLints/dict_16_192_64_0p5_0p02_0000_0011" 4342
"/Engine/EngineMaterials/Substrate/GLints/dict_16_192_64_0p5_0p02_0000_0010" 4343
"/Engine/EngineMaterials/Substrate/GLints/dict_16_192_64_0p5_0p02_0000_0009" 4344
"/Engine/EngineMaterials/Substrate/GLints/dict_16_192_64_0p5_0p02_0000_0008" 4345
"/Engine/EngineMaterials/Substrate/GLints/dict_16_192_64_0p5_0p02_0000_0007" 4346
"/Engine/EngineMaterials/Substrate/GLints/dict_16_192_64_0p5_0p02_0000_0006" 4347
"/Engine/EngineMaterials/Substrate/GLints/dict_16_192_64_0p5_0p02_0000_0005" 4348
"/Engine/EngineMaterials/Substrate/GLints/dict_16_192_64_0p5_0p02_0000_0004" 4349
"/Engine/EngineMaterials/Substrate/GLints/dict_16_192_64_0p5_0p02_0000_0003" 4350
"/Engine/EngineMaterials/Substrate/GLints/dict_16_192_64_0p5_0p02_0000_0002" 4351
"/Engine/EngineMaterials/Substrate/GLints/dict_16_192_64_0p5_0p02_0000_0001" 4352
"/Engine/EngineMaterials/Substrate/GLints/dict_16_192_64_0p5_0p02_0000_0000" 4353
"/Engine/EditorMaterials/PreviewShadowIndicatorMaterial" 4354
"/Engine/EngineMaterials/Substrate/GLints/dict_16_192_64_0p5_0p02_0001_0011" 4355
"/Engine/EngineMaterials/Substrate/GLints/dict_16_192_64_0p5_0p02_0001_0010" 4356
"/Engine/EngineMaterials/Substrate/GLints/dict_16_192_64_0p5_0p02_0001_0009" 4357
"/Engine/EngineMaterials/Substrate/GLints/dict_16_192_64_0p5_0p02_0001_0008" 4358
"/Engine/EngineMaterials/Substrate/GLints/dict_16_192_64_0p5_0p02_0001_0007" 4359
"/Engine/EngineMaterials/Substrate/GLints/dict_16_192_64_0p5_0p02_0001_0006" 4360
"/Engine/EngineMaterials/Substrate/GLints/dict_16_192_64_0p5_0p02_0001_0005" 4361
"/Engine/EngineMaterials/Substrate/GLints/dict_16_192_64_0p5_0p02_0001_0004" 4362
"../../../Engine/Content/EngineMaterials/Substrate/GLints/dict_16_192_64_0p5_0p02_0001_0015.uasset" 4363
"../../../Engine/Content/EngineMaterials/Substrate/GLints/dict_16_192_64_0p5_0p02_0001_0014.uasset" 4364
"../../../Engine/Content/EngineMaterials/Substrate/GLints/dict_16_192_64_0p5_0p02_0002_0001.uasset" 4365
"../../../Engine/Content/EngineMaterials/Substrate/GLints/dict_16_192_64_0p5_0p02_0002_0002.uasset" 4366
"../../../Engine/Content/EngineMaterials/Substrate/GLints/dict_16_192_64_0p5_0p02_0002_0005.uasset" 4367
"../../../Engine/Content/EngineMaterials/Substrate/GLints/dict_16_192_64_0p5_0p02_0002_0004.uasset" 4368
"../../../Engine/Content/EngineMaterials/Substrate/GLints/dict_16_192_64_0p5_0p02_0002_0007.uasset" 4369
"../../../Engine/Content/EngineMaterials/Substrate/GLints/dict_16_192_64_0p5_0p02_0002_0006.uasset" 4370
"../../../Engine/Content/EngineMaterials/Substrate/GLints/dict_16_192_64_0p5_0p02_0002_0011.uasset" 4371
"../../../Engine/Content/EngineMaterials/Substrate/GLints/dict_16_192_64_0p5_0p02_0002_0009.uasset" 4372
"../../../Engine/Content/EngineMaterials/Substrate/GLints/dict_16_192_64_0p5_0p02_0002_0010.uasset" 4373
"../../../Engine/Content/EngineMaterials/Substrate/GLints/dict_16_192_64_0p5_0p02_0002_0000.uasset" 4374
"../../../Engine/Content/EngineMaterials/Substrate/GLints/dict_16_192_64_0p5_0p02_0002_0003.uasset" 4375
"../../../Engine/Content/EngineMaterials/Substrate/GLints/dict_16_192_64_0p5_0p02_0002_0012.uasset" 4376
"../../../Engine/Content/EngineMaterials/Substrate/GLints/dict_16_192_64_0p5_0p02_0002_0008.uasset" 4377
"../../../Engine/Content/EngineMaterials/Substrate/GLints/dict_16_192_64_0p5_0p02_0002_0013.uasset" 4378
"../../../Engine/Content/EngineMaterials/Substrate/GLints/dict_16_192_64_0p5_0p02_0002_0014.uasset" 4379
"../../../Engine/Content/EngineMaterials/Substrate/GLints/dict_16_192_64_0p5_0p02_0002_0015.uasset" 4380
"../../../Engine/Content/EngineMaterials/Substrate/GLints/dict_16_192_64_0p5_0p02_0003_0001.uasset" 4381
"../../../Engine/Content/EngineMaterials/Substrate/GLints/dict_16_192_64_0p5_0p02_0003_0000.uasset" 4382
"../../../Engine/Content/EngineMaterials/Substrate/GLints/dict_16_192_64_0p5_0p02_0003_0002.uasset" 4383
"../../../Engine/Content/EngineMaterials/Substrate/GLints/dict_16_192_64_0p5_0p02_0003_0004.uasset" 4384
"../../../Engine/Content/EngineMaterials/Substrate/GLints/dict_16_192_64_0p5_0p02_0003_0005.uasset" 4385
"../../../Engine/Content/EngineMaterials/Substrate/GLints/dict_16_192_64_0p5_0p02_0003_0003.uasset" 4386
"../../../Engine/Content/EngineMaterials/Substrate/GLints/dict_16_192_64_0p5_0p02_0003_0006.uasset" 4387
"../../../Engine/Content/EngineMaterials/Substrate/GLints/dict_16_192_64_0p5_0p02_0003_0007.uasset" 4388
"../../../Engine/Content/EngineMaterials/Substrate/GLints/dict_16_192_64_0p5_0p02_0003_0010.uasset" 4389
"../../../Engine/Content/EngineMaterials/Substrate/GLints/dict_16_192_64_0p5_0p02_0003_0011.uasset" 4390
"../../../Engine/Content/EngineMaterials/Substrate/GLints/dict_16_192_64_0p5_0p02_0003_0009.uasset" 4391
"../../../Engine/Content/EngineMaterials/Substrate/GLints/dict_16_192_64_0p5_0p02_0003_0008.uasset" 4392
"../../../Engine/Content/EngineMaterials/Substrate/GLints/dict_16_192_64_0p5_0p02_0003_0012.uasset" 4393
"../../../Engine/Content/EngineMaterials/Substrate/GLints/dict_16_192_64_0p5_0p02_0003_0013.uasset" 4394
"/Engine/EngineMaterials/Substrate/GLints/dict_16_192_64_0p5_0p02_0003_0013" 4395
"/Engine/EngineMaterials/Substrate/GLints/dict_16_192_64_0p5_0p02_0003_0012" 4396
"/Engine/EngineMaterials/Substrate/GLints/dict_16_192_64_0p5_0p02_0003_0011" 4397
"/Engine/EngineMaterials/Substrate/GLints/dict_16_192_64_0p5_0p02_0003_0010" 4398
"/Engine/EngineMaterials/Substrate/GLints/dict_16_192_64_0p5_0p02_0003_0009" 4399
"/Engine/EngineMaterials/Substrate/GLints/dict_16_192_64_0p5_0p02_0003_0008" 4400
"/Engine/EngineMaterials/Substrate/GLints/dict_16_192_64_0p5_0p02_0003_0007" 4401
"/Engine/EngineMaterials/Substrate/GLints/dict_16_192_64_0p5_0p02_0003_0006" 4402
"/Engine/EngineMaterials/Substrate/GLints/dict_16_192_64_0p5_0p02_0003_0005" 4403
"/Engine/EngineMaterials/Substrate/GLints/dict_16_192_64_0p5_0p02_0003_0004" 4404
"/Engine/EngineMaterials/Substrate/GLints/dict_16_192_64_0p5_0p02_0003_0003" 4405
"/Engine/EngineMaterials/Substrate/GLints/dict_16_192_64_0p5_0p02_0003_0002" 4406
"/Engine/EngineMaterials/Substrate/GLints/dict_16_192_64_0p5_0p02_0003_0001" 4407
"/Engine/EngineMaterials/Substrate/GLints/dict_16_192_64_0p5_0p02_0003_0000" 4408
"/Engine/EngineMaterials/Substrate/GLints/dict_16_192_64_0p5_0p02_0002_0015" 4409
"/Engine/EngineMaterials/Substrate/GLints/dict_16_192_64_0p5_0p02_0002_0014" 4410
"/Engine/EngineMaterials/Substrate/GLints/dict_16_192_64_0p5_0p02_0002_0013" 4411
"/Engine/EngineMaterials/Substrate/GLints/dict_16_192_64_0p5_0p02_0002_0012" 4412
"/Engine/EngineMaterials/Substrate/GLints/dict_16_192_64_0p5_0p02_0002_0011" 4413
"/Engine/EngineMaterials/Substrate/GLints/dict_16_192_64_0p5_0p02_0002_0010" 4414
"/Engine/EngineMaterials/Substrate/GLints/dict_16_192_64_0p5_0p02_0002_0009" 4415
"/Engine/EngineMaterials/Substrate/GLints/dict_16_192_64_0p5_0p02_0002_0008" 4416
"/Engine/EngineMaterials/Substrate/GLints/dict_16_192_64_0p5_0p02_0002_0007" 4417
"/Engine/EngineMaterials/Substrate/GLints/dict_16_192_64_0p5_0p02_0002_0006" 4418
"/Engine/EngineMaterials/Substrate/GLints/dict_16_192_64_0p5_0p02_0002_0005" 4419
"/Engine/EngineMaterials/Substrate/GLints/dict_16_192_64_0p5_0p02_0002_0004" 4420
"/Engine/EngineMaterials/Substrate/GLints/dict_16_192_64_0p5_0p02_0002_0003" 4421
"/Engine/EngineMaterials/Substrate/GLints/dict_16_192_64_0p5_0p02_0002_0002" 4422
"/Engine/EngineMaterials/Substrate/GLints/dict_16_192_64_0p5_0p02_0002_0001" 4423
"/Engine/EngineMaterials/Substrate/GLints/dict_16_192_64_0p5_0p02_0002_0000" 4424
"/Engine/EngineMaterials/Substrate/GLints/dict_16_192_64_0p5_0p02_0001_0015" 4425
"/Engine/EngineMaterials/Substrate/GLints/dict_16_192_64_0p5_0p02_0001_0014" 4426
"../../../Engine/Content/EngineMaterials/Substrate/GLints/dict_16_192_64_0p5_0p02_0003_0015.uasset" 4427
"../../../Engine/Content/EngineMaterials/Substrate/GLints/dict_16_192_64_0p5_0p02_0003_0014.uasset" 4428
"../../../Engine/Content/EngineMaterials/Substrate/GLints/dict_16_192_64_0p5_0p02_0004_0001.uasset" 4429
"../../../Engine/Content/EngineMaterials/Substrate/GLints/dict_16_192_64_0p5_0p02_0004_0000.uasset" 4430
"../../../Engine/Content/EngineMaterials/Substrate/GLints/dict_16_192_64_0p5_0p02_0004_0002.uasset" 4431
"../../../Engine/Content/EngineMaterials/Substrate/GLints/dict_16_192_64_0p5_0p02_0004_0003.uasset" 4432
"../../../Engine/Content/EngineMaterials/Substrate/GLints/dict_16_192_64_0p5_0p02_0004_0004.uasset" 4433
"../../../Engine/Content/EngineMaterials/Substrate/GLints/dict_16_192_64_0p5_0p02_0004_0005.uasset" 4434
"../../../Engine/Content/EngineMaterials/Substrate/GLints/dict_16_192_64_0p5_0p02_0004_0009.uasset" 4435
"../../../Engine/Content/EngineMaterials/Substrate/GLints/dict_16_192_64_0p5_0p02_0004_0008.uasset" 4436
"../../../Engine/Content/EngineMaterials/Substrate/GLints/dict_16_192_64_0p5_0p02_0004_0007.uasset" 4437
"../../../Engine/Content/EngineMaterials/Substrate/GLints/dict_16_192_64_0p5_0p02_0004_0010.uasset" 4438
"../../../Engine/Content/EngineMaterials/Substrate/GLints/dict_16_192_64_0p5_0p02_0004_0006.uasset" 4439
"../../../Engine/Content/EngineMaterials/Substrate/GLints/dict_16_192_64_0p5_0p02_0004_0011.uasset" 4440
"../../../Engine/Content/EngineMaterials/Substrate/GLints/dict_16_192_64_0p5_0p02_0004_0013.uasset" 4441
"../../../Engine/Content/EngineMaterials/Substrate/GLints/dict_16_192_64_0p5_0p02_0005_0000.uasset" 4442
"../../../Engine/Content/EngineMaterials/Substrate/GLints/dict_16_192_64_0p5_0p02_0004_0014.uasset" 4443
"../../../Engine/Content/EngineMaterials/Substrate/GLints/dict_16_192_64_0p5_0p02_0004_0015.uasset" 4444
"../../../Engine/Content/EngineMaterials/Substrate/GLints/dict_16_192_64_0p5_0p02_0004_0012.uasset" 4445
"../../../Engine/Content/EngineMaterials/Substrate/GLints/dict_16_192_64_0p5_0p02_0005_0001.uasset" 4446
"../../../Engine/Content/EngineMaterials/Substrate/GLints/dict_16_192_64_0p5_0p02_0005_0003.uasset" 4447
"../../../Engine/Content/EngineMaterials/Substrate/GLints/dict_16_192_64_0p5_0p02_0005_0002.uasset" 4448
"../../../Engine/Content/EngineMaterials/Substrate/GLints/dict_16_192_64_0p5_0p02_0005_0005.uasset" 4449
"../../../Engine/Content/EngineMaterials/Substrate/GLints/dict_16_192_64_0p5_0p02_0005_0004.uasset" 4450
"../../../Engine/Content/EngineMaterials/Substrate/GLints/dict_16_192_64_0p5_0p02_0005_0007.uasset" 4451
"../../../Engine/Content/EngineMaterials/Substrate/GLints/dict_16_192_64_0p5_0p02_0005_0006.uasset" 4452
"../../../Engine/Content/EngineMaterials/Substrate/GLints/dict_16_192_64_0p5_0p02_0005_0008.uasset" 4453
"../../../Engine/Content/EngineMaterials/Substrate/GLints/dict_16_192_64_0p5_0p02_0005_0009.uasset" 4454
"../../../Engine/Content/EngineMaterials/Substrate/GLints/dict_16_192_64_0p5_0p02_0005_0010.uasset" 4455
"../../../Engine/Content/EngineMaterials/Substrate/GLints/dict_16_192_64_0p5_0p02_0005_0011.uasset" 4456
"../../../Engine/Content/EngineMaterials/Substrate/GLints/dict_16_192_64_0p5_0p02_0005_0013.uasset" 4457
"../../../Engine/Content/EngineMaterials/Substrate/GLints/dict_16_192_64_0p5_0p02_0005_0012.uasset" 4458
"/Engine/EngineMaterials/Substrate/GLints/dict_16_192_64_0p5_0p02_0005_0013" 4459
"/Engine/EngineMaterials/Substrate/GLints/dict_16_192_64_0p5_0p02_0005_0012" 4460
"/Engine/EngineMaterials/Substrate/GLints/dict_16_192_64_0p5_0p02_0005_0011" 4461
"/Engine/EngineMaterials/Substrate/GLints/dict_16_192_64_0p5_0p02_0005_0010" 4462
"/Engine/EngineMaterials/Substrate/GLints/dict_16_192_64_0p5_0p02_0005_0009" 4463
"/Engine/EngineMaterials/Substrate/GLints/dict_16_192_64_0p5_0p02_0005_0008" 4464
"/Engine/EngineMaterials/Substrate/GLints/dict_16_192_64_0p5_0p02_0005_0007" 4465
"/Engine/EngineMaterials/Substrate/GLints/dict_16_192_64_0p5_0p02_0005_0006" 4466
"/Engine/EngineMaterials/Substrate/GLints/dict_16_192_64_0p5_0p02_0005_0005" 4467
"/Engine/EngineMaterials/Substrate/GLints/dict_16_192_64_0p5_0p02_0005_0004" 4468
"/Engine/EngineMaterials/Substrate/GLints/dict_16_192_64_0p5_0p02_0005_0003" 4469
"/Engine/EngineMaterials/Substrate/GLints/dict_16_192_64_0p5_0p02_0005_0002" 4470
"/Engine/EngineMaterials/Substrate/GLints/dict_16_192_64_0p5_0p02_0005_0001" 4471
"/Engine/EngineMaterials/Substrate/GLints/dict_16_192_64_0p5_0p02_0005_0000" 4472
"/Engine/EngineMaterials/Substrate/GLints/dict_16_192_64_0p5_0p02_0004_0015" 4473
"/Engine/EngineMaterials/Substrate/GLints/dict_16_192_64_0p5_0p02_0004_0014" 4474
"/Engine/EngineMaterials/Substrate/GLints/dict_16_192_64_0p5_0p02_0004_0013" 4475
"/Engine/EngineMaterials/Substrate/GLints/dict_16_192_64_0p5_0p02_0004_0012" 4476
"/Engine/EngineMaterials/Substrate/GLints/dict_16_192_64_0p5_0p02_0004_0011" 4477
"/Engine/EngineMaterials/Substrate/GLints/dict_16_192_64_0p5_0p02_0004_0010" 4478
"/Engine/EngineMaterials/Substrate/GLints/dict_16_192_64_0p5_0p02_0004_0009" 4479
"/Engine/EngineMaterials/Substrate/GLints/dict_16_192_64_0p5_0p02_0004_0008" 4480
"/Engine/EngineMaterials/Substrate/GLints/dict_16_192_64_0p5_0p02_0004_0007" 4481
"/Engine/EngineMaterials/Substrate/GLints/dict_16_192_64_0p5_0p02_0004_0006" 4482
"/Engine/EngineMaterials/Substrate/GLints/dict_16_192_64_0p5_0p02_0004_0005" 4483
"/Engine/EngineMaterials/Substrate/GLints/dict_16_192_64_0p5_0p02_0004_0004" 4484
"/Engine/EngineMaterials/Substrate/GLints/dict_16_192_64_0p5_0p02_0004_0003" 4485
"/Engine/EngineMaterials/Substrate/GLints/dict_16_192_64_0p5_0p02_0004_0002" 4486
"/Engine/EngineMaterials/Substrate/GLints/dict_16_192_64_0p5_0p02_0004_0001" 4487
"/Engine/EngineMaterials/Substrate/GLints/dict_16_192_64_0p5_0p02_0004_0000" 4488
"/Engine/EngineMaterials/Substrate/GLints/dict_16_192_64_0p5_0p02_0003_0015" 4489
"/Engine/EngineMaterials/Substrate/GLints/dict_16_192_64_0p5_0p02_0003_0014" 4490
"../../../Engine/Content/EngineMaterials/Substrate/GLints/dict_16_192_64_0p5_0p02_0005_0014.uasset" 4491
"../../../Engine/Content/EngineMaterials/Substrate/GLints/dict_16_192_64_0p5_0p02_0005_0015.uasset" 4492
"../../../Engine/Content/EngineMaterials/Substrate/GLints/dict_16_192_64_0p5_0p02_0006_0000.uasset" 4493
"../../../Engine/Content/EngineMaterials/Substrate/GLints/dict_16_192_64_0p5_0p02_0006_0001.uasset" 4494
"../../../Engine/Content/EngineMaterials/Substrate/GLints/dict_16_192_64_0p5_0p02_0006_0002.uasset" 4495
"../../../Engine/Content/EngineMaterials/Substrate/GLints/dict_16_192_64_0p5_0p02_0006_0003.uasset" 4496
"../../../Engine/Content/EngineMaterials/Substrate/GLints/dict_16_192_64_0p5_0p02_0006_0006.uasset" 4497
"../../../Engine/Content/EngineMaterials/Substrate/GLints/dict_16_192_64_0p5_0p02_0006_0004.uasset" 4498
"../../../Engine/Content/EngineMaterials/Substrate/GLints/dict_16_192_64_0p5_0p02_0006_0005.uasset" 4499
"../../../Engine/Content/EngineMaterials/Substrate/GLints/dict_16_192_64_0p5_0p02_0006_0009.uasset" 4500
"../../../Engine/Content/EngineMaterials/Substrate/GLints/dict_16_192_64_0p5_0p02_0006_0011.uasset" 4501
"../../../Engine/Content/EngineMaterials/Substrate/GLints/dict_16_192_64_0p5_0p02_0006_0008.uasset" 4502
"../../../Engine/Content/EngineMaterials/Substrate/GLints/dict_16_192_64_0p5_0p02_0006_0010.uasset" 4503
"../../../Engine/Content/EngineMaterials/Substrate/GLints/dict_16_192_64_0p5_0p02_0006_0007.uasset" 4504
"../../../Engine/Content/EngineMaterials/Substrate/GLints/dict_16_192_64_0p5_0p02_0006_0012.uasset" 4505
"../../../Engine/Content/EngineMaterials/Substrate/GLints/dict_16_192_64_0p5_0p02_0006_0014.uasset" 4506
"../../../Engine/Content/EngineMaterials/Substrate/GLints/dict_16_192_64_0p5_0p02_0006_0013.uasset" 4507
"../../../Engine/Content/EngineMaterials/Substrate/GLints/dict_16_192_64_0p5_0p02_0006_0015.uasset" 4508
"../../../Engine/Content/EngineMaterials/Substrate/GLints/dict_16_192_64_0p5_0p02_0007_0000.uasset" 4509
"../../../Engine/Content/EngineMaterials/Substrate/GLints/dict_16_192_64_0p5_0p02_0007_0001.uasset" 4510
"../../../Engine/Content/EngineMaterials/Substrate/GLints/dict_16_192_64_0p5_0p02_0007_0002.uasset" 4511
"../../../Engine/Content/EngineMaterials/Substrate/GLints/dict_16_192_64_0p5_0p02_0007_0003.uasset" 4512
"../../../Engine/Content/EngineMaterials/Substrate/GLints/dict_16_192_64_0p5_0p02_0007_0006.uasset" 4513
"../../../Engine/Content/EngineMaterials/Substrate/GLints/dict_16_192_64_0p5_0p02_0007_0004.uasset" 4514
"../../../Engine/Content/EngineMaterials/Substrate/GLints/dict_16_192_64_0p5_0p02_0007_0005.uasset" 4515
"../../../Engine/Content/EngineMaterials/Substrate/GLints/dict_16_192_64_0p5_0p02_0007_0008.uasset" 4516
"../../../Engine/Content/EngineMaterials/Substrate/GLints/dict_16_192_64_0p5_0p02_0007_0009.uasset" 4517
"../../../Engine/Content/EngineMaterials/Substrate/GLints/dict_16_192_64_0p5_0p02_0007_0010.uasset" 4518
"../../../Engine/Content/EngineMaterials/Substrate/GLints/dict_16_192_64_0p5_0p02_0007_0007.uasset" 4519
"../../../Engine/Content/EngineMaterials/Substrate/GLints/dict_16_192_64_0p5_0p02_0007_0011.uasset" 4520
"../../../Engine/Content/EngineMaterials/Substrate/GLints/dict_16_192_64_0p5_0p02_0007_0012.uasset" 4521
"../../../Engine/Content/EngineMaterials/Substrate/GLints/dict_16_192_64_0p5_0p02_0007_0013.uasset" 4522
"/Engine/EngineMaterials/Substrate/GLints/dict_16_192_64_0p5_0p02_0007_0013" 4523
"/Engine/EngineMaterials/Substrate/GLints/dict_16_192_64_0p5_0p02_0007_0012" 4524
"/Engine/EngineMaterials/Substrate/GLints/dict_16_192_64_0p5_0p02_0007_0011" 4525
"/Engine/EngineMaterials/Substrate/GLints/dict_16_192_64_0p5_0p02_0007_0010" 4526
"/Engine/EngineMaterials/Substrate/GLints/dict_16_192_64_0p5_0p02_0007_0009" 4527
"/Engine/EngineMaterials/Substrate/GLints/dict_16_192_64_0p5_0p02_0007_0008" 4528
"/Engine/EngineMaterials/Substrate/GLints/dict_16_192_64_0p5_0p02_0007_0007" 4529
"/Engine/EngineMaterials/Substrate/GLints/dict_16_192_64_0p5_0p02_0007_0006" 4530
"/Engine/EngineMaterials/Substrate/GLints/dict_16_192_64_0p5_0p02_0007_0005" 4531
"/Engine/EngineMaterials/Substrate/GLints/dict_16_192_64_0p5_0p02_0007_0004" 4532
"/Engine/EngineMaterials/Substrate/GLints/dict_16_192_64_0p5_0p02_0007_0003" 4533
"/Engine/EngineMaterials/Substrate/GLints/dict_16_192_64_0p5_0p02_0007_0002" 4534
"/Engine/EngineMaterials/Substrate/GLints/dict_16_192_64_0p5_0p02_0007_0001" 4535
"/Engine/EngineMaterials/Substrate/GLints/dict_16_192_64_0p5_0p02_0007_0000" 4536
"/Engine/EngineMaterials/Substrate/GLints/dict_16_192_64_0p5_0p02_0006_0015" 4537
"/Engine/EngineMaterials/Substrate/GLints/dict_16_192_64_0p5_0p02_0006_0014" 4538
"/Engine/EngineMaterials/Substrate/GLints/dict_16_192_64_0p5_0p02_0006_0013" 4539
"/Engine/EngineMaterials/Substrate/GLints/dict_16_192_64_0p5_0p02_0006_0012" 4540
"/Engine/EngineMaterials/Substrate/GLints/dict_16_192_64_0p5_0p02_0006_0011" 4541
"/Engine/EngineMaterials/Substrate/GLints/dict_16_192_64_0p5_0p02_0006_0010" 4542
"/Engine/EngineMaterials/Substrate/GLints/dict_16_192_64_0p5_0p02_0006_0009" 4543
"/Engine/EngineMaterials/Substrate/GLints/dict_16_192_64_0p5_0p02_0006_0008" 4544
"/Engine/EngineMaterials/Substrate/GLints/dict_16_192_64_0p5_0p02_0006_0007" 4545
"/Engine/EngineMaterials/Substrate/GLints/dict_16_192_64_0p5_0p02_0006_0006" 4546
"/Engine/EngineMaterials/Substrate/GLints/dict_16_192_64_0p5_0p02_0006_0005" 4547
"/Engine/EngineMaterials/Substrate/GLints/dict_16_192_64_0p5_0p02_0006_0004" 4548
"/Engine/EngineMaterials/Substrate/GLints/dict_16_192_64_0p5_0p02_0006_0003" 4549
"/Engine/EngineMaterials/Substrate/GLints/dict_16_192_64_0p5_0p02_0006_0002" 4550
"/Engine/EngineMaterials/Substrate/GLints/dict_16_192_64_0p5_0p02_0006_0001" 4551
"/Engine/EngineMaterials/Substrate/GLints/dict_16_192_64_0p5_0p02_0006_0000" 4552
"/Engine/EngineMaterials/Substrate/GLints/dict_16_192_64_0p5_0p02_0005_0015" 4553
"/Engine/EngineMaterials/Substrate/GLints/dict_16_192_64_0p5_0p02_0005_0014" 4554
"../../../Engine/Content/EngineMaterials/Substrate/GLints/dict_16_192_64_0p5_0p02_0008_0000.uasset" 4555
"../../../Engine/Content/EngineMaterials/Substrate/GLints/dict_16_192_64_0p5_0p02_0007_0014.uasset" 4556
"../../../Engine/Content/EngineMaterials/Substrate/GLints/dict_16_192_64_0p5_0p02_0008_0002.uasset" 4557
"../../../Engine/Content/EngineMaterials/Substrate/GLints/dict_16_192_64_0p5_0p02_0008_0006.uasset" 4558
"../../../Engine/Content/EngineMaterials/Substrate/GLints/dict_16_192_64_0p5_0p02_0008_0008.uasset" 4559
"../../../Engine/Content/EngineMaterials/Substrate/GLints/dict_16_192_64_0p5_0p02_0008_0009.uasset" 4560
"../../../Engine/Content/EngineMaterials/Substrate/GLints/dict_16_192_64_0p5_0p02_0008_0010.uasset" 4561
"../../../Engine/Content/EngineMaterials/Substrate/GLints/dict_16_192_64_0p5_0p02_0008_0003.uasset" 4562
"../../../Engine/Content/EngineMaterials/Substrate/GLints/dict_16_192_64_0p5_0p02_0008_0001.uasset" 4563
"../../../Engine/Content/EngineMaterials/Substrate/GLints/dict_16_192_64_0p5_0p02_0008_0005.uasset" 4564
"../../../Engine/Content/EngineMaterials/Substrate/GLints/dict_16_192_64_0p5_0p02_0008_0004.uasset" 4565
"../../../Engine/Content/EngineMaterials/Substrate/GLints/dict_16_192_64_0p5_0p02_0008_0007.uasset" 4566
"../../../Engine/Content/EngineMaterials/Substrate/GLints/dict_16_192_64_0p5_0p02_0007_0015.uasset" 4567
"../../../Engine/Content/EngineMaterials/Substrate/GLints/dict_16_192_64_0p5_0p02_0008_0012.uasset" 4568
"../../../Engine/Content/EngineMaterials/Substrate/GLints/dict_16_192_64_0p5_0p02_0008_0015.uasset" 4569
"../../../Engine/Content/EngineMaterials/Substrate/GLints/dict_16_192_64_0p5_0p02_0008_0013.uasset" 4570
"../../../Engine/Content/EngineMaterials/Substrate/GLints/dict_16_192_64_0p5_0p02_0008_0011.uasset" 4571
"../../../Engine/Content/EngineMaterials/Substrate/GLints/dict_16_192_64_0p5_0p02_0008_0014.uasset" 4572
"../../../Engine/Content/EngineMaterials/Substrate/GLints/dict_16_192_64_0p5_0p02_0009_0000.uasset" 4573
"../../../Engine/Content/EngineMaterials/Substrate/GLints/dict_16_192_64_0p5_0p02_0009_0001.uasset" 4574
"../../../Engine/Content/EngineMaterials/Substrate/GLints/dict_16_192_64_0p5_0p02_0009_0002.uasset" 4575
"../../../Engine/Content/EngineMaterials/Substrate/GLints/dict_16_192_64_0p5_0p02_0009_0003.uasset" 4576
"../../../Engine/Content/EngineMaterials/Substrate/GLints/dict_16_192_64_0p5_0p02_0009_0005.uasset" 4577
"../../../Engine/Content/EngineMaterials/Substrate/GLints/dict_16_192_64_0p5_0p02_0009_0004.uasset" 4578
"../../../Engine/Content/EngineMaterials/Substrate/GLints/dict_16_192_64_0p5_0p02_0009_0007.uasset" 4579
"../../../Engine/Content/EngineMaterials/Substrate/GLints/dict_16_192_64_0p5_0p02_0009_0006.uasset" 4580
"../../../Engine/Content/EngineMaterials/Substrate/GLints/dict_16_192_64_0p5_0p02_0009_0009.uasset" 4581
"../../../Engine/Content/EngineMaterials/Substrate/GLints/dict_16_192_64_0p5_0p02_0009_0010.uasset" 4582
"../../../Engine/Content/EngineMaterials/Substrate/GLints/dict_16_192_64_0p5_0p02_0009_0008.uasset" 4583
"../../../Engine/Content/EngineMaterials/Substrate/GLints/dict_16_192_64_0p5_0p02_0009_0011.uasset" 4584
"../../../Engine/Content/EngineMaterials/Substrate/GLints/dict_16_192_64_0p5_0p02_0009_0012.uasset" 4585
"../../../Engine/Content/EngineMaterials/Substrate/GLints/dict_16_192_64_0p5_0p02_0009_0013.uasset" 4586
"/Engine/EngineMaterials/Substrate/GLints/dict_16_192_64_0p5_0p02_0009_0013" 4587
"/Engine/EngineMaterials/Substrate/GLints/dict_16_192_64_0p5_0p02_0009_0012" 4588
"/Engine/EngineMaterials/Substrate/GLints/dict_16_192_64_0p5_0p02_0009_0011" 4589
"/Engine/EngineMaterials/Substrate/GLints/dict_16_192_64_0p5_0p02_0009_0010" 4590
"/Engine/EngineMaterials/Substrate/GLints/dict_16_192_64_0p5_0p02_0009_0009" 4591
"/Engine/EngineMaterials/Substrate/GLints/dict_16_192_64_0p5_0p02_0009_0008" 4592
"/Engine/EngineMaterials/Substrate/GLints/dict_16_192_64_0p5_0p02_0009_0007" 4593
"/Engine/EngineMaterials/Substrate/GLints/dict_16_192_64_0p5_0p02_0009_0006" 4594
"/Engine/EngineMaterials/Substrate/GLints/dict_16_192_64_0p5_0p02_0009_0005" 4595
"/Engine/EngineMaterials/Substrate/GLints/dict_16_192_64_0p5_0p02_0009_0004" 4596
"/Engine/EngineMaterials/Substrate/GLints/dict_16_192_64_0p5_0p02_0009_0003" 4597
"/Engine/EngineMaterials/Substrate/GLints/dict_16_192_64_0p5_0p02_0009_0002" 4598
"/Engine/EngineMaterials/Substrate/GLints/dict_16_192_64_0p5_0p02_0009_0001" 4599
"/Engine/EngineMaterials/Substrate/GLints/dict_16_192_64_0p5_0p02_0009_0000" 4600
"/Engine/EngineMaterials/Substrate/GLints/dict_16_192_64_0p5_0p02_0008_0015" 4601
"/Engine/EngineMaterials/Substrate/GLints/dict_16_192_64_0p5_0p02_0008_0014" 4602
"/Engine/EngineMaterials/Substrate/GLints/dict_16_192_64_0p5_0p02_0008_0013" 4603
"/Engine/EngineMaterials/Substrate/GLints/dict_16_192_64_0p5_0p02_0008_0012" 4604
"/Engine/EngineMaterials/Substrate/GLints/dict_16_192_64_0p5_0p02_0008_0011" 4605
"/Engine/EngineMaterials/Substrate/GLints/dict_16_192_64_0p5_0p02_0008_0010" 4606
"/Engine/EngineMaterials/Substrate/GLints/dict_16_192_64_0p5_0p02_0008_0009" 4607
"/Engine/EngineMaterials/Substrate/GLints/dict_16_192_64_0p5_0p02_0008_0008" 4608
"/Engine/EngineMaterials/Substrate/GLints/dict_16_192_64_0p5_0p02_0008_0007" 4609
"/Engine/EngineMaterials/Substrate/GLints/dict_16_192_64_0p5_0p02_0008_0006" 4610
"/Engine/EngineMaterials/Substrate/GLints/dict_16_192_64_0p5_0p02_0008_0005" 4611
"/Engine/EngineMaterials/Substrate/GLints/dict_16_192_64_0p5_0p02_0008_0004" 4612
"/Engine/EngineMaterials/Substrate/GLints/dict_16_192_64_0p5_0p02_0008_0003" 4613
"/Engine/EngineMaterials/Substrate/GLints/dict_16_192_64_0p5_0p02_0008_0002" 4614
"/Engine/EngineMaterials/Substrate/GLints/dict_16_192_64_0p5_0p02_0008_0001" 4615
"/Engine/EngineMaterials/Substrate/GLints/dict_16_192_64_0p5_0p02_0008_0000" 4616
"/Engine/EngineMaterials/Substrate/GLints/dict_16_192_64_0p5_0p02_0007_0015" 4617
"/Engine/EngineMaterials/Substrate/GLints/dict_16_192_64_0p5_0p02_0007_0014" 4618
"../../../Engine/Content/EngineMaterials/Substrate/GLints/dict_16_192_64_0p5_0p02_0009_0015.uasset" 4619
"../../../Engine/Content/EngineMaterials/Substrate/GLints/dict_16_192_64_0p5_0p02_0010_0000.uasset" 4620
"../../../Engine/Content/EngineMaterials/Substrate/GLints/dict_16_192_64_0p5_0p02_0010_0001.uasset" 4621
"../../../Engine/Content/EngineMaterials/Substrate/GLints/dict_16_192_64_0p5_0p02_0010_0003.uasset" 4622
"../../../Engine/Content/EngineMaterials/Substrate/GLints/dict_16_192_64_0p5_0p02_0010_0002.uasset" 4623
"../../../Engine/Content/EngineMaterials/Substrate/GLints/dict_16_192_64_0p5_0p02_0010_0009.uasset" 4624
"../../../Engine/Content/EngineMaterials/Substrate/GLints/dict_16_192_64_0p5_0p02_0010_0008.uasset" 4625
"../../../Engine/Content/EngineMaterials/Substrate/GLints/dict_16_192_64_0p5_0p02_0010_0007.uasset" 4626
"../../../Engine/Content/EngineMaterials/Substrate/GLints/dict_16_192_64_0p5_0p02_0010_0004.uasset" 4627
"../../../Engine/Content/EngineMaterials/Substrate/GLints/dict_16_192_64_0p5_0p02_0010_0010.uasset" 4628
"../../../Engine/Content/EngineMaterials/Substrate/GLints/dict_16_192_64_0p5_0p02_0009_0014.uasset" 4629
"../../../Engine/Content/EngineMaterials/Substrate/GLints/dict_16_192_64_0p5_0p02_0010_0011.uasset" 4630
"../../../Engine/Content/EngineMaterials/Substrate/GLints/dict_16_192_64_0p5_0p02_0010_0006.uasset" 4631
"../../../Engine/Content/EngineMaterials/Substrate/GLints/dict_16_192_64_0p5_0p02_0010_0005.uasset" 4632
"../../../Engine/Content/EngineMaterials/Substrate/GLints/dict_16_192_64_0p5_0p02_0010_0012.uasset" 4633
"../../../Engine/Content/EngineMaterials/Substrate/GLints/dict_16_192_64_0p5_0p02_0010_0013.uasset" 4634
"../../../Engine/Content/EngineMaterials/Substrate/GLints/dict_16_192_64_0p5_0p02_0010_0014.uasset" 4635
"../../../Engine/Content/EngineMaterials/Substrate/GLints/dict_16_192_64_0p5_0p02_0010_0015.uasset" 4636
"../../../Engine/Content/EngineMaterials/Substrate/GLints/dict_16_192_64_0p5_0p02_0011_0002.uasset" 4637
"../../../Engine/Content/EngineMaterials/Substrate/GLints/dict_16_192_64_0p5_0p02_0011_0001.uasset" 4638
"../../../Engine/Content/EngineMaterials/Substrate/GLints/dict_16_192_64_0p5_0p02_0011_0000.uasset" 4639
"../../../Engine/Content/EngineMaterials/Substrate/GLints/dict_16_192_64_0p5_0p02_0011_0004.uasset" 4640
"../../../Engine/Content/EngineMaterials/Substrate/GLints/dict_16_192_64_0p5_0p02_0011_0009.uasset" 4641
"../../../Engine/Content/EngineMaterials/Substrate/GLints/dict_16_192_64_0p5_0p02_0011_0005.uasset" 4642
"../../../Engine/Content/EngineMaterials/Substrate/GLints/dict_16_192_64_0p5_0p02_0011_0007.uasset" 4643
"../../../Engine/Content/EngineMaterials/Substrate/GLints/dict_16_192_64_0p5_0p02_0011_0003.uasset" 4644
"../../../Engine/Content/EngineMaterials/Substrate/GLints/dict_16_192_64_0p5_0p02_0011_0010.uasset" 4645
"../../../Engine/Content/EngineMaterials/Substrate/GLints/dict_16_192_64_0p5_0p02_0011_0006.uasset" 4646
"../../../Engine/Content/EngineMaterials/Substrate/GLints/dict_16_192_64_0p5_0p02_0011_0008.uasset" 4647
"../../../Engine/Content/EngineMaterials/Substrate/GLints/dict_16_192_64_0p5_0p02_0011_0011.uasset" 4648
"../../../Engine/Content/EngineMaterials/Substrate/GLints/dict_16_192_64_0p5_0p02_0011_0013.uasset" 4649
"../../../Engine/Content/EngineMaterials/Substrate/GLints/dict_16_192_64_0p5_0p02_0011_0012.uasset" 4650
"/Engine/EngineMaterials/Substrate/GLints/dict_16_192_64_0p5_0p02_0011_0013" 4651
"/Engine/EngineMaterials/Substrate/GLints/dict_16_192_64_0p5_0p02_0011_0012" 4652
"/Engine/EngineMaterials/Substrate/GLints/dict_16_192_64_0p5_0p02_0011_0011" 4653
"/Engine/EngineMaterials/Substrate/GLints/dict_16_192_64_0p5_0p02_0011_0010" 4654
"/Engine/EngineMaterials/Substrate/GLints/dict_16_192_64_0p5_0p02_0011_0009" 4655
"/Engine/EngineMaterials/Substrate/GLints/dict_16_192_64_0p5_0p02_0011_0008" 4656
"/Engine/EngineMaterials/Substrate/GLints/dict_16_192_64_0p5_0p02_0011_0007" 4657
"/Engine/EngineMaterials/Substrate/GLints/dict_16_192_64_0p5_0p02_0011_0006" 4658
"/Engine/EngineMaterials/Substrate/GLints/dict_16_192_64_0p5_0p02_0011_0005" 4659
"/Engine/EngineMaterials/Substrate/GLints/dict_16_192_64_0p5_0p02_0011_0004" 4660
"/Engine/EngineMaterials/Substrate/GLints/dict_16_192_64_0p5_0p02_0011_0003" 4661
"/Engine/EngineMaterials/Substrate/GLints/dict_16_192_64_0p5_0p02_0011_0002" 4662
"/Engine/EngineMaterials/Substrate/GLints/dict_16_192_64_0p5_0p02_0011_0001" 4663
"/Engine/EngineMaterials/Substrate/GLints/dict_16_192_64_0p5_0p02_0011_0000" 4664
"/Engine/EngineMaterials/Substrate/GLints/dict_16_192_64_0p5_0p02_0010_0015" 4665
"/Engine/EngineMaterials/Substrate/GLints/dict_16_192_64_0p5_0p02_0010_0014" 4666
"/Engine/EngineMaterials/Substrate/GLints/dict_16_192_64_0p5_0p02_0010_0013" 4667
"/Engine/EngineMaterials/Substrate/GLints/dict_16_192_64_0p5_0p02_0010_0012" 4668
"/Engine/EngineMaterials/Substrate/GLints/dict_16_192_64_0p5_0p02_0010_0011" 4669
"/Engine/EngineMaterials/Substrate/GLints/dict_16_192_64_0p5_0p02_0010_0010" 4670
"/Engine/EngineMaterials/Substrate/GLints/dict_16_192_64_0p5_0p02_0010_0009" 4671
"/Engine/EngineMaterials/Substrate/GLints/dict_16_192_64_0p5_0p02_0010_0008" 4672
"/Engine/EngineMaterials/Substrate/GLints/dict_16_192_64_0p5_0p02_0010_0007" 4673
"/Engine/EngineMaterials/Substrate/GLints/dict_16_192_64_0p5_0p02_0010_0006" 4674
"/Engine/EngineMaterials/Substrate/GLints/dict_16_192_64_0p5_0p02_0010_0005" 4675
"/Engine/EngineMaterials/Substrate/GLints/dict_16_192_64_0p5_0p02_0010_0004" 4676
"/Engine/EngineMaterials/Substrate/GLints/dict_16_192_64_0p5_0p02_0010_0003" 4677
"/Engine/EngineMaterials/Substrate/GLints/dict_16_192_64_0p5_0p02_0010_0002" 4678
"/Engine/EngineMaterials/Substrate/GLints/dict_16_192_64_0p5_0p02_0010_0001" 4679
"/Engine/EngineMaterials/Substrate/GLints/dict_16_192_64_0p5_0p02_0010_0000" 4680
"/Engine/EngineMaterials/Substrate/GLints/dict_16_192_64_0p5_0p02_0009_0015" 4681
"/Engine/EngineMaterials/Substrate/GLints/dict_16_192_64_0p5_0p02_0009_0014" 4682
"../../../Engine/Content/EngineMaterials/Substrate/GLints/dict_16_192_64_0p5_0p02_0011_0015.uasset" 4683
"../../../Engine/Content/EngineMaterials/Substrate/GLints/dict_16_192_64_0p5_0p02_0011_0014.uasset" 4684
"../../../Engine/Content/EngineMaterials/Substrate/GLints/dict_16_192_64_0p5_0p02_0012_0002.uasset" 4685
"../../../Engine/Content/EngineMaterials/Substrate/GLints/dict_16_192_64_0p5_0p02_0012_0001.uasset" 4686
"../../../Engine/Content/EngineMaterials/Substrate/GLints/dict_16_192_64_0p5_0p02_0012_0000.uasset" 4687
"../../../Engine/Content/EngineMaterials/Substrate/GLints/dict_16_192_64_0p5_0p02_0012_0003.uasset" 4688
"../../../Engine/Content/EngineMaterials/Substrate/GLints/dict_16_192_64_0p5_0p02_0012_0004.uasset" 4689
"../../../Engine/Content/EngineMaterials/Substrate/GLints/dict_16_192_64_0p5_0p02_0012_0008.uasset" 4690
"../../../Engine/Content/EngineMaterials/Substrate/GLints/dict_16_192_64_0p5_0p02_0012_0005.uasset" 4691
"../../../Engine/Content/EngineMaterials/Substrate/GLints/dict_16_192_64_0p5_0p02_0012_0006.uasset" 4692
"../../../Engine/Content/EngineMaterials/Substrate/GLints/dict_16_192_64_0p5_0p02_0012_0010.uasset" 4693
"../../../Engine/Content/EngineMaterials/Substrate/GLints/dict_16_192_64_0p5_0p02_0012_0007.uasset" 4694
"../../../Engine/Content/EngineMaterials/Substrate/GLints/dict_16_192_64_0p5_0p02_0012_0009.uasset" 4695
"../../../Engine/Content/EngineMaterials/Substrate/GLints/dict_16_192_64_0p5_0p02_0012_0011.uasset" 4696
"../../../Engine/Content/EngineMaterials/Substrate/GLints/dict_16_192_64_0p5_0p02_0012_0014.uasset" 4697
"../../../Engine/Content/EngineMaterials/Substrate/GLints/dict_16_192_64_0p5_0p02_0012_0013.uasset" 4698
"../../../Engine/Content/EngineMaterials/Substrate/GLints/dict_16_192_64_0p5_0p02_0012_0012.uasset" 4699
"../../../Engine/Content/EngineMaterials/Substrate/GLints/dict_16_192_64_0p5_0p02_0012_0015.uasset" 4700
"../../../Engine/Content/EngineMaterials/Substrate/GLints/dict_16_192_64_0p5_0p02_0013_0000.uasset" 4701
"../../../Engine/Content/EngineMaterials/Substrate/GLints/dict_16_192_64_0p5_0p02_0013_0001.uasset" 4702
"../../../Engine/Content/EngineMaterials/Substrate/GLints/dict_16_192_64_0p5_0p02_0013_0002.uasset" 4703
"../../../Engine/Content/EngineMaterials/Substrate/GLints/dict_16_192_64_0p5_0p02_0013_0004.uasset" 4704
"../../../Engine/Content/EngineMaterials/Substrate/GLints/dict_16_192_64_0p5_0p02_0013_0005.uasset" 4705
"../../../Engine/Content/EngineMaterials/Substrate/GLints/dict_16_192_64_0p5_0p02_0013_0003.uasset" 4706
"../../../Engine/Content/EngineMaterials/Substrate/GLints/dict_16_192_64_0p5_0p02_0013_0006.uasset" 4707
"../../../Engine/Content/EngineMaterials/Substrate/GLints/dict_16_192_64_0p5_0p02_0013_0007.uasset" 4708
"../../../Engine/Content/EngineMaterials/Substrate/GLints/dict_16_192_64_0p5_0p02_0013_0009.uasset" 4709
"../../../Engine/Content/EngineMaterials/Substrate/GLints/dict_16_192_64_0p5_0p02_0013_0008.uasset" 4710
"../../../Engine/Content/EngineMaterials/Substrate/GLints/dict_16_192_64_0p5_0p02_0013_0010.uasset" 4711
"../../../Engine/Content/EngineMaterials/Substrate/GLints/dict_16_192_64_0p5_0p02_0013_0012.uasset" 4712
"../../../Engine/Content/EngineMaterials/Substrate/GLints/dict_16_192_64_0p5_0p02_0013_0011.uasset" 4713
"../../../Engine/Content/EngineMaterials/Substrate/GLints/dict_16_192_64_0p5_0p02_0013_0013.uasset" 4714
"/Engine/EngineMaterials/Substrate/GLints/dict_16_192_64_0p5_0p02_0013_0013" 4715
"/Engine/EngineMaterials/Substrate/GLints/dict_16_192_64_0p5_0p02_0013_0012" 4716
"/Engine/EngineMaterials/Substrate/GLints/dict_16_192_64_0p5_0p02_0013_0011" 4717
"/Engine/EngineMaterials/Substrate/GLints/dict_16_192_64_0p5_0p02_0013_0010" 4718
"/Engine/EngineMaterials/Substrate/GLints/dict_16_192_64_0p5_0p02_0013_0009" 4719
"/Engine/EngineMaterials/Substrate/GLints/dict_16_192_64_0p5_0p02_0013_0008" 4720
"/Engine/EngineMaterials/Substrate/GLints/dict_16_192_64_0p5_0p02_0013_0007" 4721
"/Engine/EngineMaterials/Substrate/GLints/dict_16_192_64_0p5_0p02_0013_0006" 4722
"/Engine/EngineMaterials/Substrate/GLints/dict_16_192_64_0p5_0p02_0013_0005" 4723
"/Engine/EngineMaterials/Substrate/GLints/dict_16_192_64_0p5_0p02_0013_0004" 4724
"/Engine/EngineMaterials/Substrate/GLints/dict_16_192_64_0p5_0p02_0013_0003" 4725
"/Engine/EngineMaterials/Substrate/GLints/dict_16_192_64_0p5_0p02_0013_0002" 4726
"/Engine/EngineMaterials/Substrate/GLints/dict_16_192_64_0p5_0p02_0013_0001" 4727
"/Engine/EngineMaterials/Substrate/GLints/dict_16_192_64_0p5_0p02_0013_0000" 4728
"/Engine/EngineMaterials/Substrate/GLints/dict_16_192_64_0p5_0p02_0012_0015" 4729
"/Engine/EngineMaterials/Substrate/GLints/dict_16_192_64_0p5_0p02_0012_0014" 4730
"/Engine/EngineMaterials/Substrate/GLints/dict_16_192_64_0p5_0p02_0012_0013" 4731
"/Engine/EngineMaterials/Substrate/GLints/dict_16_192_64_0p5_0p02_0012_0012" 4732
"/Engine/EngineMaterials/Substrate/GLints/dict_16_192_64_0p5_0p02_0012_0011" 4733
"/Engine/EngineMaterials/Substrate/GLints/dict_16_192_64_0p5_0p02_0012_0010" 4734
"/Engine/EngineMaterials/Substrate/GLints/dict_16_192_64_0p5_0p02_0012_0009" 4735
"/Engine/EngineMaterials/Substrate/GLints/dict_16_192_64_0p5_0p02_0012_0008" 4736
"/Engine/EngineMaterials/Substrate/GLints/dict_16_192_64_0p5_0p02_0012_0007" 4737
"/Engine/EngineMaterials/Substrate/GLints/dict_16_192_64_0p5_0p02_0012_0006" 4738
"/Engine/EngineMaterials/Substrate/GLints/dict_16_192_64_0p5_0p02_0012_0005" 4739
"/Engine/EngineMaterials/Substrate/GLints/dict_16_192_64_0p5_0p02_0012_0004" 4740
"/Engine/EngineMaterials/Substrate/GLints/dict_16_192_64_0p5_0p02_0012_0003" 4741
"/Engine/EngineMaterials/Substrate/GLints/dict_16_192_64_0p5_0p02_0012_0002" 4742
"/Engine/EngineMaterials/Substrate/GLints/dict_16_192_64_0p5_0p02_0012_0001" 4743
"/Engine/EngineMaterials/Substrate/GLints/dict_16_192_64_0p5_0p02_0012_0000" 4744
"/Engine/EngineMaterials/Substrate/GLints/dict_16_192_64_0p5_0p02_0011_0015" 4745
"/Engine/EngineMaterials/Substrate/GLints/dict_16_192_64_0p5_0p02_0011_0014" 4746
"../../../Engine/Content/EngineMaterials/Substrate/GLints/dict_16_192_64_0p5_0p02_0013_0014.uasset" 4747
"../../../Engine/Content/EngineMaterials/Substrate/GLints/dict_16_192_64_0p5_0p02_0014_0000.uasset" 4748
"../../../Engine/Content/EngineMaterials/Substrate/GLints/dict_16_192_64_0p5_0p02_0013_0015.uasset" 4749
"../../../Engine/Content/EngineMaterials/Substrate/GLints/dict_16_192_64_0p5_0p02_0014_0001.uasset" 4750
"../../../Engine/Content/EngineMaterials/Substrate/GLints/dict_16_192_64_0p5_0p02_0014_0002.uasset" 4751
"../../../Engine/Content/EngineMaterials/Substrate/GLints/dict_16_192_64_0p5_0p02_0014_0004.uasset" 4752
"../../../Engine/Content/EngineMaterials/Substrate/GLints/dict_16_192_64_0p5_0p02_0014_0007.uasset" 4753
"../../../Engine/Content/EngineMaterials/Substrate/GLints/dict_16_192_64_0p5_0p02_0014_0008.uasset" 4754
"../../../Engine/Content/EngineMaterials/Substrate/GLints/dict_16_192_64_0p5_0p02_0014_0009.uasset" 4755
"../../../Engine/Content/EngineMaterials/Substrate/GLints/dict_16_192_64_0p5_0p02_0014_0005.uasset" 4756
"../../../Engine/Content/EngineMaterials/Substrate/GLints/dict_16_192_64_0p5_0p02_0014_0003.uasset" 4757
"../../../Engine/Content/EngineMaterials/Substrate/GLints/dict_16_192_64_0p5_0p02_0014_0006.uasset" 4758
"../../../Engine/Content/EngineMaterials/Substrate/GLints/dict_16_192_64_0p5_0p02_0014_0012.uasset" 4759
"../../../Engine/Content/EngineMaterials/Substrate/GLints/dict_16_192_64_0p5_0p02_0014_0011.uasset" 4760
"../../../Engine/Content/EngineMaterials/Substrate/GLints/dict_16_192_64_0p5_0p02_0014_0013.uasset" 4761
"../../../Engine/Content/EngineMaterials/Substrate/GLints/dict_16_192_64_0p5_0p02_0014_0010.uasset" 4762
"../../../Engine/Content/EngineMaterials/Substrate/GLints/dict_16_192_64_0p5_0p02_0014_0014.uasset" 4763
"../../../Engine/Content/EngineMaterials/Substrate/GLints/dict_16_192_64_0p5_0p02_0015_0000.uasset" 4764
"../../../Engine/Content/EngineMaterials/Substrate/GLints/dict_16_192_64_0p5_0p02_0014_0015.uasset" 4765
"../../../Engine/Content/EngineMaterials/Substrate/GLints/dict_16_192_64_0p5_0p02_0015_0001.uasset" 4766
"../../../Engine/Content/EngineMaterials/Substrate/GLints/dict_16_192_64_0p5_0p02_0015_0002.uasset" 4767
"../../../Engine/Content/EngineMaterials/Substrate/GLints/dict_16_192_64_0p5_0p02_0015_0004.uasset" 4768
"../../../Engine/Content/EngineMaterials/Substrate/GLints/dict_16_192_64_0p5_0p02_0015_0005.uasset" 4769
"../../../Engine/Content/EngineMaterials/Substrate/GLints/dict_16_192_64_0p5_0p02_0015_0003.uasset" 4770
"../../../Engine/Content/EngineMaterials/Substrate/GLints/dict_16_192_64_0p5_0p02_0015_0007.uasset" 4771
"../../../Engine/Content/EngineMaterials/Substrate/GLints/dict_16_192_64_0p5_0p02_0015_0011.uasset" 4772
"../../../Engine/Content/EngineMaterials/Substrate/GLints/dict_16_192_64_0p5_0p02_0015_0012.uasset" 4773
"../../../Engine/Content/EngineMaterials/Substrate/GLints/dict_16_192_64_0p5_0p02_0015_0008.uasset" 4774
"../../../Engine/Content/EngineMaterials/Substrate/GLints/dict_16_192_64_0p5_0p02_0015_0013.uasset" 4775
"../../../Engine/Content/EngineMaterials/Substrate/GLints/dict_16_192_64_0p5_0p02_0015_0006.uasset" 4776
"../../../Engine/Content/EngineMaterials/Substrate/GLints/dict_16_192_64_0p5_0p02_0015_0010.uasset" 4777
"../../../Engine/Content/EngineMaterials/Substrate/GLints/dict_16_192_64_0p5_0p02_0015_0009.uasset" 4778
"/Engine/EngineMaterials/Substrate/GLints/dict_16_192_64_0p5_0p02_0015_0013" 4779
"/Engine/EngineMaterials/Substrate/GLints/dict_16_192_64_0p5_0p02_0015_0012" 4780
"/Engine/EngineMaterials/Substrate/GLints/dict_16_192_64_0p5_0p02_0015_0011" 4781
"/Engine/EngineMaterials/Substrate/GLints/dict_16_192_64_0p5_0p02_0015_0010" 4782
"/Engine/EngineMaterials/Substrate/GLints/dict_16_192_64_0p5_0p02_0015_0009" 4783
"/Engine/EngineMaterials/Substrate/GLints/dict_16_192_64_0p5_0p02_0015_0008" 4784
"/Engine/EngineMaterials/Substrate/GLints/dict_16_192_64_0p5_0p02_0015_0007" 4785
"/Engine/EngineMaterials/Substrate/GLints/dict_16_192_64_0p5_0p02_0015_0006" 4786
"/Engine/EngineMaterials/Substrate/GLints/dict_16_192_64_0p5_0p02_0015_0005" 4787
"/Engine/EngineMaterials/Substrate/GLints/dict_16_192_64_0p5_0p02_0015_0004" 4788
"/Engine/EngineMaterials/Substrate/GLints/dict_16_192_64_0p5_0p02_0015_0003" 4789
"/Engine/EngineMaterials/Substrate/GLints/dict_16_192_64_0p5_0p02_0015_0002" 4790
"/Engine/EngineMaterials/Substrate/GLints/dict_16_192_64_0p5_0p02_0015_0001" 4791
"/Engine/EngineMaterials/Substrate/GLints/dict_16_192_64_0p5_0p02_0015_0000" 4792
"/Engine/EngineMaterials/Substrate/GLints/dict_16_192_64_0p5_0p02_0014_0015" 4793
"/Engine/EngineMaterials/Substrate/GLints/dict_16_192_64_0p5_0p02_0014_0014" 4794
"/Engine/EngineMaterials/Substrate/GLints/dict_16_192_64_0p5_0p02_0014_0013" 4795
"/Engine/EngineMaterials/Substrate/GLints/dict_16_192_64_0p5_0p02_0014_0012" 4796
"/Engine/EngineMaterials/Substrate/GLints/dict_16_192_64_0p5_0p02_0014_0011" 4797
"/Engine/EngineMaterials/Substrate/GLints/dict_16_192_64_0p5_0p02_0014_0010" 4798
"/Engine/EngineMaterials/Substrate/GLints/dict_16_192_64_0p5_0p02_0014_0009" 4799
"/Engine/EngineMaterials/Substrate/GLints/dict_16_192_64_0p5_0p02_0014_0008" 4800
"/Engine/EngineMaterials/Substrate/GLints/dict_16_192_64_0p5_0p02_0014_0007" 4801
"/Engine/EngineMaterials/Substrate/GLints/dict_16_192_64_0p5_0p02_0014_0006" 4802
"/Engine/EngineMaterials/Substrate/GLints/dict_16_192_64_0p5_0p02_0014_0005" 4803
"/Engine/EngineMaterials/Substrate/GLints/dict_16_192_64_0p5_0p02_0014_0004" 4804
"/Engine/EngineMaterials/Substrate/GLints/dict_16_192_64_0p5_0p02_0014_0003" 4805
"/Engine/EngineMaterials/Substrate/GLints/dict_16_192_64_0p5_0p02_0014_0002" 4806
"/Engine/EngineMaterials/Substrate/GLints/dict_16_192_64_0p5_0p02_0014_0001" 4807
"/Engine/EngineMaterials/Substrate/GLints/dict_16_192_64_0p5_0p02_0014_0000" 4808
"/Engine/EngineMaterials/Substrate/GLints/dict_16_192_64_0p5_0p02_0013_0015" 4809
"/Engine/EngineMaterials/Substrate/GLints/dict_16_192_64_0p5_0p02_0013_0014" 4810
"../../../Engine/Content/EngineMaterials/Substrate/GLints/dict_16_192_64_0p5_0p02_0015_0015.uasset" 4811
"../../../Engine/Content/EngineMaterials/Substrate/GLints/dict_16_192_64_0p5_0p02_0015_0014.uasset" 4812
"../../../Engine/Content/EngineMaterials/Substrate/GLints/dict_16_192_64_0p5_0p02_0016_0001.uasset" 4813
"../../../Engine/Content/EngineMaterials/Substrate/GLints/dict_16_192_64_0p5_0p02_0016_0003.uasset" 4814
"../../../Engine/Content/EngineMaterials/Substrate/GLints/dict_16_192_64_0p5_0p02_0016_0002.uasset" 4815
"../../../Engine/Content/EngineMaterials/Substrate/GLints/dict_16_192_64_0p5_0p02_0016_0004.uasset" 4816
"../../../Engine/Content/EngineMaterials/Substrate/GLints/dict_16_192_64_0p5_0p02_0016_0005.uasset" 4817
"../../../Engine/Content/EngineMaterials/Substrate/GLints/dict_16_192_64_0p5_0p02_0016_0007.uasset" 4818
"../../../Engine/Content/EngineMaterials/Substrate/GLints/dict_16_192_64_0p5_0p02_0016_0000.uasset" 4819
"../../../Engine/Content/EngineMaterials/Substrate/GLints/dict_16_192_64_0p5_0p02_0016_0006.uasset" 4820
"../../../Engine/Content/EngineMaterials/Substrate/GLints/dict_16_192_64_0p5_0p02_0016_0008.uasset" 4821
"../../../Engine/Content/EngineMaterials/Substrate/GLints/dict_16_192_64_0p5_0p02_0016_0009.uasset" 4822
"../../../Engine/Content/EngineMaterials/Substrate/GLints/dict_16_192_64_0p5_0p02_0016_0010.uasset" 4823
"../../../Engine/Content/EngineMaterials/Substrate/GLints/dict_16_192_64_0p5_0p02_0016_0013.uasset" 4824
"../../../Engine/Content/EngineMaterials/Substrate/GLints/dict_16_192_64_0p5_0p02_0016_0014.uasset" 4825
"../../../Engine/Content/EngineMaterials/Substrate/GLints/dict_16_192_64_0p5_0p02_0016_0015.uasset" 4826
"../../../Engine/Content/EngineMaterials/Substrate/GLints/dict_16_192_64_0p5_0p02_0016_0012.uasset" 4827
"../../../Engine/Content/EngineMaterials/Substrate/GLints/dict_16_192_64_0p5_0p02_0016_0011.uasset" 4828
"../../../Engine/Content/EngineMaterials/Substrate/GLints/dict_16_192_64_0p5_0p02_0017_0000.uasset" 4829
"../../../Engine/Content/EngineMaterials/Substrate/GLints/dict_16_192_64_0p5_0p02_0017_0002.uasset" 4830
"../../../Engine/Content/EngineMaterials/Substrate/GLints/dict_16_192_64_0p5_0p02_0017_0003.uasset" 4831
"../../../Engine/Content/EngineMaterials/Substrate/GLints/dict_16_192_64_0p5_0p02_0017_0001.uasset" 4832
"../../../Engine/Content/EngineMaterials/Substrate/GLints/dict_16_192_64_0p5_0p02_0017_0004.uasset" 4833
"../../../Engine/Content/EngineMaterials/Substrate/GLints/dict_16_192_64_0p5_0p02_0017_0006.uasset" 4834
"../../../Engine/Content/EngineMaterials/Substrate/GLints/dict_16_192_64_0p5_0p02_0017_0007.uasset" 4835
"../../../Engine/Content/EngineMaterials/Substrate/GLints/dict_16_192_64_0p5_0p02_0017_0005.uasset" 4836
"../../../Engine/Content/EngineMaterials/Substrate/GLints/dict_16_192_64_0p5_0p02_0017_0008.uasset" 4837
"../../../Engine/Content/EngineMaterials/Substrate/GLints/dict_16_192_64_0p5_0p02_0017_0009.uasset" 4838
"../../../Engine/Content/EngineMaterials/Substrate/GLints/dict_16_192_64_0p5_0p02_0017_0013.uasset" 4839
"../../../Engine/Content/EngineMaterials/Substrate/GLints/dict_16_192_64_0p5_0p02_0017_0011.uasset" 4840
"../../../Engine/Content/EngineMaterials/Substrate/GLints/dict_16_192_64_0p5_0p02_0017_0010.uasset" 4841
"../../../Engine/Content/EngineMaterials/Substrate/GLints/dict_16_192_64_0p5_0p02_0017_0012.uasset" 4842
"/Engine/EngineMaterials/Substrate/GLints/dict_16_192_64_0p5_0p02_0017_0013" 4843
"/Engine/EngineMaterials/Substrate/GLints/dict_16_192_64_0p5_0p02_0017_0012" 4844
"/Engine/EngineMaterials/Substrate/GLints/dict_16_192_64_0p5_0p02_0017_0011" 4845
"/Engine/EngineMaterials/Substrate/GLints/dict_16_192_64_0p5_0p02_0017_0010" 4846
"/Engine/EngineMaterials/Substrate/GLints/dict_16_192_64_0p5_0p02_0017_0009" 4847
"/Engine/EngineMaterials/Substrate/GLints/dict_16_192_64_0p5_0p02_0017_0008" 4848
"/Engine/EngineMaterials/Substrate/GLints/dict_16_192_64_0p5_0p02_0017_0007" 4849
"/Engine/EngineMaterials/Substrate/GLints/dict_16_192_64_0p5_0p02_0017_0006" 4850
"/Engine/EngineMaterials/Substrate/GLints/dict_16_192_64_0p5_0p02_0017_0005" 4851
"/Engine/EngineMaterials/Substrate/GLints/dict_16_192_64_0p5_0p02_0017_0004" 4852
"/Engine/EngineMaterials/Substrate/GLints/dict_16_192_64_0p5_0p02_0017_0003" 4853
"/Engine/EngineMaterials/Substrate/GLints/dict_16_192_64_0p5_0p02_0017_0002" 4854
"/Engine/EngineMaterials/Substrate/GLints/dict_16_192_64_0p5_0p02_0017_0001" 4855
"/Engine/EngineMaterials/Substrate/GLints/dict_16_192_64_0p5_0p02_0017_0000" 4856
"/Engine/EngineMaterials/Substrate/GLints/dict_16_192_64_0p5_0p02_0016_0015" 4857
"/Engine/EngineMaterials/Substrate/GLints/dict_16_192_64_0p5_0p02_0016_0014" 4858
"/Engine/EngineMaterials/Substrate/GLints/dict_16_192_64_0p5_0p02_0016_0013" 4859
"/Engine/EngineMaterials/Substrate/GLints/dict_16_192_64_0p5_0p02_0016_0012" 4860
"/Engine/EngineMaterials/Substrate/GLints/dict_16_192_64_0p5_0p02_0016_0011" 4861
"/Engine/EngineMaterials/Substrate/GLints/dict_16_192_64_0p5_0p02_0016_0010" 4862
"/Engine/EngineMaterials/Substrate/GLints/dict_16_192_64_0p5_0p02_0016_0009" 4863
"/Engine/EngineMaterials/Substrate/GLints/dict_16_192_64_0p5_0p02_0016_0008" 4864
"/Engine/EngineMaterials/Substrate/GLints/dict_16_192_64_0p5_0p02_0016_0007" 4865
"/Engine/EngineMaterials/Substrate/GLints/dict_16_192_64_0p5_0p02_0016_0006" 4866
"/Engine/EngineMaterials/Substrate/GLints/dict_16_192_64_0p5_0p02_0016_0005" 4867
"/Engine/EngineMaterials/Substrate/GLints/dict_16_192_64_0p5_0p02_0016_0004" 4868
"/Engine/EngineMaterials/Substrate/GLints/dict_16_192_64_0p5_0p02_0016_0003" 4869
"/Engine/EngineMaterials/Substrate/GLints/dict_16_192_64_0p5_0p02_0016_0002" 4870
"/Engine/EngineMaterials/Substrate/GLints/dict_16_192_64_0p5_0p02_0016_0001" 4871
"/Engine/EngineMaterials/Substrate/GLints/dict_16_192_64_0p5_0p02_0016_0000" 4872
"/Engine/EngineMaterials/Substrate/GLints/dict_16_192_64_0p5_0p02_0015_0015" 4873
"/Engine/EngineMaterials/Substrate/GLints/dict_16_192_64_0p5_0p02_0015_0014" 4874
"../../../Engine/Content/EngineMaterials/Substrate/GLints/dict_16_192_64_0p5_0p02_0017_0014.uasset" 4875
"../../../Engine/Content/EngineMaterials/Substrate/GLints/dict_16_192_64_0p5_0p02_0017_0015.uasset" 4876
"../../../Engine/Content/EngineMaterials/Substrate/GLints/dict_16_192_64_0p5_0p02_0018_0000.uasset" 4877
"../../../Engine/Content/EngineMaterials/Substrate/GLints/dict_16_192_64_0p5_0p02_0018_0001.uasset" 4878
"../../../Engine/Content/EngineMaterials/Substrate/GLints/dict_16_192_64_0p5_0p02_0018_0003.uasset" 4879
"../../../Engine/Content/EngineMaterials/Substrate/GLints/dict_16_192_64_0p5_0p02_0018_0002.uasset" 4880
"../../../Engine/Content/EngineMaterials/Substrate/GLints/dict_16_192_64_0p5_0p02_0018_0005.uasset" 4881
"../../../Engine/Content/EngineMaterials/Substrate/GLints/dict_16_192_64_0p5_0p02_0018_0008.uasset" 4882
"../../../Engine/Content/EngineMaterials/Substrate/GLints/dict_16_192_64_0p5_0p02_0018_0007.uasset" 4883
"../../../Engine/Content/EngineMaterials/Substrate/GLints/dict_16_192_64_0p5_0p02_0018_0006.uasset" 4884
"../../../Engine/Content/EngineMaterials/Substrate/GLints/dict_16_192_64_0p5_0p02_0018_0010.uasset" 4885
"../../../Engine/Content/EngineMaterials/Substrate/GLints/dict_16_192_64_0p5_0p02_0018_0009.uasset" 4886
"../../../Engine/Content/EngineMaterials/Substrate/GLints/dict_16_192_64_0p5_0p02_0018_0004.uasset" 4887
"../../../Engine/Content/EngineMaterials/Substrate/GLints/dict_16_192_64_0p5_0p02_0018_0011.uasset" 4888
"../../../Engine/Content/EngineMaterials/Substrate/GLints/dict_16_192_64_0p5_0p02_0018_0012.uasset" 4889
"../../../Engine/Content/EngineMaterials/Substrate/GLints/dict_16_192_64_0p5_0p02_0018_0013.uasset" 4890
"../../../Engine/Content/EngineMaterials/Substrate/GLints/dict_16_192_64_0p5_0p02_0018_0014.uasset" 4891
"../../../Engine/Content/EngineMaterials/Substrate/GLints/dict_16_192_64_0p5_0p02_0018_0015.uasset" 4892
"../../../Engine/Content/EngineMaterials/Substrate/GLints/dict_16_192_64_0p5_0p02_0019_0000.uasset" 4893
"../../../Engine/Content/EngineMaterials/Substrate/GLints/dict_16_192_64_0p5_0p02_0019_0002.uasset" 4894
"../../../Engine/Content/EngineMaterials/Substrate/GLints/dict_16_192_64_0p5_0p02_0019_0001.uasset" 4895
"../../../Engine/Content/EngineMaterials/Substrate/GLints/dict_16_192_64_0p5_0p02_0019_0003.uasset" 4896
"../../../Engine/Content/EngineMaterials/Substrate/GLints/dict_16_192_64_0p5_0p02_0019_0005.uasset" 4897
"../../../Engine/Content/EngineMaterials/Substrate/GLints/dict_16_192_64_0p5_0p02_0019_0004.uasset" 4898
"../../../Engine/Content/EngineMaterials/Substrate/GLints/dict_16_192_64_0p5_0p02_0019_0008.uasset" 4899
"../../../Engine/Content/EngineMaterials/Substrate/GLints/dict_16_192_64_0p5_0p02_0019_0007.uasset" 4900
"../../../Engine/Content/EngineMaterials/Substrate/GLints/dict_16_192_64_0p5_0p02_0019_0009.uasset" 4901
"../../../Engine/Content/EngineMaterials/Substrate/GLints/dict_16_192_64_0p5_0p02_0019_0011.uasset" 4902
"../../../Engine/Content/EngineMaterials/Substrate/GLints/dict_16_192_64_0p5_0p02_0019_0010.uasset" 4903
"../../../Engine/Content/EngineMaterials/Substrate/GLints/dict_16_192_64_0p5_0p02_0019_0013.uasset" 4904
"../../../Engine/Content/EngineMaterials/Substrate/GLints/dict_16_192_64_0p5_0p02_0019_0006.uasset" 4905
"../../../Engine/Content/EngineMaterials/Substrate/GLints/dict_16_192_64_0p5_0p02_0019_0012.uasset" 4906
"/Engine/EngineMaterials/Substrate/GLints/dict_16_192_64_0p5_0p02_0019_0013" 4907
"/Engine/EngineMaterials/Substrate/GLints/dict_16_192_64_0p5_0p02_0019_0012" 4908
"/Engine/EngineMaterials/Substrate/GLints/dict_16_192_64_0p5_0p02_0019_0011" 4909
"/Engine/EngineMaterials/Substrate/GLints/dict_16_192_64_0p5_0p02_0019_0010" 4910
"/Engine/EngineMaterials/Substrate/GLints/dict_16_192_64_0p5_0p02_0019_0009" 4911
"/Engine/EngineMaterials/Substrate/GLints/dict_16_192_64_0p5_0p02_0019_0008" 4912
"/Engine/EngineMaterials/Substrate/GLints/dict_16_192_64_0p5_0p02_0019_0007" 4913
"/Engine/EngineMaterials/Substrate/GLints/dict_16_192_64_0p5_0p02_0019_0006" 4914
"/Engine/EngineMaterials/Substrate/GLints/dict_16_192_64_0p5_0p02_0019_0005" 4915
"/Engine/EngineMaterials/Substrate/GLints/dict_16_192_64_0p5_0p02_0019_0004" 4916
"/Engine/EngineMaterials/Substrate/GLints/dict_16_192_64_0p5_0p02_0019_0003" 4917
"/Engine/EngineMaterials/Substrate/GLints/dict_16_192_64_0p5_0p02_0019_0002" 4918
"/Engine/EngineMaterials/Substrate/GLints/dict_16_192_64_0p5_0p02_0019_0001" 4919
"/Engine/EngineMaterials/Substrate/GLints/dict_16_192_64_0p5_0p02_0019_0000" 4920
"/Engine/EngineMaterials/Substrate/GLints/dict_16_192_64_0p5_0p02_0018_0015" 4921
"/Engine/EngineMaterials/Substrate/GLints/dict_16_192_64_0p5_0p02_0018_0014" 4922
"/Engine/EngineMaterials/Substrate/GLints/dict_16_192_64_0p5_0p02_0018_0013" 4923
"/Engine/EngineMaterials/Substrate/GLints/dict_16_192_64_0p5_0p02_0018_0012" 4924
"/Engine/EngineMaterials/Substrate/GLints/dict_16_192_64_0p5_0p02_0018_0011" 4925
"/Engine/EngineMaterials/Substrate/GLints/dict_16_192_64_0p5_0p02_0018_0010" 4926
"/Engine/EngineMaterials/Substrate/GLints/dict_16_192_64_0p5_0p02_0018_0009" 4927
"/Engine/EngineMaterials/Substrate/GLints/dict_16_192_64_0p5_0p02_0018_0008" 4928
"/Engine/EngineMaterials/Substrate/GLints/dict_16_192_64_0p5_0p02_0018_0007" 4929
"/Engine/EngineMaterials/Substrate/GLints/dict_16_192_64_0p5_0p02_0018_0006" 4930
"/Engine/EngineMaterials/Substrate/GLints/dict_16_192_64_0p5_0p02_0018_0005" 4931
"/Engine/EngineMaterials/Substrate/GLints/dict_16_192_64_0p5_0p02_0018_0004" 4932
"/Engine/EngineMaterials/Substrate/GLints/dict_16_192_64_0p5_0p02_0018_0003" 4933
"/Engine/EngineMaterials/Substrate/GLints/dict_16_192_64_0p5_0p02_0018_0002" 4934
"/Engine/EngineMaterials/Substrate/GLints/dict_16_192_64_0p5_0p02_0018_0001" 4935
"/Engine/EngineMaterials/Substrate/GLints/dict_16_192_64_0p5_0p02_0018_0000" 4936
"/Engine/EngineMaterials/Substrate/GLints/dict_16_192_64_0p5_0p02_0017_0015" 4937
"/Engine/EngineMaterials/Substrate/GLints/dict_16_192_64_0p5_0p02_0017_0014" 4938
"../../../Engine/Content/EngineMaterials/Substrate/GLints/dict_16_192_64_0p5_0p02_0019_0015.uasset" 4939
"../../../Engine/Content/EngineMaterials/Substrate/GLints/dict_16_192_64_0p5_0p02_0019_0014.uasset" 4940
"../../../Engine/Content/EngineMaterials/Substrate/GLints/dict_16_192_64_0p5_0p02_0020_0005.uasset" 4941
"../../../Engine/Content/EngineMaterials/Substrate/GLints/dict_16_192_64_0p5_0p02_0020_0008.uasset" 4942
"../../../Engine/Content/EngineMaterials/Substrate/GLints/dict_16_192_64_0p5_0p02_0020_0012.uasset" 4943
"../../../Engine/Content/EngineMaterials/Substrate/GLints/dict_16_192_64_0p5_0p02_0020_0011.uasset" 4944
"../../../Engine/Content/EngineMaterials/Substrate/GLints/dict_16_192_64_0p5_0p02_0020_0006.uasset" 4945
"../../../Engine/Content/EngineMaterials/Substrate/GLints/dict_16_192_64_0p5_0p02_0020_0007.uasset" 4946
"../../../Engine/Content/EngineMaterials/Substrate/GLints/dict_16_192_64_0p5_0p02_0020_0001.uasset" 4947
"../../../Engine/Content/EngineMaterials/Substrate/GLints/dict_16_192_64_0p5_0p02_0020_0009.uasset" 4948
"../../../Engine/Content/EngineMaterials/Substrate/GLints/dict_16_192_64_0p5_0p02_0020_0013.uasset" 4949
"../../../Engine/Content/EngineMaterials/Substrate/GLints/dict_16_192_64_0p5_0p02_0020_0000.uasset" 4950
"../../../Engine/Content/EngineMaterials/Substrate/GLints/dict_16_192_64_0p5_0p02_0020_0010.uasset" 4951
"../../../Engine/Content/EngineMaterials/Substrate/GLints/dict_16_192_64_0p5_0p02_0021_0000.uasset" 4952
"../../../Engine/Content/EngineMaterials/Substrate/GLints/dict_16_192_64_0p5_0p02_0021_0001.uasset" 4953
"../../../Engine/Content/EngineMaterials/Substrate/GLints/dict_16_192_64_0p5_0p02_0021_0002.uasset" 4954
"../../../Engine/Content/EngineMaterials/Substrate/GLints/dict_16_192_64_0p5_0p02_0020_0004.uasset" 4955
"../../../Engine/Content/EngineMaterials/Substrate/GLints/dict_16_192_64_0p5_0p02_0020_0002.uasset" 4956
"../../../Engine/Content/EngineMaterials/Substrate/GLints/dict_16_192_64_0p5_0p02_0020_0003.uasset" 4957
"../../../Engine/Content/EngineMaterials/Substrate/GLints/dict_16_192_64_0p5_0p02_0020_0014.uasset" 4958
"../../../Engine/Content/EngineMaterials/Substrate/GLints/dict_16_192_64_0p5_0p02_0021_0005.uasset" 4959
"../../../Engine/Content/EngineMaterials/Substrate/GLints/dict_16_192_64_0p5_0p02_0021_0007.uasset" 4960
"../../../Engine/Content/EngineMaterials/Substrate/GLints/dict_16_192_64_0p5_0p02_0021_0008.uasset" 4961
"../../../Engine/Content/EngineMaterials/Substrate/GLints/dict_16_192_64_0p5_0p02_0021_0012.uasset" 4962
"../../../Engine/Content/EngineMaterials/Substrate/GLints/dict_16_192_64_0p5_0p02_0021_0011.uasset" 4963
"../../../Engine/Content/EngineMaterials/Substrate/GLints/dict_16_192_64_0p5_0p02_0021_0013.uasset" 4964
"../../../Engine/Content/EngineMaterials/Substrate/GLints/dict_16_192_64_0p5_0p02_0021_0004.uasset" 4965
"../../../Engine/Content/EngineMaterials/Substrate/GLints/dict_16_192_64_0p5_0p02_0021_0009.uasset" 4966
"../../../Engine/Content/EngineMaterials/Substrate/GLints/dict_16_192_64_0p5_0p02_0020_0015.uasset" 4967
"../../../Engine/Content/EngineMaterials/Substrate/GLints/dict_16_192_64_0p5_0p02_0021_0003.uasset" 4968
"../../../Engine/Content/EngineMaterials/Substrate/GLints/dict_16_192_64_0p5_0p02_0021_0010.uasset" 4969
"../../../Engine/Content/EngineMaterials/Substrate/GLints/dict_16_192_64_0p5_0p02_0021_0006.uasset" 4970
"/Engine/EngineMaterials/Substrate/GLints/dict_16_192_64_0p5_0p02_0021_0013" 4971
"/Engine/EngineMaterials/Substrate/GLints/dict_16_192_64_0p5_0p02_0021_0012" 4972
"/Engine/EngineMaterials/Substrate/GLints/dict_16_192_64_0p5_0p02_0021_0011" 4973
"/Engine/EngineMaterials/Substrate/GLints/dict_16_192_64_0p5_0p02_0021_0010" 4974
"/Engine/EngineMaterials/Substrate/GLints/dict_16_192_64_0p5_0p02_0021_0009" 4975
"/Engine/EngineMaterials/Substrate/GLints/dict_16_192_64_0p5_0p02_0021_0008" 4976
"/Engine/EngineMaterials/Substrate/GLints/dict_16_192_64_0p5_0p02_0021_0007" 4977
"/Engine/EngineMaterials/Substrate/GLints/dict_16_192_64_0p5_0p02_0021_0006" 4978
"/Engine/EngineMaterials/Substrate/GLints/dict_16_192_64_0p5_0p02_0021_0005" 4979
"/Engine/EngineMaterials/Substrate/GLints/dict_16_192_64_0p5_0p02_0021_0004" 4980
"/Engine/EngineMaterials/Substrate/GLints/dict_16_192_64_0p5_0p02_0021_0003" 4981
"/Engine/EngineMaterials/Substrate/GLints/dict_16_192_64_0p5_0p02_0021_0002" 4982
"/Engine/EngineMaterials/Substrate/GLints/dict_16_192_64_0p5_0p02_0021_0001" 4983
"/Engine/EngineMaterials/Substrate/GLints/dict_16_192_64_0p5_0p02_0021_0000" 4984
"/Engine/EngineMaterials/Substrate/GLints/dict_16_192_64_0p5_0p02_0020_0015" 4985
"/Engine/EngineMaterials/Substrate/GLints/dict_16_192_64_0p5_0p02_0020_0014" 4986
"/Engine/EngineMaterials/Substrate/GLints/dict_16_192_64_0p5_0p02_0020_0013" 4987
"/Engine/EngineMaterials/Substrate/GLints/dict_16_192_64_0p5_0p02_0020_0012" 4988
"/Engine/EngineMaterials/Substrate/GLints/dict_16_192_64_0p5_0p02_0020_0011" 4989
"/Engine/EngineMaterials/Substrate/GLints/dict_16_192_64_0p5_0p02_0020_0010" 4990
"/Engine/EngineMaterials/Substrate/GLints/dict_16_192_64_0p5_0p02_0020_0009" 4991
"/Engine/EngineMaterials/Substrate/GLints/dict_16_192_64_0p5_0p02_0020_0008" 4992
"/Engine/EngineMaterials/Substrate/GLints/dict_16_192_64_0p5_0p02_0020_0007" 4993
"/Engine/EngineMaterials/Substrate/GLints/dict_16_192_64_0p5_0p02_0020_0006" 4994
"/Engine/EngineMaterials/Substrate/GLints/dict_16_192_64_0p5_0p02_0020_0005" 4995
"/Engine/EngineMaterials/Substrate/GLints/dict_16_192_64_0p5_0p02_0020_0004" 4996
"/Engine/EngineMaterials/Substrate/GLints/dict_16_192_64_0p5_0p02_0020_0003" 4997
"/Engine/EngineMaterials/Substrate/GLints/dict_16_192_64_0p5_0p02_0020_0002" 4998
"/Engine/EngineMaterials/Substrate/GLints/dict_16_192_64_0p5_0p02_0020_0001" 4999
"/Engine/EngineMaterials/Substrate/GLints/dict_16_192_64_0p5_0p02_0020_0000" 5000
"/Engine/EngineMaterials/Substrate/GLints/dict_16_192_64_0p5_0p02_0019_0015" 5001
"/Engine/EngineMaterials/Substrate/GLints/dict_16_192_64_0p5_0p02_0019_0014" 5002
"../../../Engine/Content/EngineMaterials/Substrate/GLints/dict_16_192_64_0p5_0p02_0021_0014.uasset" 5003
"../../../Engine/Content/EngineMaterials/Substrate/GLints/dict_16_192_64_0p5_0p02_0022_0000.uasset" 5004
"../../../Engine/Content/EngineMaterials/Substrate/GLints/dict_16_192_64_0p5_0p02_0021_0015.uasset" 5005
"../../../Engine/Content/EngineMaterials/Substrate/GLints/dict_16_192_64_0p5_0p02_0022_0003.uasset" 5006
"../../../Engine/Content/EngineMaterials/Substrate/GLints/dict_16_192_64_0p5_0p02_0022_0002.uasset" 5007
"../../../Engine/Content/EngineMaterials/Substrate/GLints/dict_16_192_64_0p5_0p02_0022_0001.uasset" 5008
"../../../Engine/Content/EngineMaterials/Substrate/GLints/dict_16_192_64_0p5_0p02_0022_0004.uasset" 5009
"../../../Engine/Content/EngineMaterials/Substrate/GLints/dict_16_192_64_0p5_0p02_0022_0008.uasset" 5010
"../../../Engine/Content/EngineMaterials/Substrate/GLints/dict_16_192_64_0p5_0p02_0022_0005.uasset" 5011
"../../../Engine/Content/EngineMaterials/Substrate/GLints/dict_16_192_64_0p5_0p02_0022_0010.uasset" 5012
"../../../Engine/Content/EngineMaterials/Substrate/GLints/dict_16_192_64_0p5_0p02_0022_0006.uasset" 5013
"../../../Engine/Content/EngineMaterials/Substrate/GLints/dict_16_192_64_0p5_0p02_0022_0007.uasset" 5014
"../../../Engine/Content/EngineMaterials/Substrate/GLints/dict_16_192_64_0p5_0p02_0022_0011.uasset" 5015
"../../../Engine/Content/EngineMaterials/Substrate/GLints/dict_16_192_64_0p5_0p02_0022_0012.uasset" 5016
"../../../Engine/Content/EngineMaterials/Substrate/GLints/dict_16_192_64_0p5_0p02_0022_0009.uasset" 5017
"../../../Engine/Content/EngineMaterials/Substrate/GLints/dict_16_192_64_0p5_0p02_0022_0013.uasset" 5018
"../../../Engine/Content/EngineMaterials/Substrate/GLints/dict_16_192_64_0p5_0p02_0022_0014.uasset" 5019
"../../../Engine/Content/EngineMaterials/Substrate/GLints/dict_16_192_64_0p5_0p02_0022_0015.uasset" 5020
"../../../Engine/Content/EngineMaterials/Substrate/GLints/dict_16_192_64_0p5_0p02_0023_0000.uasset" 5021
"../../../Engine/Content/EngineMaterials/Substrate/GLints/dict_16_192_64_0p5_0p02_0023_0001.uasset" 5022
"../../../Engine/Content/EngineMaterials/Substrate/GLints/dict_16_192_64_0p5_0p02_0023_0002.uasset" 5023
"../../../Engine/Content/EngineMaterials/Substrate/GLints/dict_16_192_64_0p5_0p02_0023_0003.uasset" 5024
"../../../Engine/Content/EngineMaterials/Substrate/GLints/dict_16_192_64_0p5_0p02_0023_0004.uasset" 5025
"../../../Engine/Content/EngineMaterials/Substrate/GLints/dict_16_192_64_0p5_0p02_0023_0005.uasset" 5026
"../../../Engine/Content/EngineMaterials/Substrate/GLints/dict_16_192_64_0p5_0p02_0023_0006.uasset" 5027
"../../../Engine/Content/EngineMaterials/Substrate/GLints/dict_16_192_64_0p5_0p02_0023_0009.uasset" 5028
"../../../Engine/Content/EngineMaterials/Substrate/GLints/dict_16_192_64_0p5_0p02_0023_0008.uasset" 5029
"../../../Engine/Content/EngineMaterials/Substrate/GLints/dict_16_192_64_0p5_0p02_0023_0007.uasset" 5030
"../../../Engine/Content/EngineMaterials/Substrate/GLints/dict_16_192_64_0p5_0p02_0023_0011.uasset" 5031
"../../../Engine/Content/EngineMaterials/Substrate/GLints/dict_16_192_64_0p5_0p02_0023_0010.uasset" 5032
"../../../Engine/Content/EngineMaterials/Substrate/GLints/dict_16_192_64_0p5_0p02_0023_0012.uasset" 5033
"../../../Engine/Content/EngineMaterials/Substrate/GLints/dict_16_192_64_0p5_0p02_0023_0013.uasset" 5034
"S:/GitHub/massey-unreal-2/Orbital/DerivedDataCache/VT/TEXTURE_7C16439390E24F1F9468894FB4D4BC55_VTCHUNK19B4DB6DBF97F540497AAB93CCD1A3D05FA47A9C" 5035
"S:/GitHub/massey-unreal-2/Orbital/DerivedDataCache/VT/TEXTURE_7C16439390E24F1F9468894FB4D4BC55_VTCHUNK967C747FFC357A828288FA05D93CD5DCECDA891B" 5036
"S:/GitHub/massey-unreal-2/Orbital/DerivedDataCache/VT/TEXTURE_7C16439390E24F1F9468894FB4D4BC55_VTCHUNKB29676229F990C00F36741D2BAB338182AD67DD5" 5037
"S:/GitHub/massey-unreal-2/Orbital/DerivedDataCache/VT/TEXTURE_7C16439390E24F1F9468894FB4D4BC55_VTCHUNK8FDC1CFA04F6290AE00DF8C4AFFE5E62E9CE11A1" 5038
"S:/GitHub/massey-unreal-2/Orbital/DerivedDataCache/VT/TEXTURE_7C16439390E24F1F9468894FB4D4BC55_VTCHUNK02D4C3BCAD7DFA48AB32B8281FB06B8B83DB6275" 5039
"/Engine/EngineMaterials/Substrate/GLints/dict_16_192_64_0p5_0p02_0023_0013" 5040
"/Engine/EngineMaterials/Substrate/GLints/dict_16_192_64_0p5_0p02_0023_0012" 5041
"/Engine/EngineMaterials/Substrate/GLints/dict_16_192_64_0p5_0p02_0023_0011" 5042
"/Engine/EngineMaterials/Substrate/GLints/dict_16_192_64_0p5_0p02_0023_0010" 5043
"/Engine/EngineMaterials/Substrate/GLints/dict_16_192_64_0p5_0p02_0023_0009" 5044
"/Engine/EngineMaterials/Substrate/GLints/dict_16_192_64_0p5_0p02_0023_0008" 5045
"/Engine/EngineMaterials/Substrate/GLints/dict_16_192_64_0p5_0p02_0023_0007" 5046
"/Engine/EngineMaterials/Substrate/GLints/dict_16_192_64_0p5_0p02_0023_0006" 5047
"/Engine/EngineMaterials/Substrate/GLints/dict_16_192_64_0p5_0p02_0023_0005" 5048
"/Engine/EngineMaterials/Substrate/GLints/dict_16_192_64_0p5_0p02_0023_0004" 5049
"/Engine/EngineMaterials/Substrate/GLints/dict_16_192_64_0p5_0p02_0023_0003" 5050
"/Engine/EngineMaterials/Substrate/GLints/dict_16_192_64_0p5_0p02_0023_0002" 5051
"/Engine/EngineMaterials/Substrate/GLints/dict_16_192_64_0p5_0p02_0023_0001" 5052
"/Engine/EngineMaterials/Substrate/GLints/dict_16_192_64_0p5_0p02_0023_0000" 5053
"/Engine/EngineMaterials/Substrate/GLints/dict_16_192_64_0p5_0p02_0022_0015" 5054
"/Engine/EngineMaterials/Substrate/GLints/dict_16_192_64_0p5_0p02_0022_0014" 5055
"/Engine/EngineMaterials/Substrate/GLints/dict_16_192_64_0p5_0p02_0022_0013" 5056
"/Engine/EngineMaterials/Substrate/GLints/dict_16_192_64_0p5_0p02_0022_0012" 5057
"/Engine/EngineMaterials/Substrate/GLints/dict_16_192_64_0p5_0p02_0022_0011" 5058
"/Engine/EngineMaterials/Substrate/GLints/dict_16_192_64_0p5_0p02_0022_0010" 5059
"/Engine/EngineMaterials/Substrate/GLints/dict_16_192_64_0p5_0p02_0022_0009" 5060
"/Engine/EngineMaterials/Substrate/GLints/dict_16_192_64_0p5_0p02_0022_0008" 5061
"/Engine/EngineMaterials/Substrate/GLints/dict_16_192_64_0p5_0p02_0022_0007" 5062
"/Engine/EngineMaterials/Substrate/GLints/dict_16_192_64_0p5_0p02_0022_0006" 5063
"/Engine/EngineMaterials/Substrate/GLints/dict_16_192_64_0p5_0p02_0022_0005" 5064
"/Engine/EngineMaterials/Substrate/GLints/dict_16_192_64_0p5_0p02_0022_0004" 5065
"/Engine/EngineMaterials/Substrate/GLints/dict_16_192_64_0p5_0p02_0022_0003" 5066
"/Engine/EngineMaterials/Substrate/GLints/dict_16_192_64_0p5_0p02_0022_0002" 5067
"/Engine/EngineMaterials/Substrate/GLints/dict_16_192_64_0p5_0p02_0022_0001" 5068
"/Engine/EngineMaterials/Substrate/GLints/dict_16_192_64_0p5_0p02_0022_0000" 5069
"/Engine/EngineMaterials/Substrate/GLints/dict_16_192_64_0p5_0p02_0021_0015" 5070
"/Engine/EngineMaterials/Substrate/GLints/dict_16_192_64_0p5_0p02_0021_0014" 5071
"../../../Engine/Content/EngineMaterials/Substrate/GLints/dict_16_192_64_0p5_0p02_0023_0014.uasset" 5072
"../../../Engine/Content/EngineMaterials/Substrate/GLints/dict_16_192_64_0p5_0p02_0023_0015.uasset" 5073
"../../../Engine/Content/EngineMaterials/Substrate/GLints/dict_16_192_64_0p5_0p02_0024_0000.uasset" 5074
"../../../Engine/Content/EngineMaterials/Substrate/GLints/dict_16_192_64_0p5_0p02_0024_0001.uasset" 5075
"/Engine/EngineMaterials/Substrate/GLints/dict_16_192_64_0p5_0p02_0023_0014" 5076
"../../../Engine/Content/EngineMaterials/Substrate/GLints/dict_16_192_64_0p5_0p02_0024_0002.uasset" 5077
"../../../Engine/Content/EngineMaterials/Substrate/GLints/dict_16_192_64_0p5_0p02_0024_0004.uasset" 5078
"../../../Engine/Content/EngineMaterials/Substrate/GLints/dict_16_192_64_0p5_0p02_0024_0003.uasset" 5079
"../../../Engine/Content/EngineMaterials/Substrate/GLints/dict_16_192_64_0p5_0p02_0024_0009.uasset" 5080
"../../../Engine/Content/EngineMaterials/Substrate/GLints/dict_16_192_64_0p5_0p02_0024_0006.uasset" 5081
"../../../Engine/Content/EngineMaterials/Substrate/GLints/dict_16_192_64_0p5_0p02_0024_0011.uasset" 5082
"../../../Engine/Content/EngineMaterials/Substrate/GLints/dict_16_192_64_0p5_0p02_0024_0005.uasset" 5083
"../../../Engine/Content/EngineMaterials/Substrate/GLints/dict_16_192_64_0p5_0p02_0024_0008.uasset" 5084
"../../../Engine/Content/EngineMaterials/Substrate/GLints/dict_16_192_64_0p5_0p02_0024_0007.uasset" 5085
"../../../Engine/Content/EngineMaterials/Substrate/GLints/dict_16_192_64_0p5_0p02_0024_0010.uasset" 5086
"../../../Engine/Content/EngineMaterials/Substrate/GLints/dict_16_192_64_0p5_0p02_0024_0012.uasset" 5087
"../../../Engine/Content/EngineMaterials/Substrate/GLints/dict_16_192_64_0p5_0p02_0024_0013.uasset" 5088
"../../../Engine/Content/EngineMaterials/Substrate/GLints/dict_16_192_64_0p5_0p02_0024_0014.uasset" 5089
"../../../Engine/Content/EngineMaterials/Substrate/GLints/dict_16_192_64_0p5_0p02_0024_0015.uasset" 5090
"../../../Engine/Content/EngineMaterials/Substrate/GLints/dict_16_192_64_0p5_0p02_0025_0000.uasset" 5091
"../../../Engine/Content/EngineMaterials/Substrate/GLints/dict_16_192_64_0p5_0p02_0025_0001.uasset" 5092
"../../../Engine/Content/EngineMaterials/Substrate/GLints/dict_16_192_64_0p5_0p02_0025_0002.uasset" 5093
"/Engine/EngineMaterials/Substrate/GLints/dict_16_192_64_0p5_0p02_0024_0014" 5094
"../../../Engine/Content/EngineMaterials/Substrate/GLints/dict_16_192_64_0p5_0p02_0025_0004.uasset" 5095
"../../../Engine/Content/EngineMaterials/Substrate/GLints/dict_16_192_64_0p5_0p02_0025_0003.uasset" 5096
"../../../Engine/Content/EngineMaterials/Substrate/GLints/dict_16_192_64_0p5_0p02_0025_0005.uasset" 5097
"../../../Engine/Content/EngineMaterials/Substrate/GLints/dict_16_192_64_0p5_0p02_0025_0006.uasset" 5098
"../../../Engine/Content/EngineMaterials/Substrate/GLints/dict_16_192_64_0p5_0p02_0025_0007.uasset" 5099
"../../../Engine/Content/EngineMaterials/Substrate/GLints/dict_16_192_64_0p5_0p02_0025_0009.uasset" 5100
"../../../Engine/Content/EngineMaterials/Substrate/GLints/dict_16_192_64_0p5_0p02_0025_0008.uasset" 5101
"../../../Engine/Content/EngineMaterials/Substrate/GLints/dict_16_192_64_0p5_0p02_0025_0012.uasset" 5102
"../../../Engine/Content/EngineMaterials/Substrate/GLints/dict_16_192_64_0p5_0p02_0025_0010.uasset" 5103
"../../../Engine/Content/EngineMaterials/Substrate/GLints/dict_16_192_64_0p5_0p02_0025_0014.uasset" 5104
"../../../Engine/Content/EngineMaterials/Substrate/GLints/dict_16_192_64_0p5_0p02_0025_0011.uasset" 5105
"../../../Engine/Content/EngineMaterials/Substrate/GLints/dict_16_192_64_0p5_0p02_0025_0013.uasset" 5106
"/Engine/EngineMaterials/Substrate/GLints/dict_16_192_64_0p5_0p02_0024_0013" 5107
"/Engine/EngineMaterials/Substrate/GLints/dict_16_192_64_0p5_0p02_0024_0012" 5108
"/Engine/EngineMaterials/Substrate/GLints/dict_16_192_64_0p5_0p02_0024_0011" 5109
"/Engine/EngineMaterials/Substrate/GLints/dict_16_192_64_0p5_0p02_0024_0010" 5110
"/Engine/EngineMaterials/Substrate/GLints/dict_16_192_64_0p5_0p02_0024_0009" 5111
"/Engine/EngineMaterials/Substrate/GLints/dict_16_192_64_0p5_0p02_0024_0008" 5112
"/Engine/EngineMaterials/Substrate/GLints/dict_16_192_64_0p5_0p02_0024_0007" 5113
"/Engine/EngineMaterials/Substrate/GLints/dict_16_192_64_0p5_0p02_0024_0006" 5114
"/Engine/EngineMaterials/Substrate/GLints/dict_16_192_64_0p5_0p02_0024_0005" 5115
"/Engine/EngineMaterials/Substrate/GLints/dict_16_192_64_0p5_0p02_0024_0004" 5116
"/Engine/EngineMaterials/Substrate/GLints/dict_16_192_64_0p5_0p02_0024_0003" 5117
"/Engine/EngineMaterials/Substrate/GLints/dict_16_192_64_0p5_0p02_0024_0002" 5118
"/Engine/EngineMaterials/Substrate/GLints/dict_16_192_64_0p5_0p02_0024_0001" 5119
"/Engine/EngineMaterials/Substrate/GLints/dict_16_192_64_0p5_0p02_0024_0000" 5120
"/Engine/EngineMaterials/Substrate/GLints/dict_16_192_64_0p5_0p02_0023_0015" 5121
"/Engine/EngineMaterials/Substrate/GLints/dict_16_192_64_0p5_0p02_0025_0013" 5122
"../../../Engine/Content/EngineMaterials/Substrate/GLints/dict_16_192_64_0p5_0p02_0025_0015.uasset" 5123
"../../../Engine/Content/EngineMaterials/Substrate/GLints/dict_16_192_64_0p5_0p02_0026_0000.uasset" 5124
"../../../Engine/Content/EngineMaterials/Substrate/GLints/dict_16_192_64_0p5_0p02_0026_0001.uasset" 5125
"/Engine/EngineMaterials/Substrate/GLints/dict_16_192_64_0p5_0p02_0025_0012" 5126
"../../../Engine/Content/EngineMaterials/Substrate/GLints/dict_16_192_64_0p5_0p02_0026_0002.uasset" 5127
"../../../Engine/Content/EngineMaterials/Substrate/GLints/dict_16_192_64_0p5_0p02_0026_0003.uasset" 5128
"../../../Engine/Content/EngineMaterials/Substrate/GLints/dict_16_192_64_0p5_0p02_0026_0006.uasset" 5129
"../../../Engine/Content/EngineMaterials/Substrate/GLints/dict_16_192_64_0p5_0p02_0026_0009.uasset" 5130
"../../../Engine/Content/EngineMaterials/Substrate/GLints/dict_16_192_64_0p5_0p02_0026_0008.uasset" 5131
"../../../Engine/Content/EngineMaterials/Substrate/GLints/dict_16_192_64_0p5_0p02_0026_0004.uasset" 5132
"../../../Engine/Content/EngineMaterials/Substrate/GLints/dict_16_192_64_0p5_0p02_0026_0011.uasset" 5133
"../../../Engine/Content/EngineMaterials/Substrate/GLints/dict_16_192_64_0p5_0p02_0026_0007.uasset" 5134
"../../../Engine/Content/EngineMaterials/Substrate/GLints/dict_16_192_64_0p5_0p02_0026_0012.uasset" 5135
"../../../Engine/Content/EngineMaterials/Substrate/GLints/dict_16_192_64_0p5_0p02_0026_0013.uasset" 5136
"../../../Engine/Content/EngineMaterials/Substrate/GLints/dict_16_192_64_0p5_0p02_0026_0010.uasset" 5137
"../../../Engine/Content/EngineMaterials/Substrate/GLints/dict_16_192_64_0p5_0p02_0026_0014.uasset" 5138
"../../../Engine/Content/EngineMaterials/Substrate/GLints/dict_16_192_64_0p5_0p02_0026_0005.uasset" 5139
"/Engine/EngineMaterials/Substrate/GLints/dict_16_192_64_0p5_0p02_0025_0011" 5140
"/Engine/EngineMaterials/Substrate/GLints/dict_16_192_64_0p5_0p02_0025_0010" 5141
"/Engine/EngineMaterials/Substrate/GLints/dict_16_192_64_0p5_0p02_0025_0009" 5142
"/Engine/EngineMaterials/Substrate/GLints/dict_16_192_64_0p5_0p02_0025_0008" 5143
"/Engine/EngineMaterials/Substrate/GLints/dict_16_192_64_0p5_0p02_0025_0007" 5144
"/Engine/EngineMaterials/Substrate/GLints/dict_16_192_64_0p5_0p02_0025_0006" 5145
"/Engine/EngineMaterials/Substrate/GLints/dict_16_192_64_0p5_0p02_0025_0005" 5146
"/Engine/EngineMaterials/Substrate/GLints/dict_16_192_64_0p5_0p02_0025_0004" 5147
"/Engine/EngineMaterials/Substrate/GLints/dict_16_192_64_0p5_0p02_0025_0003" 5148
"/Engine/EngineMaterials/Substrate/GLints/dict_16_192_64_0p5_0p02_0025_0002" 5149
"/Engine/EngineMaterials/Substrate/GLints/dict_16_192_64_0p5_0p02_0025_0001" 5150
"/Engine/EngineMaterials/Substrate/GLints/dict_16_192_64_0p5_0p02_0025_0000" 5151
"/Engine/EngineMaterials/Substrate/GLints/dict_16_192_64_0p5_0p02_0024_0015" 5152
"/Engine/EngineMaterials/Substrate/GLints/dict_16_192_64_0p5_0p02_0025_0014" 5153
"/Engine/EngineMaterials/Substrate/GLints/dict_16_192_64_0p5_0p02_0026_0014" 5154
"../../../Engine/Content/EngineMaterials/Substrate/GLints/dict_16_192_64_0p5_0p02_0027_0000.uasset" 5155
"../../../Engine/Content/EngineMaterials/Substrate/GLints/dict_16_192_64_0p5_0p02_0026_0015.uasset" 5156
"../../../Engine/Content/EngineMaterials/Substrate/GLints/dict_16_192_64_0p5_0p02_0027_0001.uasset" 5157
"../../../Engine/Content/EngineMaterials/Substrate/GLints/dict_16_192_64_0p5_0p02_0027_0002.uasset" 5158
"/Engine/EngineMaterials/Substrate/GLints/dict_16_192_64_0p5_0p02_0026_0013" 5159
"../../../Engine/Content/EngineMaterials/Substrate/GLints/dict_16_192_64_0p5_0p02_0027_0003.uasset" 5160
"../../../Engine/Content/EngineMaterials/Substrate/GLints/dict_16_192_64_0p5_0p02_0027_0005.uasset" 5161
"../../../Engine/Content/EngineMaterials/Substrate/GLints/dict_16_192_64_0p5_0p02_0027_0008.uasset" 5162
"../../../Engine/Content/EngineMaterials/Substrate/GLints/dict_16_192_64_0p5_0p02_0027_0004.uasset" 5163
"../../../Engine/Content/EngineMaterials/Substrate/GLints/dict_16_192_64_0p5_0p02_0027_0009.uasset" 5164
"../../../Engine/Content/EngineMaterials/Substrate/GLints/dict_16_192_64_0p5_0p02_0027_0010.uasset" 5165
"../../../Engine/Content/EngineMaterials/Substrate/GLints/dict_16_192_64_0p5_0p02_0027_0006.uasset" 5166
"../../../Engine/Content/EngineMaterials/Substrate/GLints/dict_16_192_64_0p5_0p02_0027_0013.uasset" 5167
"../../../Engine/Content/EngineMaterials/Substrate/GLints/dict_16_192_64_0p5_0p02_0027_0012.uasset" 5168
"../../../Engine/Content/EngineMaterials/Substrate/GLints/dict_16_192_64_0p5_0p02_0027_0014.uasset" 5169
"../../../Engine/Content/EngineMaterials/Substrate/GLints/dict_16_192_64_0p5_0p02_0027_0011.uasset" 5170
"../../../Engine/Content/EngineMaterials/Substrate/GLints/dict_16_192_64_0p5_0p02_0027_0007.uasset" 5171
"/Engine/EngineMaterials/Substrate/GLints/dict_16_192_64_0p5_0p02_0026_0012" 5172
"/Engine/EngineMaterials/Substrate/GLints/dict_16_192_64_0p5_0p02_0026_0011" 5173
"/Engine/EngineMaterials/Substrate/GLints/dict_16_192_64_0p5_0p02_0026_0010" 5174
"/Engine/EngineMaterials/Substrate/GLints/dict_16_192_64_0p5_0p02_0026_0009" 5175
"/Engine/EngineMaterials/Substrate/GLints/dict_16_192_64_0p5_0p02_0026_0008" 5176
"/Engine/EngineMaterials/Substrate/GLints/dict_16_192_64_0p5_0p02_0026_0007" 5177
"/Engine/EngineMaterials/Substrate/GLints/dict_16_192_64_0p5_0p02_0026_0006" 5178
"/Engine/EngineMaterials/Substrate/GLints/dict_16_192_64_0p5_0p02_0026_0005" 5179
"/Engine/EngineMaterials/Substrate/GLints/dict_16_192_64_0p5_0p02_0026_0004" 5180
"/Engine/EngineMaterials/Substrate/GLints/dict_16_192_64_0p5_0p02_0026_0003" 5181
"/Engine/EngineMaterials/Substrate/GLints/dict_16_192_64_0p5_0p02_0026_0002" 5182
"/Engine/EngineMaterials/Substrate/GLints/dict_16_192_64_0p5_0p02_0026_0001" 5183
"/Engine/EngineMaterials/Substrate/GLints/dict_16_192_64_0p5_0p02_0026_0000" 5184
"/Engine/EngineMaterials/Substrate/GLints/dict_16_192_64_0p5_0p02_0025_0015" 5185
"/Engine/EngineMaterials/Substrate/GLints/dict_16_192_64_0p5_0p02_0027_0014" 5186
"../../../Engine/Content/EngineMaterials/Substrate/GLints/dict_16_192_64_0p5_0p02_0027_0015.uasset" 5187
"../../../Engine/Content/EngineMaterials/Substrate/GLints/dict_16_192_64_0p5_0p02_0028_0000.uasset" 5188
"../../../Engine/Content/EngineMaterials/Substrate/GLints/dict_16_192_64_0p5_0p02_0028_0001.uasset" 5189
"../../../Engine/Content/EngineMaterials/Substrate/GLints/dict_16_192_64_0p5_0p02_0028_0002.uasset" 5190
"/Engine/EngineMaterials/Substrate/GLints/dict_16_192_64_0p5_0p02_0027_0013" 5191
"../../../Engine/Content/EngineMaterials/Substrate/GLints/dict_16_192_64_0p5_0p02_0028_0005.uasset" 5192
"../../../Engine/Content/EngineMaterials/Substrate/GLints/dict_16_192_64_0p5_0p02_0028_0004.uasset" 5193
"../../../Engine/Content/EngineMaterials/Substrate/GLints/dict_16_192_64_0p5_0p02_0028_0007.uasset" 5194
"../../../Engine/Content/EngineMaterials/Substrate/GLints/dict_16_192_64_0p5_0p02_0028_0008.uasset" 5195
"../../../Engine/Content/EngineMaterials/Substrate/GLints/dict_16_192_64_0p5_0p02_0028_0012.uasset" 5196
"../../../Engine/Content/EngineMaterials/Substrate/GLints/dict_16_192_64_0p5_0p02_0028_0011.uasset" 5197
"../../../Engine/Content/EngineMaterials/Substrate/GLints/dict_16_192_64_0p5_0p02_0028_0003.uasset" 5198
"../../../Engine/Content/EngineMaterials/Substrate/GLints/dict_16_192_64_0p5_0p02_0028_0009.uasset" 5199
"../../../Engine/Content/EngineMaterials/Substrate/GLints/dict_16_192_64_0p5_0p02_0028_0006.uasset" 5200
"../../../Engine/Content/EngineMaterials/Substrate/GLints/dict_16_192_64_0p5_0p02_0028_0014.uasset" 5201
"../../../Engine/Content/EngineMaterials/Substrate/GLints/dict_16_192_64_0p5_0p02_0028_0010.uasset" 5202
"../../../Engine/Content/EngineMaterials/Substrate/GLints/dict_16_192_64_0p5_0p02_0028_0013.uasset" 5203
"/Engine/EngineMaterials/Substrate/GLints/dict_16_192_64_0p5_0p02_0027_0012" 5204
"/Engine/EngineMaterials/Substrate/GLints/dict_16_192_64_0p5_0p02_0027_0011" 5205
"/Engine/EngineMaterials/Substrate/GLints/dict_16_192_64_0p5_0p02_0027_0010" 5206
"/Engine/EngineMaterials/Substrate/GLints/dict_16_192_64_0p5_0p02_0027_0009" 5207
"/Engine/EngineMaterials/Substrate/GLints/dict_16_192_64_0p5_0p02_0027_0008" 5208
"/Engine/EngineMaterials/Substrate/GLints/dict_16_192_64_0p5_0p02_0027_0007" 5209
"/Engine/EngineMaterials/Substrate/GLints/dict_16_192_64_0p5_0p02_0027_0006" 5210
"/Engine/EngineMaterials/Substrate/GLints/dict_16_192_64_0p5_0p02_0027_0005" 5211
"/Engine/EngineMaterials/Substrate/GLints/dict_16_192_64_0p5_0p02_0027_0004" 5212
"/Engine/EngineMaterials/Substrate/GLints/dict_16_192_64_0p5_0p02_0027_0003" 5213
"/Engine/EngineMaterials/Substrate/GLints/dict_16_192_64_0p5_0p02_0027_0002" 5214
"/Engine/EngineMaterials/Substrate/GLints/dict_16_192_64_0p5_0p02_0027_0001" 5215
"/Engine/EngineMaterials/Substrate/GLints/dict_16_192_64_0p5_0p02_0027_0000" 5216
"/Engine/EngineMaterials/Substrate/GLints/dict_16_192_64_0p5_0p02_0026_0015" 5217
"/Engine/EngineMaterials/Substrate/GLints/dict_16_192_64_0p5_0p02_0028_0014" 5218
"../../../Engine/Content/EngineMaterials/Substrate/GLints/dict_16_192_64_0p5_0p02_0028_0015.uasset" 5219
"../../../Engine/Content/EngineMaterials/Substrate/GLints/dict_16_192_64_0p5_0p02_0029_0000.uasset" 5220
"../../../Engine/Content/EngineMaterials/Substrate/GLints/dict_16_192_64_0p5_0p02_0029_0001.uasset" 5221
"/Engine/EngineMaterials/Substrate/GLints/dict_16_192_64_0p5_0p02_0028_0013" 5222
"../../../Engine/Content/EngineMaterials/Substrate/GLints/dict_16_192_64_0p5_0p02_0029_0003.uasset" 5223
"../../../Engine/Content/EngineMaterials/Substrate/GLints/dict_16_192_64_0p5_0p02_0029_0007.uasset" 5224
"../../../Engine/Content/EngineMaterials/Substrate/GLints/dict_16_192_64_0p5_0p02_0029_0005.uasset" 5225
"../../../Engine/Content/EngineMaterials/Substrate/GLints/dict_16_192_64_0p5_0p02_0029_0010.uasset" 5226
"../../../Engine/Content/EngineMaterials/Substrate/GLints/dict_16_192_64_0p5_0p02_0029_0011.uasset" 5227
"../../../Engine/Content/EngineMaterials/Substrate/GLints/dict_16_192_64_0p5_0p02_0029_0012.uasset" 5228
"../../../Engine/Content/EngineMaterials/Substrate/GLints/dict_16_192_64_0p5_0p02_0029_0006.uasset" 5229
"../../../Engine/Content/EngineMaterials/Substrate/GLints/dict_16_192_64_0p5_0p02_0029_0004.uasset" 5230
"../../../Engine/Content/EngineMaterials/Substrate/GLints/dict_16_192_64_0p5_0p02_0029_0009.uasset" 5231
"../../../Engine/Content/EngineMaterials/Substrate/GLints/dict_16_192_64_0p5_0p02_0029_0013.uasset" 5232
"../../../Engine/Content/EngineMaterials/Substrate/GLints/dict_16_192_64_0p5_0p02_0029_0014.uasset" 5233
"../../../Engine/Content/EngineMaterials/Substrate/GLints/dict_16_192_64_0p5_0p02_0029_0008.uasset" 5234
"../../../Engine/Content/EngineMaterials/Substrate/GLints/dict_16_192_64_0p5_0p02_0029_0002.uasset" 5235
"/Engine/EngineMaterials/Substrate/GLints/dict_16_192_64_0p5_0p02_0028_0012" 5236
"/Engine/EngineMaterials/Substrate/GLints/dict_16_192_64_0p5_0p02_0028_0011" 5237
"/Engine/EngineMaterials/Substrate/GLints/dict_16_192_64_0p5_0p02_0028_0010" 5238
"/Engine/EngineMaterials/Substrate/GLints/dict_16_192_64_0p5_0p02_0028_0009" 5239
"/Engine/EngineMaterials/Substrate/GLints/dict_16_192_64_0p5_0p02_0028_0008" 5240
"/Engine/EngineMaterials/Substrate/GLints/dict_16_192_64_0p5_0p02_0028_0007" 5241
"/Engine/EngineMaterials/Substrate/GLints/dict_16_192_64_0p5_0p02_0028_0006" 5242
"/Engine/EngineMaterials/Substrate/GLints/dict_16_192_64_0p5_0p02_0028_0005" 5243
"/Engine/EngineMaterials/Substrate/GLints/dict_16_192_64_0p5_0p02_0028_0004" 5244
"/Engine/EngineMaterials/Substrate/GLints/dict_16_192_64_0p5_0p02_0028_0003" 5245
"/Engine/EngineMaterials/Substrate/GLints/dict_16_192_64_0p5_0p02_0028_0002" 5246
"/Engine/EngineMaterials/Substrate/GLints/dict_16_192_64_0p5_0p02_0028_0001" 5247
"/Engine/EngineMaterials/Substrate/GLints/dict_16_192_64_0p5_0p02_0028_0000" 5248
"/Engine/EngineMaterials/Substrate/GLints/dict_16_192_64_0p5_0p02_0027_0015" 5249
"/Engine/EngineMaterials/Substrate/GLints/dict_16_192_64_0p5_0p02_0029_0014" 5250
"../../../Engine/Content/EngineMaterials/Substrate/GLints/dict_16_192_64_0p5_0p02_0029_0015.uasset" 5251
"../../../Engine/Content/EngineMaterials/Substrate/GLints/dict_16_192_64_0p5_0p02_0030_0000.uasset" 5252
"../../../Engine/Content/EngineMaterials/Substrate/GLints/dict_16_192_64_0p5_0p02_0030_0001.uasset" 5253
"/Engine/EngineMaterials/Substrate/GLints/dict_16_192_64_0p5_0p02_0029_0013" 5254
"../../../Engine/Content/EngineMaterials/Substrate/GLints/dict_16_192_64_0p5_0p02_0030_0002.uasset" 5255
"../../../Engine/Content/EngineMaterials/Substrate/GLints/dict_16_192_64_0p5_0p02_0030_0003.uasset" 5256
"../../../Engine/Content/EngineMaterials/Substrate/GLints/dict_16_192_64_0p5_0p02_0030_0004.uasset" 5257
"../../../Engine/Content/EngineMaterials/Substrate/GLints/dict_16_192_64_0p5_0p02_0030_0005.uasset" 5258
"../../../Engine/Content/EngineMaterials/Substrate/GLints/dict_16_192_64_0p5_0p02_0030_0006.uasset" 5259
"../../../Engine/Content/EngineMaterials/Substrate/GLints/dict_16_192_64_0p5_0p02_0030_0008.uasset" 5260
"../../../Engine/Content/EngineMaterials/Substrate/GLints/dict_16_192_64_0p5_0p02_0030_0007.uasset" 5261
"../../../Engine/Content/EngineMaterials/Substrate/GLints/dict_16_192_64_0p5_0p02_0030_0010.uasset" 5262
"../../../Engine/Content/EngineMaterials/Substrate/GLints/dict_16_192_64_0p5_0p02_0030_0012.uasset" 5263
"../../../Engine/Content/EngineMaterials/Substrate/GLints/dict_16_192_64_0p5_0p02_0030_0011.uasset" 5264
"../../../Engine/Content/EngineMaterials/Substrate/GLints/dict_16_192_64_0p5_0p02_0030_0009.uasset" 5265
"../../../Engine/Content/EngineMaterials/Substrate/GLints/dict_16_192_64_0p5_0p02_0030_0014.uasset" 5266
"../../../Engine/Content/EngineMaterials/Substrate/GLints/dict_16_192_64_0p5_0p02_0030_0013.uasset" 5267
"/Engine/EngineMaterials/Substrate/GLints/dict_16_192_64_0p5_0p02_0029_0012" 5268
"/Engine/EngineMaterials/Substrate/GLints/dict_16_192_64_0p5_0p02_0029_0011" 5269
"/Engine/EngineMaterials/Substrate/GLints/dict_16_192_64_0p5_0p02_0029_0010" 5270
"/Engine/EngineMaterials/Substrate/GLints/dict_16_192_64_0p5_0p02_0029_0009" 5271
"/Engine/EngineMaterials/Substrate/GLints/dict_16_192_64_0p5_0p02_0029_0008" 5272
"/Engine/EngineMaterials/Substrate/GLints/dict_16_192_64_0p5_0p02_0029_0007" 5273
"/Engine/EngineMaterials/Substrate/GLints/dict_16_192_64_0p5_0p02_0029_0006" 5274
"/Engine/EngineMaterials/Substrate/GLints/dict_16_192_64_0p5_0p02_0029_0005" 5275
"/Engine/EngineMaterials/Substrate/GLints/dict_16_192_64_0p5_0p02_0029_0004" 5276
"/Engine/EngineMaterials/Substrate/GLints/dict_16_192_64_0p5_0p02_0029_0003" 5277
"/Engine/EngineMaterials/Substrate/GLints/dict_16_192_64_0p5_0p02_0029_0002" 5278
"/Engine/EngineMaterials/Substrate/GLints/dict_16_192_64_0p5_0p02_0029_0001" 5279
"/Engine/EngineMaterials/Substrate/GLints/dict_16_192_64_0p5_0p02_0029_0000" 5280
"/Engine/EngineMaterials/Substrate/GLints/dict_16_192_64_0p5_0p02_0028_0015" 5281
"/Engine/EngineMaterials/Substrate/GLints/dict_16_192_64_0p5_0p02_0030_0014" 5282
"../../../Engine/Content/EngineMaterials/Substrate/GLints/dict_16_192_64_0p5_0p02_0030_0015.uasset" 5283
"../../../Engine/Content/EngineMaterials/Substrate/GLints/dict_16_192_64_0p5_0p02_0031_0000.uasset" 5284
"../../../Engine/Content/EngineMaterials/Substrate/GLints/dict_16_192_64_0p5_0p02_0031_0001.uasset" 5285
"/Engine/EngineMaterials/Substrate/GLints/dict_16_192_64_0p5_0p02_0030_0013" 5286
"../../../Engine/Content/EngineMaterials/Substrate/GLints/dict_16_192_64_0p5_0p02_0031_0003.uasset" 5287
"../../../Engine/Content/EngineMaterials/Substrate/GLints/dict_16_192_64_0p5_0p02_0031_0004.uasset" 5288
"../../../Engine/Content/EngineMaterials/Substrate/GLints/dict_16_192_64_0p5_0p02_0031_0002.uasset" 5289
"../../../Engine/Content/EngineMaterials/Substrate/GLints/dict_16_192_64_0p5_0p02_0031_0006.uasset" 5290
"../../../Engine/Content/EngineMaterials/Substrate/GLints/dict_16_192_64_0p5_0p02_0031_0005.uasset" 5291
"../../../Engine/Content/EngineMaterials/Substrate/GLints/dict_16_192_64_0p5_0p02_0031_0009.uasset" 5292
"../../../Engine/Content/EngineMaterials/Substrate/GLints/dict_16_192_64_0p5_0p02_0031_0007.uasset" 5293
"../../../Engine/Content/EngineMaterials/Substrate/GLints/dict_16_192_64_0p5_0p02_0031_0012.uasset" 5294
"../../../Engine/Content/EngineMaterials/Substrate/GLints/dict_16_192_64_0p5_0p02_0031_0008.uasset" 5295
"../../../Engine/Content/EngineMaterials/Substrate/GLints/dict_16_192_64_0p5_0p02_0031_0011.uasset" 5296
"../../../Engine/Content/EngineMaterials/Substrate/GLints/dict_16_192_64_0p5_0p02_0031_0010.uasset" 5297
"../../../Engine/Content/EngineMaterials/Substrate/GLints/dict_16_192_64_0p5_0p02_0031_0013.uasset" 5298
"../../../Engine/Content/EngineMaterials/Substrate/GLints/dict_16_192_64_0p5_0p02_0031_0014.uasset" 5299
"/Engine/EngineMaterials/Substrate/GLints/dict_16_192_64_0p5_0p02_0030_0012" 5300
"/Engine/EngineMaterials/Substrate/GLints/dict_16_192_64_0p5_0p02_0030_0011" 5301
"/Engine/EngineMaterials/Substrate/GLints/dict_16_192_64_0p5_0p02_0030_0010" 5302
"/Engine/EngineMaterials/Substrate/GLints/dict_16_192_64_0p5_0p02_0030_0009" 5303
"/Engine/EngineMaterials/Substrate/GLints/dict_16_192_64_0p5_0p02_0030_0008" 5304
"/Engine/EngineMaterials/Substrate/GLints/dict_16_192_64_0p5_0p02_0030_0007" 5305
"/Engine/EngineMaterials/Substrate/GLints/dict_16_192_64_0p5_0p02_0030_0006" 5306
"/Engine/EngineMaterials/Substrate/GLints/dict_16_192_64_0p5_0p02_0030_0005" 5307
"/Engine/EngineMaterials/Substrate/GLints/dict_16_192_64_0p5_0p02_0030_0004" 5308
"/Engine/EngineMaterials/Substrate/GLints/dict_16_192_64_0p5_0p02_0030_0003" 5309
"/Engine/EngineMaterials/Substrate/GLints/dict_16_192_64_0p5_0p02_0030_0002" 5310
"/Engine/EngineMaterials/Substrate/GLints/dict_16_192_64_0p5_0p02_0030_0001" 5311
"/Engine/EngineMaterials/Substrate/GLints/dict_16_192_64_0p5_0p02_0030_0000" 5312
"/Engine/EngineMaterials/Substrate/GLints/dict_16_192_64_0p5_0p02_0029_0015" 5313
"/Engine/EngineMaterials/Substrate/GLints/dict_16_192_64_0p5_0p02_0031_0014" 5314
"../../../Engine/Content/EngineMaterials/Substrate/GLints/dict_16_192_64_0p5_0p02_0031_0015.uasset" 5315
"../../../Engine/Content/EngineMaterials/Substrate/GLints/dict_16_192_64_0p5_0p02_0032_0000.uasset" 5316
"../../../Engine/Content/EngineMaterials/Substrate/GLints/dict_16_192_64_0p5_0p02_0032_0001.uasset" 5317
"../../../Engine/Content/EngineMaterials/Substrate/GLints/dict_16_192_64_0p5_0p02_0032_0002.uasset" 5318
"/Engine/EngineMaterials/Substrate/GLints/dict_16_192_64_0p5_0p02_0031_0013" 5319
"../../../Engine/Content/EngineMaterials/Substrate/GLints/dict_16_192_64_0p5_0p02_0032_0004.uasset" 5320
"../../../Engine/Content/EngineMaterials/Substrate/GLints/dict_16_192_64_0p5_0p02_0032_0006.uasset" 5321
"../../../Engine/Content/EngineMaterials/Substrate/GLints/dict_16_192_64_0p5_0p02_0032_0010.uasset" 5322
"../../../Engine/Content/EngineMaterials/Substrate/GLints/dict_16_192_64_0p5_0p02_0032_0011.uasset" 5323
"../../../Engine/Content/EngineMaterials/Substrate/GLints/dict_16_192_64_0p5_0p02_0032_0007.uasset" 5324
"../../../Engine/Content/EngineMaterials/Substrate/GLints/dict_16_192_64_0p5_0p02_0032_0012.uasset" 5325
"../../../Engine/Content/EngineMaterials/Substrate/GLints/dict_16_192_64_0p5_0p02_0032_0008.uasset" 5326
"../../../Engine/Content/EngineMaterials/Substrate/GLints/dict_16_192_64_0p5_0p02_0032_0003.uasset" 5327
"../../../Engine/Content/EngineMaterials/Substrate/GLints/dict_16_192_64_0p5_0p02_0032_0013.uasset" 5328
"../../../Engine/Content/EngineMaterials/Substrate/GLints/dict_16_192_64_0p5_0p02_0032_0009.uasset" 5329
"../../../Engine/Content/EngineMaterials/Substrate/GLints/dict_16_192_64_0p5_0p02_0032_0014.uasset" 5330
"../../../Engine/Content/EngineMaterials/Substrate/GLints/dict_16_192_64_0p5_0p02_0032_0005.uasset" 5331
"/Engine/EngineMaterials/Substrate/GLints/dict_16_192_64_0p5_0p02_0031_0012" 5332
"/Engine/EngineMaterials/Substrate/GLints/dict_16_192_64_0p5_0p02_0031_0011" 5333
"/Engine/EngineMaterials/Substrate/GLints/dict_16_192_64_0p5_0p02_0031_0010" 5334
"/Engine/EngineMaterials/Substrate/GLints/dict_16_192_64_0p5_0p02_0031_0009" 5335
"/Engine/EngineMaterials/Substrate/GLints/dict_16_192_64_0p5_0p02_0031_0008" 5336
"/Engine/EngineMaterials/Substrate/GLints/dict_16_192_64_0p5_0p02_0031_0007" 5337
"/Engine/EngineMaterials/Substrate/GLints/dict_16_192_64_0p5_0p02_0031_0006" 5338
"/Engine/EngineMaterials/Substrate/GLints/dict_16_192_64_0p5_0p02_0031_0005" 5339
"/Engine/EngineMaterials/Substrate/GLints/dict_16_192_64_0p5_0p02_0031_0004" 5340
"/Engine/EngineMaterials/Substrate/GLints/dict_16_192_64_0p5_0p02_0031_0003" 5341
"/Engine/EngineMaterials/Substrate/GLints/dict_16_192_64_0p5_0p02_0031_0002" 5342
"/Engine/EngineMaterials/Substrate/GLints/dict_16_192_64_0p5_0p02_0031_0001" 5343
"/Engine/EngineMaterials/Substrate/GLints/dict_16_192_64_0p5_0p02_0031_0000" 5344
"/Engine/EngineMaterials/Substrate/GLints/dict_16_192_64_0p5_0p02_0030_0015" 5345
"/Engine/EngineMaterials/Substrate/GLints/dict_16_192_64_0p5_0p02_0032_0014" 5346
"../../../Engine/Content/EngineMaterials/Substrate/GLints/dict_16_192_64_0p5_0p02_0032_0015.uasset" 5347
"../../../Engine/Content/EngineMaterials/Substrate/GLints/dict_16_192_64_0p5_0p02_0033_0000.uasset" 5348
"../../../Engine/Content/EngineMaterials/Substrate/GLints/dict_16_192_64_0p5_0p02_0033_0001.uasset" 5349
"../../../Engine/Content/EngineMaterials/Substrate/GLints/dict_16_192_64_0p5_0p02_0033_0002.uasset" 5350
"../../../Engine/Content/EngineMaterials/Substrate/GLints/dict_16_192_64_0p5_0p02_0033_0003.uasset" 5351
"/Engine/EngineMaterials/Substrate/GLints/dict_16_192_64_0p5_0p02_0032_0013" 5352
"../../../Engine/Content/EngineMaterials/Substrate/GLints/dict_16_192_64_0p5_0p02_0033_0007.uasset" 5353
"../../../Engine/Content/EngineMaterials/Substrate/GLints/dict_16_192_64_0p5_0p02_0033_0009.uasset" 5354
"../../../Engine/Content/EngineMaterials/Substrate/GLints/dict_16_192_64_0p5_0p02_0033_0012.uasset" 5355
"../../../Engine/Content/EngineMaterials/Substrate/GLints/dict_16_192_64_0p5_0p02_0033_0011.uasset" 5356
"../../../Engine/Content/EngineMaterials/Substrate/GLints/dict_16_192_64_0p5_0p02_0033_0010.uasset" 5357
"../../../Engine/Content/EngineMaterials/Substrate/GLints/dict_16_192_64_0p5_0p02_0033_0006.uasset" 5358
"../../../Engine/Content/EngineMaterials/Substrate/GLints/dict_16_192_64_0p5_0p02_0033_0014.uasset" 5359
"../../../Engine/Content/EngineMaterials/Substrate/GLints/dict_16_192_64_0p5_0p02_0033_0004.uasset" 5360
"../../../Engine/Content/EngineMaterials/Substrate/GLints/dict_16_192_64_0p5_0p02_0033_0005.uasset" 5361
"../../../Engine/Content/EngineMaterials/Substrate/GLints/dict_16_192_64_0p5_0p02_0033_0008.uasset" 5362
"../../../Engine/Content/EngineMaterials/Substrate/GLints/dict_16_192_64_0p5_0p02_0033_0013.uasset" 5363
"/Engine/EngineMaterials/Substrate/GLints/dict_16_192_64_0p5_0p02_0032_0012" 5364
"/Engine/EngineMaterials/Substrate/GLints/dict_16_192_64_0p5_0p02_0032_0011" 5365
"/Engine/EngineMaterials/Substrate/GLints/dict_16_192_64_0p5_0p02_0032_0010" 5366
"/Engine/EngineMaterials/Substrate/GLints/dict_16_192_64_0p5_0p02_0032_0009" 5367
"/Engine/EngineMaterials/Substrate/GLints/dict_16_192_64_0p5_0p02_0032_0008" 5368
"/Engine/EngineMaterials/Substrate/GLints/dict_16_192_64_0p5_0p02_0032_0007" 5369
"/Engine/EngineMaterials/Substrate/GLints/dict_16_192_64_0p5_0p02_0032_0006" 5370
"/Engine/EngineMaterials/Substrate/GLints/dict_16_192_64_0p5_0p02_0032_0005" 5371
"/Engine/EngineMaterials/Substrate/GLints/dict_16_192_64_0p5_0p02_0032_0004" 5372
"/Engine/EngineMaterials/Substrate/GLints/dict_16_192_64_0p5_0p02_0032_0003" 5373
"/Engine/EngineMaterials/Substrate/GLints/dict_16_192_64_0p5_0p02_0032_0002" 5374
"/Engine/EngineMaterials/Substrate/GLints/dict_16_192_64_0p5_0p02_0032_0001" 5375
"/Engine/EngineMaterials/Substrate/GLints/dict_16_192_64_0p5_0p02_0032_0000" 5376
"/Engine/EngineMaterials/Substrate/GLints/dict_16_192_64_0p5_0p02_0031_0015" 5377
"/Engine/EngineMaterials/Substrate/GLints/dict_16_192_64_0p5_0p02_0033_0014" 5378
"../../../Engine/Content/EngineMaterials/Substrate/GLints/dict_16_192_64_0p5_0p02_0033_0015.uasset" 5379
"../../../Engine/Content/EngineMaterials/Substrate/GLints/dict_16_192_64_0p5_0p02_0034_0000.uasset" 5380
"/Engine/EngineMaterials/Substrate/GLints/dict_16_192_64_0p5_0p02_0033_0013" 5381
"../../../Engine/Content/EngineMaterials/Substrate/GLints/dict_16_192_64_0p5_0p02_0034_0001.uasset" 5382
"../../../Engine/Content/EngineMaterials/Substrate/GLints/dict_16_192_64_0p5_0p02_0034_0002.uasset" 5383
"../../../Engine/Content/EngineMaterials/Substrate/GLints/dict_16_192_64_0p5_0p02_0034_0006.uasset" 5384
"../../../Engine/Content/EngineMaterials/Substrate/GLints/dict_16_192_64_0p5_0p02_0034_0003.uasset" 5385
"../../../Engine/Content/EngineMaterials/Substrate/GLints/dict_16_192_64_0p5_0p02_0034_0012.uasset" 5386
"../../../Engine/Content/EngineMaterials/Substrate/GLints/dict_16_192_64_0p5_0p02_0034_0009.uasset" 5387
"../../../Engine/Content/EngineMaterials/Substrate/GLints/dict_16_192_64_0p5_0p02_0034_0005.uasset" 5388
"../../../Engine/Content/EngineMaterials/Substrate/GLints/dict_16_192_64_0p5_0p02_0034_0008.uasset" 5389
"../../../Engine/Content/EngineMaterials/Substrate/GLints/dict_16_192_64_0p5_0p02_0034_0004.uasset" 5390
"../../../Engine/Content/EngineMaterials/Substrate/GLints/dict_16_192_64_0p5_0p02_0034_0010.uasset" 5391
"../../../Engine/Content/EngineMaterials/Substrate/GLints/dict_16_192_64_0p5_0p02_0034_0014.uasset" 5392
"../../../Engine/Content/EngineMaterials/Substrate/GLints/dict_16_192_64_0p5_0p02_0034_0007.uasset" 5393
"../../../Engine/Content/EngineMaterials/Substrate/GLints/dict_16_192_64_0p5_0p02_0034_0013.uasset" 5394
"../../../Engine/Content/EngineMaterials/Substrate/GLints/dict_16_192_64_0p5_0p02_0034_0011.uasset" 5395
"/Engine/EngineMaterials/Substrate/GLints/dict_16_192_64_0p5_0p02_0033_0012" 5396
"/Engine/EngineMaterials/Substrate/GLints/dict_16_192_64_0p5_0p02_0033_0011" 5397
"/Engine/EngineMaterials/Substrate/GLints/dict_16_192_64_0p5_0p02_0033_0010" 5398
"/Engine/EngineMaterials/Substrate/GLints/dict_16_192_64_0p5_0p02_0033_0009" 5399
"/Engine/EngineMaterials/Substrate/GLints/dict_16_192_64_0p5_0p02_0033_0008" 5400
"/Engine/EngineMaterials/Substrate/GLints/dict_16_192_64_0p5_0p02_0033_0007" 5401
"/Engine/EngineMaterials/Substrate/GLints/dict_16_192_64_0p5_0p02_0033_0006" 5402
"/Engine/EngineMaterials/Substrate/GLints/dict_16_192_64_0p5_0p02_0033_0005" 5403
"/Engine/EngineMaterials/Substrate/GLints/dict_16_192_64_0p5_0p02_0033_0004" 5404
"/Engine/EngineMaterials/Substrate/GLints/dict_16_192_64_0p5_0p02_0033_0003" 5405
"/Engine/EngineMaterials/Substrate/GLints/dict_16_192_64_0p5_0p02_0033_0002" 5406
"/Engine/EngineMaterials/Substrate/GLints/dict_16_192_64_0p5_0p02_0033_0001" 5407
"/Engine/EngineMaterials/Substrate/GLints/dict_16_192_64_0p5_0p02_0033_0000" 5408
"/Engine/EngineMaterials/Substrate/GLints/dict_16_192_64_0p5_0p02_0032_0015" 5409
"/Engine/EngineMaterials/Substrate/GLints/dict_16_192_64_0p5_0p02_0034_0014" 5410
"../../../Engine/Content/EngineMaterials/Substrate/GLints/dict_16_192_64_0p5_0p02_0034_0015.uasset" 5411
"../../../Engine/Content/EngineMaterials/Substrate/GLints/dict_16_192_64_0p5_0p02_0035_0000.uasset" 5412
"../../../Engine/Content/EngineMaterials/Substrate/GLints/dict_16_192_64_0p5_0p02_0035_0001.uasset" 5413
"../../../Engine/Content/EngineMaterials/Substrate/GLints/dict_16_192_64_0p5_0p02_0035_0002.uasset" 5414
"/Engine/EngineMaterials/Substrate/GLints/dict_16_192_64_0p5_0p02_0034_0013" 5415
"../../../Engine/Content/EngineMaterials/Substrate/GLints/dict_16_192_64_0p5_0p02_0035_0003.uasset" 5416
"../../../Engine/Content/EngineMaterials/Substrate/GLints/dict_16_192_64_0p5_0p02_0035_0005.uasset" 5417
"../../../Engine/Content/EngineMaterials/Substrate/GLints/dict_16_192_64_0p5_0p02_0035_0009.uasset" 5418
"../../../Engine/Content/EngineMaterials/Substrate/GLints/dict_16_192_64_0p5_0p02_0035_0008.uasset" 5419
"../../../Engine/Content/EngineMaterials/Substrate/GLints/dict_16_192_64_0p5_0p02_0035_0010.uasset" 5420
"../../../Engine/Content/EngineMaterials/Substrate/GLints/dict_16_192_64_0p5_0p02_0035_0004.uasset" 5421
"../../../Engine/Content/EngineMaterials/Substrate/GLints/dict_16_192_64_0p5_0p02_0035_0013.uasset" 5422
"../../../Engine/Content/EngineMaterials/Substrate/GLints/dict_16_192_64_0p5_0p02_0035_0007.uasset" 5423
"../../../Engine/Content/EngineMaterials/Substrate/GLints/dict_16_192_64_0p5_0p02_0035_0014.uasset" 5424
"../../../Engine/Content/EngineMaterials/Substrate/GLints/dict_16_192_64_0p5_0p02_0035_0011.uasset" 5425
"../../../Engine/Content/EngineMaterials/Substrate/GLints/dict_16_192_64_0p5_0p02_0035_0012.uasset" 5426
"../../../Engine/Content/EngineMaterials/Substrate/GLints/dict_16_192_64_0p5_0p02_0035_0006.uasset" 5427
"/Engine/EngineMaterials/Substrate/GLints/dict_16_192_64_0p5_0p02_0034_0012" 5428
"/Engine/EngineMaterials/Substrate/GLints/dict_16_192_64_0p5_0p02_0034_0011" 5429
"/Engine/EngineMaterials/Substrate/GLints/dict_16_192_64_0p5_0p02_0034_0010" 5430
"/Engine/EngineMaterials/Substrate/GLints/dict_16_192_64_0p5_0p02_0034_0009" 5431
"/Engine/EngineMaterials/Substrate/GLints/dict_16_192_64_0p5_0p02_0034_0008" 5432
"/Engine/EngineMaterials/Substrate/GLints/dict_16_192_64_0p5_0p02_0034_0007" 5433
"/Engine/EngineMaterials/Substrate/GLints/dict_16_192_64_0p5_0p02_0034_0006" 5434
"/Engine/EngineMaterials/Substrate/GLints/dict_16_192_64_0p5_0p02_0034_0005" 5435
"/Engine/EngineMaterials/Substrate/GLints/dict_16_192_64_0p5_0p02_0034_0004" 5436
"/Engine/EngineMaterials/Substrate/GLints/dict_16_192_64_0p5_0p02_0034_0003" 5437
"/Engine/EngineMaterials/Substrate/GLints/dict_16_192_64_0p5_0p02_0034_0002" 5438
"/Engine/EngineMaterials/Substrate/GLints/dict_16_192_64_0p5_0p02_0034_0001" 5439
"/Engine/EngineMaterials/Substrate/GLints/dict_16_192_64_0p5_0p02_0034_0000" 5440
"/Engine/EngineMaterials/Substrate/GLints/dict_16_192_64_0p5_0p02_0033_0015" 5441
"/Engine/EngineMaterials/Substrate/GLints/dict_16_192_64_0p5_0p02_0035_0014" 5442
"../../../Engine/Content/EngineMaterials/Substrate/GLints/dict_16_192_64_0p5_0p02_0035_0015.uasset" 5443
"../../../Engine/Content/EngineMaterials/Substrate/GLints/dict_16_192_64_0p5_0p02_0036_0000.uasset" 5444
"../../../Engine/Content/EngineMaterials/Substrate/GLints/dict_16_192_64_0p5_0p02_0036_0001.uasset" 5445
"../../../Engine/Content/EngineMaterials/Substrate/GLints/dict_16_192_64_0p5_0p02_0036_0002.uasset" 5446
"../../../Engine/Content/EngineMaterials/Substrate/GLints/dict_16_192_64_0p5_0p02_0036_0003.uasset" 5447
"../../../Engine/Content/EngineMaterials/Substrate/GLints/dict_16_192_64_0p5_0p02_0036_0004.uasset" 5448
"../../../Engine/Content/EngineMaterials/Substrate/GLints/dict_16_192_64_0p5_0p02_0036_0005.uasset" 5449
"../../../Engine/Content/EngineMaterials/Substrate/GLints/dict_16_192_64_0p5_0p02_0036_0008.uasset" 5450
"../../../Engine/Content/EngineMaterials/Substrate/GLints/dict_16_192_64_0p5_0p02_0036_0006.uasset" 5451
"../../../Engine/Content/EngineMaterials/Substrate/GLints/dict_16_192_64_0p5_0p02_0036_0007.uasset" 5452
"../../../Engine/Content/EngineMaterials/Substrate/GLints/dict_16_192_64_0p5_0p02_0036_0011.uasset" 5453
"../../../Engine/Content/EngineMaterials/Substrate/GLints/dict_16_192_64_0p5_0p02_0036_0009.uasset" 5454
"../../../Engine/Content/EngineMaterials/Substrate/GLints/dict_16_192_64_0p5_0p02_0036_0010.uasset" 5455
"../../../Engine/Content/EngineMaterials/Substrate/GLints/dict_16_192_64_0p5_0p02_0036_0012.uasset" 5456
"../../../Engine/Content/EngineMaterials/Substrate/GLints/dict_16_192_64_0p5_0p02_0036_0013.uasset" 5457
"../../../Engine/Content/EngineMaterials/Substrate/GLints/dict_16_192_64_0p5_0p02_0036_0014.uasset" 5458
"/Engine/EngineMaterials/Substrate/GLints/dict_16_192_64_0p5_0p02_0035_0013" 5459
"/Engine/EngineMaterials/Substrate/GLints/dict_16_192_64_0p5_0p02_0035_0012" 5460
"/Engine/EngineMaterials/Substrate/GLints/dict_16_192_64_0p5_0p02_0035_0011" 5461
"/Engine/EngineMaterials/Substrate/GLints/dict_16_192_64_0p5_0p02_0035_0010" 5462
"/Engine/EngineMaterials/Substrate/GLints/dict_16_192_64_0p5_0p02_0035_0009" 5463
"/Engine/EngineMaterials/Substrate/GLints/dict_16_192_64_0p5_0p02_0035_0008" 5464
"/Engine/EngineMaterials/Substrate/GLints/dict_16_192_64_0p5_0p02_0035_0007" 5465
"/Engine/EngineMaterials/Substrate/GLints/dict_16_192_64_0p5_0p02_0035_0006" 5466
"/Engine/EngineMaterials/Substrate/GLints/dict_16_192_64_0p5_0p02_0035_0005" 5467
"/Engine/EngineMaterials/Substrate/GLints/dict_16_192_64_0p5_0p02_0035_0004" 5468
"/Engine/EngineMaterials/Substrate/GLints/dict_16_192_64_0p5_0p02_0035_0003" 5469
"/Engine/EngineMaterials/Substrate/GLints/dict_16_192_64_0p5_0p02_0035_0002" 5470
"/Engine/EngineMaterials/Substrate/GLints/dict_16_192_64_0p5_0p02_0035_0001" 5471
"/Engine/EngineMaterials/Substrate/GLints/dict_16_192_64_0p5_0p02_0035_0000" 5472
"/Engine/EngineMaterials/Substrate/GLints/dict_16_192_64_0p5_0p02_0034_0015" 5473
"/Engine/EngineMaterials/Substrate/GLints/dict_16_192_64_0p5_0p02_0036_0014" 5474
"../../../Engine/Content/EngineMaterials/Substrate/GLints/dict_16_192_64_0p5_0p02_0036_0015.uasset" 5475
"../../../Engine/Content/EngineMaterials/Substrate/GLints/dict_16_192_64_0p5_0p02_0037_0000.uasset" 5476
"../../../Engine/Content/EngineMaterials/Substrate/GLints/dict_16_192_64_0p5_0p02_0037_0001.uasset" 5477
"../../../Engine/Content/EngineMaterials/Substrate/GLints/dict_16_192_64_0p5_0p02_0037_0004.uasset" 5478
"../../../Engine/Content/EngineMaterials/Substrate/GLints/dict_16_192_64_0p5_0p02_0037_0006.uasset" 5479
"../../../Engine/Content/EngineMaterials/Substrate/GLints/dict_16_192_64_0p5_0p02_0037_0007.uasset" 5480
"../../../Engine/Content/EngineMaterials/Substrate/GLints/dict_16_192_64_0p5_0p02_0037_0003.uasset" 5481
"../../../Engine/Content/EngineMaterials/Substrate/GLints/dict_16_192_64_0p5_0p02_0037_0008.uasset" 5482
"../../../Engine/Content/EngineMaterials/Substrate/GLints/dict_16_192_64_0p5_0p02_0037_0010.uasset" 5483
"../../../Engine/Content/EngineMaterials/Substrate/GLints/dict_16_192_64_0p5_0p02_0037_0009.uasset" 5484
"../../../Engine/Content/EngineMaterials/Substrate/GLints/dict_16_192_64_0p5_0p02_0037_0005.uasset" 5485
"../../../Engine/Content/EngineMaterials/Substrate/GLints/dict_16_192_64_0p5_0p02_0037_0011.uasset" 5486
"../../../Engine/Content/EngineMaterials/Substrate/GLints/dict_16_192_64_0p5_0p02_0037_0002.uasset" 5487
"/Engine/EngineMaterials/Substrate/GLints/dict_16_192_64_0p5_0p02_0036_0013" 5488
"../../../Engine/Content/EngineMaterials/Substrate/GLints/dict_16_192_64_0p5_0p02_0037_0012.uasset" 5489
"../../../Engine/Content/EngineMaterials/Substrate/GLints/dict_16_192_64_0p5_0p02_0037_0013.uasset" 5490
"../../../Engine/Content/EngineMaterials/Substrate/GLints/dict_16_192_64_0p5_0p02_0037_0014.uasset" 5491
"/Engine/EngineMaterials/Substrate/GLints/dict_16_192_64_0p5_0p02_0036_0012" 5492
"/Engine/EngineMaterials/Substrate/GLints/dict_16_192_64_0p5_0p02_0036_0011" 5493
"/Engine/EngineMaterials/Substrate/GLints/dict_16_192_64_0p5_0p02_0036_0010" 5494
"/Engine/EngineMaterials/Substrate/GLints/dict_16_192_64_0p5_0p02_0036_0009" 5495
"/Engine/EngineMaterials/Substrate/GLints/dict_16_192_64_0p5_0p02_0036_0008" 5496
"/Engine/EngineMaterials/Substrate/GLints/dict_16_192_64_0p5_0p02_0036_0007" 5497
"/Engine/EngineMaterials/Substrate/GLints/dict_16_192_64_0p5_0p02_0036_0006" 5498
"/Engine/EngineMaterials/Substrate/GLints/dict_16_192_64_0p5_0p02_0036_0005" 5499
"/Engine/EngineMaterials/Substrate/GLints/dict_16_192_64_0p5_0p02_0036_0004" 5500
"/Engine/EngineMaterials/Substrate/GLints/dict_16_192_64_0p5_0p02_0036_0003" 5501
"/Engine/EngineMaterials/Substrate/GLints/dict_16_192_64_0p5_0p02_0036_0002" 5502
"/Engine/EngineMaterials/Substrate/GLints/dict_16_192_64_0p5_0p02_0036_0001" 5503
"/Engine/EngineMaterials/Substrate/GLints/dict_16_192_64_0p5_0p02_0036_0000" 5504
"/Engine/EngineMaterials/Substrate/GLints/dict_16_192_64_0p5_0p02_0035_0015" 5505
"/Engine/EngineMaterials/Substrate/GLints/dict_16_192_64_0p5_0p02_0037_0014" 5506
"../../../Engine/Content/EngineMaterials/Substrate/GLints/dict_16_192_64_0p5_0p02_0037_0015.uasset" 5507
"../../../Engine/Content/EngineMaterials/Substrate/GLints/dict_16_192_64_0p5_0p02_0038_0001.uasset" 5508
"../../../Engine/Content/EngineMaterials/Substrate/GLints/dict_16_192_64_0p5_0p02_0038_0000.uasset" 5509
"/Engine/EngineMaterials/Substrate/GLints/dict_16_192_64_0p5_0p02_0037_0013" 5510
"../../../Engine/Content/EngineMaterials/Substrate/GLints/dict_16_192_64_0p5_0p02_0038_0002.uasset" 5511
"../../../Engine/Content/EngineMaterials/Substrate/GLints/dict_16_192_64_0p5_0p02_0038_0003.uasset" 5512
"../../../Engine/Content/EngineMaterials/Substrate/GLints/dict_16_192_64_0p5_0p02_0038_0005.uasset" 5513
"../../../Engine/Content/EngineMaterials/Substrate/GLints/dict_16_192_64_0p5_0p02_0038_0010.uasset" 5514
"../../../Engine/Content/EngineMaterials/Substrate/GLints/dict_16_192_64_0p5_0p02_0038_0006.uasset" 5515
"../../../Engine/Content/EngineMaterials/Substrate/GLints/dict_16_192_64_0p5_0p02_0038_0008.uasset" 5516
"../../../Engine/Content/EngineMaterials/Substrate/GLints/dict_16_192_64_0p5_0p02_0038_0004.uasset" 5517
"../../../Engine/Content/EngineMaterials/Substrate/GLints/dict_16_192_64_0p5_0p02_0038_0007.uasset" 5518
"../../../Engine/Content/EngineMaterials/Substrate/GLints/dict_16_192_64_0p5_0p02_0038_0011.uasset" 5519
"../../../Engine/Content/EngineMaterials/Substrate/GLints/dict_16_192_64_0p5_0p02_0038_0012.uasset" 5520
"../../../Engine/Content/EngineMaterials/Substrate/GLints/dict_16_192_64_0p5_0p02_0038_0009.uasset" 5521
"../../../Engine/Content/EngineMaterials/Substrate/GLints/dict_16_192_64_0p5_0p02_0038_0013.uasset" 5522
"../../../Engine/Content/EngineMaterials/Substrate/GLints/dict_16_192_64_0p5_0p02_0038_0014.uasset" 5523
"/Engine/EngineMaterials/Substrate/GLints/dict_16_192_64_0p5_0p02_0037_0012" 5524
"/Engine/EngineMaterials/Substrate/GLints/dict_16_192_64_0p5_0p02_0037_0011" 5525
"/Engine/EngineMaterials/Substrate/GLints/dict_16_192_64_0p5_0p02_0037_0010" 5526
"/Engine/EngineMaterials/Substrate/GLints/dict_16_192_64_0p5_0p02_0037_0009" 5527
"/Engine/EngineMaterials/Substrate/GLints/dict_16_192_64_0p5_0p02_0037_0008" 5528
"/Engine/EngineMaterials/Substrate/GLints/dict_16_192_64_0p5_0p02_0037_0007" 5529
"/Engine/EngineMaterials/Substrate/GLints/dict_16_192_64_0p5_0p02_0037_0006" 5530
"/Engine/EngineMaterials/Substrate/GLints/dict_16_192_64_0p5_0p02_0037_0005" 5531
"/Engine/EngineMaterials/Substrate/GLints/dict_16_192_64_0p5_0p02_0037_0004" 5532
"/Engine/EngineMaterials/Substrate/GLints/dict_16_192_64_0p5_0p02_0037_0003" 5533
"/Engine/EngineMaterials/Substrate/GLints/dict_16_192_64_0p5_0p02_0037_0002" 5534
"/Engine/EngineMaterials/Substrate/GLints/dict_16_192_64_0p5_0p02_0037_0001" 5535
"/Engine/EngineMaterials/Substrate/GLints/dict_16_192_64_0p5_0p02_0037_0000" 5536
"/Engine/EngineMaterials/Substrate/GLints/dict_16_192_64_0p5_0p02_0036_0015" 5537
"/Engine/EngineMaterials/Substrate/GLints/dict_16_192_64_0p5_0p02_0038_0014" 5538
"../../../Engine/Content/EngineMaterials/Substrate/GLints/dict_16_192_64_0p5_0p02_0038_0015.uasset" 5539
"../../../Engine/Content/EngineMaterials/Substrate/GLints/dict_16_192_64_0p5_0p02_0039_0000.uasset" 5540
"../../../Engine/Content/EngineMaterials/Substrate/GLints/dict_16_192_64_0p5_0p02_0039_0001.uasset" 5541
"../../../Engine/Content/EngineMaterials/Substrate/GLints/dict_16_192_64_0p5_0p02_0039_0003.uasset" 5542
"../../../Engine/Content/EngineMaterials/Substrate/GLints/dict_16_192_64_0p5_0p02_0039_0002.uasset" 5543
"../../../Engine/Content/EngineMaterials/Substrate/GLints/dict_16_192_64_0p5_0p02_0039_0004.uasset" 5544
"/Engine/EngineMaterials/Substrate/GLints/dict_16_192_64_0p5_0p02_0038_0013" 5545
"../../../Engine/Content/EngineMaterials/Substrate/GLints/dict_16_192_64_0p5_0p02_0039_0005.uasset" 5546
"../../../Engine/Content/EngineMaterials/Substrate/GLints/dict_16_192_64_0p5_0p02_0039_0007.uasset" 5547
"../../../Engine/Content/EngineMaterials/Substrate/GLints/dict_16_192_64_0p5_0p02_0039_0008.uasset" 5548
"../../../Engine/Content/EngineMaterials/Substrate/GLints/dict_16_192_64_0p5_0p02_0039_0009.uasset" 5549
"../../../Engine/Content/EngineMaterials/Substrate/GLints/dict_16_192_64_0p5_0p02_0039_0011.uasset" 5550
"../../../Engine/Content/EngineMaterials/Substrate/GLints/dict_16_192_64_0p5_0p02_0039_0012.uasset" 5551
"../../../Engine/Content/EngineMaterials/Substrate/GLints/dict_16_192_64_0p5_0p02_0039_0010.uasset" 5552
"../../../Engine/Content/EngineMaterials/Substrate/GLints/dict_16_192_64_0p5_0p02_0039_0006.uasset" 5553
"../../../Engine/Content/EngineMaterials/Substrate/GLints/dict_16_192_64_0p5_0p02_0039_0014.uasset" 5554
"../../../Engine/Content/EngineMaterials/Substrate/GLints/dict_16_192_64_0p5_0p02_0039_0013.uasset" 5555
"/Engine/EngineMaterials/Substrate/GLints/dict_16_192_64_0p5_0p02_0038_0012" 5556
"/Engine/EngineMaterials/Substrate/GLints/dict_16_192_64_0p5_0p02_0038_0011" 5557
"/Engine/EngineMaterials/Substrate/GLints/dict_16_192_64_0p5_0p02_0038_0010" 5558
"/Engine/EngineMaterials/Substrate/GLints/dict_16_192_64_0p5_0p02_0038_0009" 5559
"/Engine/EngineMaterials/Substrate/GLints/dict_16_192_64_0p5_0p02_0038_0008" 5560
"/Engine/EngineMaterials/Substrate/GLints/dict_16_192_64_0p5_0p02_0038_0007" 5561
"/Engine/EngineMaterials/Substrate/GLints/dict_16_192_64_0p5_0p02_0038_0006" 5562
"/Engine/EngineMaterials/Substrate/GLints/dict_16_192_64_0p5_0p02_0038_0005" 5563
"/Engine/EngineMaterials/Substrate/GLints/dict_16_192_64_0p5_0p02_0038_0004" 5564
"/Engine/EngineMaterials/Substrate/GLints/dict_16_192_64_0p5_0p02_0038_0003" 5565
"/Engine/EngineMaterials/Substrate/GLints/dict_16_192_64_0p5_0p02_0038_0002" 5566
"/Engine/EngineMaterials/Substrate/GLints/dict_16_192_64_0p5_0p02_0038_0001" 5567
"/Engine/EngineMaterials/Substrate/GLints/dict_16_192_64_0p5_0p02_0038_0000" 5568
"/Engine/EngineMaterials/Substrate/GLints/dict_16_192_64_0p5_0p02_0037_0015" 5569
"../../../Engine/Content/EngineMaterials/Substrate/GLints/dict_16_192_64_0p5_0p02_0039_0015.uasset" 5570
"/Engine/EngineMaterials/Substrate/GLints/dict_16_192_64_0p5_0p02_0039_0014" 5571
"../../../Engine/Content/EngineMaterials/Substrate/GLints/dict_16_192_64_0p5_0p02_0040_0001.uasset" 5572
"../../../Engine/Content/EngineMaterials/Substrate/GLints/dict_16_192_64_0p5_0p02_0040_0000.uasset" 5573
"../../../Engine/Content/EngineMaterials/Substrate/GLints/dict_16_192_64_0p5_0p02_0040_0003.uasset" 5574
"../../../Engine/Content/EngineMaterials/Substrate/GLints/dict_16_192_64_0p5_0p02_0040_0002.uasset" 5575
"../../../Engine/Content/EngineMaterials/Substrate/GLints/dict_16_192_64_0p5_0p02_0040_0005.uasset" 5576
"../../../Engine/Content/EngineMaterials/Substrate/GLints/dict_16_192_64_0p5_0p02_0040_0006.uasset" 5577
"../../../Engine/Content/EngineMaterials/Substrate/GLints/dict_16_192_64_0p5_0p02_0040_0007.uasset" 5578
"../../../Engine/Content/EngineMaterials/Substrate/GLints/dict_16_192_64_0p5_0p02_0040_0012.uasset" 5579
"../../../Engine/Content/EngineMaterials/Substrate/GLints/dict_16_192_64_0p5_0p02_0040_0004.uasset" 5580
"../../../Engine/Content/EngineMaterials/Substrate/GLints/dict_16_192_64_0p5_0p02_0040_0008.uasset" 5581
"../../../Engine/Content/EngineMaterials/Substrate/GLints/dict_16_192_64_0p5_0p02_0040_0009.uasset" 5582
"../../../Engine/Content/EngineMaterials/Substrate/GLints/dict_16_192_64_0p5_0p02_0040_0011.uasset" 5583
"../../../Engine/Content/EngineMaterials/Substrate/GLints/dict_16_192_64_0p5_0p02_0040_0010.uasset" 5584
"../../../Engine/Content/EngineMaterials/Substrate/GLints/dict_16_192_64_0p5_0p02_0040_0013.uasset" 5585
"../../../Engine/Content/EngineMaterials/Substrate/GLints/dict_16_192_64_0p5_0p02_0040_0014.uasset" 5586
"/Engine/EngineMaterials/Substrate/GLints/dict_16_192_64_0p5_0p02_0039_0013" 5587
"/Engine/EngineMaterials/Substrate/GLints/dict_16_192_64_0p5_0p02_0039_0012" 5588
"/Engine/EngineMaterials/Substrate/GLints/dict_16_192_64_0p5_0p02_0039_0011" 5589
"/Engine/EngineMaterials/Substrate/GLints/dict_16_192_64_0p5_0p02_0039_0010" 5590
"/Engine/EngineMaterials/Substrate/GLints/dict_16_192_64_0p5_0p02_0039_0009" 5591
"/Engine/EngineMaterials/Substrate/GLints/dict_16_192_64_0p5_0p02_0039_0008" 5592
"/Engine/EngineMaterials/Substrate/GLints/dict_16_192_64_0p5_0p02_0039_0007" 5593
"/Engine/EngineMaterials/Substrate/GLints/dict_16_192_64_0p5_0p02_0039_0006" 5594
"/Engine/EngineMaterials/Substrate/GLints/dict_16_192_64_0p5_0p02_0039_0005" 5595
"/Engine/EngineMaterials/Substrate/GLints/dict_16_192_64_0p5_0p02_0039_0004" 5596
"/Engine/EngineMaterials/Substrate/GLints/dict_16_192_64_0p5_0p02_0039_0003" 5597
"/Engine/EngineMaterials/Substrate/GLints/dict_16_192_64_0p5_0p02_0039_0002" 5598
"/Engine/EngineMaterials/Substrate/GLints/dict_16_192_64_0p5_0p02_0039_0001" 5599
"/Engine/EngineMaterials/Substrate/GLints/dict_16_192_64_0p5_0p02_0039_0000" 5600
"/Engine/EngineMaterials/Substrate/GLints/dict_16_192_64_0p5_0p02_0038_0015" 5601
"/Engine/EngineMaterials/Substrate/GLints/dict_16_192_64_0p5_0p02_0040_0014" 5602
"../../../Engine/Content/EngineMaterials/Substrate/GLints/dict_16_192_64_0p5_0p02_0040_0015.uasset" 5603
"../../../Engine/Content/EngineMaterials/Substrate/GLints/dict_16_192_64_0p5_0p02_0041_0000.uasset" 5604
"../../../Engine/Content/EngineMaterials/Substrate/GLints/dict_16_192_64_0p5_0p02_0041_0001.uasset" 5605
"/Engine/EngineMaterials/Substrate/GLints/dict_16_192_64_0p5_0p02_0040_0013" 5606
"../../../Engine/Content/EngineMaterials/Substrate/GLints/dict_16_192_64_0p5_0p02_0041_0002.uasset" 5607
"../../../Engine/Content/EngineMaterials/Substrate/GLints/dict_16_192_64_0p5_0p02_0041_0003.uasset" 5608
"../../../Engine/Content/EngineMaterials/Substrate/GLints/dict_16_192_64_0p5_0p02_0041_0004.uasset" 5609
"../../../Engine/Content/EngineMaterials/Substrate/GLints/dict_16_192_64_0p5_0p02_0041_0009.uasset" 5610
"../../../Engine/Content/EngineMaterials/Substrate/GLints/dict_16_192_64_0p5_0p02_0041_0012.uasset" 5611
"../../../Engine/Content/EngineMaterials/Substrate/GLints/dict_16_192_64_0p5_0p02_0041_0010.uasset" 5612
"../../../Engine/Content/EngineMaterials/Substrate/GLints/dict_16_192_64_0p5_0p02_0041_0006.uasset" 5613
"../../../Engine/Content/EngineMaterials/Substrate/GLints/dict_16_192_64_0p5_0p02_0041_0005.uasset" 5614
"../../../Engine/Content/EngineMaterials/Substrate/GLints/dict_16_192_64_0p5_0p02_0041_0008.uasset" 5615
"../../../Engine/Content/EngineMaterials/Substrate/GLints/dict_16_192_64_0p5_0p02_0041_0013.uasset" 5616
"../../../Engine/Content/EngineMaterials/Substrate/GLints/dict_16_192_64_0p5_0p02_0041_0007.uasset" 5617
"../../../Engine/Content/EngineMaterials/Substrate/GLints/dict_16_192_64_0p5_0p02_0041_0011.uasset" 5618
"../../../Engine/Content/EngineMaterials/Substrate/GLints/dict_16_192_64_0p5_0p02_0041_0014.uasset" 5619
"/Engine/EngineMaterials/Substrate/GLints/dict_16_192_64_0p5_0p02_0040_0012" 5620
"/Engine/EngineMaterials/Substrate/GLints/dict_16_192_64_0p5_0p02_0040_0011" 5621
"/Engine/EngineMaterials/Substrate/GLints/dict_16_192_64_0p5_0p02_0040_0010" 5622
"/Engine/EngineMaterials/Substrate/GLints/dict_16_192_64_0p5_0p02_0040_0009" 5623
"/Engine/EngineMaterials/Substrate/GLints/dict_16_192_64_0p5_0p02_0040_0008" 5624
"/Engine/EngineMaterials/Substrate/GLints/dict_16_192_64_0p5_0p02_0040_0007" 5625
"/Engine/EngineMaterials/Substrate/GLints/dict_16_192_64_0p5_0p02_0040_0006" 5626
"/Engine/EngineMaterials/Substrate/GLints/dict_16_192_64_0p5_0p02_0040_0005" 5627
"/Engine/EngineMaterials/Substrate/GLints/dict_16_192_64_0p5_0p02_0040_0004" 5628
"/Engine/EngineMaterials/Substrate/GLints/dict_16_192_64_0p5_0p02_0040_0003" 5629
"/Engine/EngineMaterials/Substrate/GLints/dict_16_192_64_0p5_0p02_0040_0002" 5630
"/Engine/EngineMaterials/Substrate/GLints/dict_16_192_64_0p5_0p02_0040_0001" 5631
"/Engine/EngineMaterials/Substrate/GLints/dict_16_192_64_0p5_0p02_0040_0000" 5632
"/Engine/EngineMaterials/Substrate/GLints/dict_16_192_64_0p5_0p02_0039_0015" 5633
"/Engine/EngineMaterials/Substrate/GLints/dict_16_192_64_0p5_0p02_0041_0014" 5634
"../../../Engine/Content/EngineMaterials/Substrate/GLints/dict_16_192_64_0p5_0p02_0041_0015.uasset" 5635
"../../../Engine/Content/EngineMaterials/Substrate/GLints/dict_16_192_64_0p5_0p02_0042_0000.uasset" 5636
"../../../Engine/Content/EngineMaterials/Substrate/GLints/dict_16_192_64_0p5_0p02_0042_0002.uasset" 5637
"../../../Engine/Content/EngineMaterials/Substrate/GLints/dict_16_192_64_0p5_0p02_0042_0001.uasset" 5638
"../../../Engine/Content/EngineMaterials/Substrate/GLints/dict_16_192_64_0p5_0p02_0042_0005.uasset" 5639
"../../../Engine/Content/EngineMaterials/Substrate/GLints/dict_16_192_64_0p5_0p02_0042_0004.uasset" 5640
"../../../Engine/Content/EngineMaterials/Substrate/GLints/dict_16_192_64_0p5_0p02_0042_0006.uasset" 5641
"../../../Engine/Content/EngineMaterials/Substrate/GLints/dict_16_192_64_0p5_0p02_0042_0011.uasset" 5642
"../../../Engine/Content/EngineMaterials/Substrate/GLints/dict_16_192_64_0p5_0p02_0042_0010.uasset" 5643
"../../../Engine/Content/EngineMaterials/Substrate/GLints/dict_16_192_64_0p5_0p02_0042_0007.uasset" 5644
"../../../Engine/Content/EngineMaterials/Substrate/GLints/dict_16_192_64_0p5_0p02_0042_0008.uasset" 5645
"../../../Engine/Content/EngineMaterials/Substrate/GLints/dict_16_192_64_0p5_0p02_0042_0013.uasset" 5646
"../../../Engine/Content/EngineMaterials/Substrate/GLints/dict_16_192_64_0p5_0p02_0042_0009.uasset" 5647
"/Engine/EngineMaterials/Substrate/GLints/dict_16_192_64_0p5_0p02_0041_0013" 5648
"../../../Engine/Content/EngineMaterials/Substrate/GLints/dict_16_192_64_0p5_0p02_0042_0012.uasset" 5649
"../../../Engine/Content/EngineMaterials/Substrate/GLints/dict_16_192_64_0p5_0p02_0042_0014.uasset" 5650
"../../../Engine/Content/EngineMaterials/Substrate/GLints/dict_16_192_64_0p5_0p02_0042_0003.uasset" 5651
"/Engine/EngineMaterials/Substrate/GLints/dict_16_192_64_0p5_0p02_0041_0012" 5652
"/Engine/EngineMaterials/Substrate/GLints/dict_16_192_64_0p5_0p02_0041_0011" 5653
"/Engine/EngineMaterials/Substrate/GLints/dict_16_192_64_0p5_0p02_0041_0010" 5654
"/Engine/EngineMaterials/Substrate/GLints/dict_16_192_64_0p5_0p02_0041_0009" 5655
"/Engine/EngineMaterials/Substrate/GLints/dict_16_192_64_0p5_0p02_0041_0008" 5656
"/Engine/EngineMaterials/Substrate/GLints/dict_16_192_64_0p5_0p02_0041_0007" 5657
"/Engine/EngineMaterials/Substrate/GLints/dict_16_192_64_0p5_0p02_0041_0006" 5658
"/Engine/EngineMaterials/Substrate/GLints/dict_16_192_64_0p5_0p02_0041_0005" 5659
"/Engine/EngineMaterials/Substrate/GLints/dict_16_192_64_0p5_0p02_0041_0004" 5660
"/Engine/EngineMaterials/Substrate/GLints/dict_16_192_64_0p5_0p02_0041_0003" 5661
"/Engine/EngineMaterials/Substrate/GLints/dict_16_192_64_0p5_0p02_0041_0002" 5662
"/Engine/EngineMaterials/Substrate/GLints/dict_16_192_64_0p5_0p02_0041_0001" 5663
"/Engine/EngineMaterials/Substrate/GLints/dict_16_192_64_0p5_0p02_0041_0000" 5664
"/Engine/EngineMaterials/Substrate/GLints/dict_16_192_64_0p5_0p02_0040_0015" 5665
"/Engine/EngineMaterials/Substrate/GLints/dict_16_192_64_0p5_0p02_0042_0014" 5666
"../../../Engine/Content/EngineMaterials/Substrate/GLints/dict_16_192_64_0p5_0p02_0042_0015.uasset" 5667
"../../../Engine/Content/EngineMaterials/Substrate/GLints/dict_16_192_64_0p5_0p02_0043_0000.uasset" 5668
"../../../Engine/Content/EngineMaterials/Substrate/GLints/dict_16_192_64_0p5_0p02_0043_0002.uasset" 5669
"../../../Engine/Content/EngineMaterials/Substrate/GLints/dict_16_192_64_0p5_0p02_0043_0001.uasset" 5670
"../../../Engine/Content/EngineMaterials/Substrate/GLints/dict_16_192_64_0p5_0p02_0043_0008.uasset" 5671
"../../../Engine/Content/EngineMaterials/Substrate/GLints/dict_16_192_64_0p5_0p02_0043_0010.uasset" 5672
"../../../Engine/Content/EngineMaterials/Substrate/GLints/dict_16_192_64_0p5_0p02_0043_0003.uasset" 5673
"../../../Engine/Content/EngineMaterials/Substrate/GLints/dict_16_192_64_0p5_0p02_0043_0005.uasset" 5674
"../../../Engine/Content/EngineMaterials/Substrate/GLints/dict_16_192_64_0p5_0p02_0043_0006.uasset" 5675
"../../../Engine/Content/EngineMaterials/Substrate/GLints/dict_16_192_64_0p5_0p02_0043_0004.uasset" 5676
"../../../Engine/Content/EngineMaterials/Substrate/GLints/dict_16_192_64_0p5_0p02_0043_0014.uasset" 5677
"../../../Engine/Content/EngineMaterials/Substrate/GLints/dict_16_192_64_0p5_0p02_0043_0009.uasset" 5678
"/Engine/EngineMaterials/Substrate/GLints/dict_16_192_64_0p5_0p02_0042_0013" 5679
"../../../Engine/Content/EngineMaterials/Substrate/GLints/dict_16_192_64_0p5_0p02_0043_0007.uasset" 5680
"../../../Engine/Content/EngineMaterials/Substrate/GLints/dict_16_192_64_0p5_0p02_0043_0011.uasset" 5681
"../../../Engine/Content/EngineMaterials/Substrate/GLints/dict_16_192_64_0p5_0p02_0043_0012.uasset" 5682
"../../../Engine/Content/EngineMaterials/Substrate/GLints/dict_16_192_64_0p5_0p02_0043_0013.uasset" 5683
"/Engine/EngineMaterials/Substrate/GLints/dict_16_192_64_0p5_0p02_0042_0012" 5684
"/Engine/EngineMaterials/Substrate/GLints/dict_16_192_64_0p5_0p02_0042_0011" 5685
"/Engine/EngineMaterials/Substrate/GLints/dict_16_192_64_0p5_0p02_0042_0010" 5686
"/Engine/EngineMaterials/Substrate/GLints/dict_16_192_64_0p5_0p02_0042_0009" 5687
"/Engine/EngineMaterials/Substrate/GLints/dict_16_192_64_0p5_0p02_0042_0008" 5688
"/Engine/EngineMaterials/Substrate/GLints/dict_16_192_64_0p5_0p02_0042_0007" 5689
"/Engine/EngineMaterials/Substrate/GLints/dict_16_192_64_0p5_0p02_0042_0006" 5690
"/Engine/EngineMaterials/Substrate/GLints/dict_16_192_64_0p5_0p02_0042_0005" 5691
"/Engine/EngineMaterials/Substrate/GLints/dict_16_192_64_0p5_0p02_0042_0004" 5692
"/Engine/EngineMaterials/Substrate/GLints/dict_16_192_64_0p5_0p02_0042_0003" 5693
"/Engine/EngineMaterials/Substrate/GLints/dict_16_192_64_0p5_0p02_0042_0002" 5694
"/Engine/EngineMaterials/Substrate/GLints/dict_16_192_64_0p5_0p02_0042_0001" 5695
"/Engine/EngineMaterials/Substrate/GLints/dict_16_192_64_0p5_0p02_0042_0000" 5696
"/Engine/EngineMaterials/Substrate/GLints/dict_16_192_64_0p5_0p02_0041_0015" 5697
"/Engine/EngineMaterials/Substrate/GLints/dict_16_192_64_0p5_0p02_0043_0014" 5698
"../../../Engine/Content/EngineMaterials/Substrate/GLints/dict_16_192_64_0p5_0p02_0043_0015.uasset" 5699
"../../../Engine/Content/EngineMaterials/Substrate/GLints/dict_16_192_64_0p5_0p02_0044_0001.uasset" 5700
"../../../Engine/Content/EngineMaterials/Substrate/GLints/dict_16_192_64_0p5_0p02_0044_0002.uasset" 5701
"../../../Engine/Content/EngineMaterials/Substrate/GLints/dict_16_192_64_0p5_0p02_0044_0000.uasset" 5702
"../../../Engine/Content/EngineMaterials/Substrate/GLints/dict_16_192_64_0p5_0p02_0044_0005.uasset" 5703
"../../../Engine/Content/EngineMaterials/Substrate/GLints/dict_16_192_64_0p5_0p02_0044_0003.uasset" 5704
"../../../Engine/Content/EngineMaterials/Substrate/GLints/dict_16_192_64_0p5_0p02_0044_0006.uasset" 5705
"../../../Engine/Content/EngineMaterials/Substrate/GLints/dict_16_192_64_0p5_0p02_0044_0004.uasset" 5706
"../../../Engine/Content/EngineMaterials/Substrate/GLints/dict_16_192_64_0p5_0p02_0044_0009.uasset" 5707
"../../../Engine/Content/EngineMaterials/Substrate/GLints/dict_16_192_64_0p5_0p02_0044_0011.uasset" 5708
"../../../Engine/Content/EngineMaterials/Substrate/GLints/dict_16_192_64_0p5_0p02_0044_0007.uasset" 5709
"/Engine/EngineMaterials/Substrate/GLints/dict_16_192_64_0p5_0p02_0043_0013" 5710
"../../../Engine/Content/EngineMaterials/Substrate/GLints/dict_16_192_64_0p5_0p02_0044_0010.uasset" 5711
"../../../Engine/Content/EngineMaterials/Substrate/GLints/dict_16_192_64_0p5_0p02_0044_0013.uasset" 5712
"../../../Engine/Content/EngineMaterials/Substrate/GLints/dict_16_192_64_0p5_0p02_0044_0008.uasset" 5713
"../../../Engine/Content/EngineMaterials/Substrate/GLints/dict_16_192_64_0p5_0p02_0044_0014.uasset" 5714
"../../../Engine/Content/EngineMaterials/Substrate/GLints/dict_16_192_64_0p5_0p02_0044_0012.uasset" 5715
"/Engine/EngineMaterials/Substrate/GLints/dict_16_192_64_0p5_0p02_0043_0012" 5716
"/Engine/EngineMaterials/Substrate/GLints/dict_16_192_64_0p5_0p02_0043_0011" 5717
"/Engine/EngineMaterials/Substrate/GLints/dict_16_192_64_0p5_0p02_0043_0010" 5718
"/Engine/EngineMaterials/Substrate/GLints/dict_16_192_64_0p5_0p02_0043_0009" 5719
"/Engine/EngineMaterials/Substrate/GLints/dict_16_192_64_0p5_0p02_0043_0008" 5720
"/Engine/EngineMaterials/Substrate/GLints/dict_16_192_64_0p5_0p02_0043_0007" 5721
"/Engine/EngineMaterials/Substrate/GLints/dict_16_192_64_0p5_0p02_0043_0006" 5722
"/Engine/EngineMaterials/Substrate/GLints/dict_16_192_64_0p5_0p02_0043_0005" 5723
"/Engine/EngineMaterials/Substrate/GLints/dict_16_192_64_0p5_0p02_0043_0004" 5724
"/Engine/EngineMaterials/Substrate/GLints/dict_16_192_64_0p5_0p02_0043_0003" 5725
"/Engine/EngineMaterials/Substrate/GLints/dict_16_192_64_0p5_0p02_0043_0002" 5726
"/Engine/EngineMaterials/Substrate/GLints/dict_16_192_64_0p5_0p02_0043_0001" 5727
"/Engine/EngineMaterials/Substrate/GLints/dict_16_192_64_0p5_0p02_0043_0000" 5728
"/Engine/EngineMaterials/Substrate/GLints/dict_16_192_64_0p5_0p02_0042_0015" 5729
"/Engine/EngineMaterials/Substrate/GLints/dict_16_192_64_0p5_0p02_0044_0014" 5730
"../../../Engine/Content/EngineMaterials/Substrate/GLints/dict_16_192_64_0p5_0p02_0044_0015.uasset" 5731
"../../../Engine/Content/EngineMaterials/Substrate/GLints/dict_16_192_64_0p5_0p02_0045_0000.uasset" 5732
"../../../Engine/Content/EngineMaterials/Substrate/GLints/dict_16_192_64_0p5_0p02_0045_0001.uasset" 5733
"../../../Engine/Content/EngineMaterials/Substrate/GLints/dict_16_192_64_0p5_0p02_0045_0002.uasset" 5734
"../../../Engine/Content/EngineMaterials/Substrate/GLints/dict_16_192_64_0p5_0p02_0045_0003.uasset" 5735
"../../../Engine/Content/EngineMaterials/Substrate/GLints/dict_16_192_64_0p5_0p02_0045_0004.uasset" 5736
"../../../Engine/Content/EngineMaterials/Substrate/GLints/dict_16_192_64_0p5_0p02_0045_0007.uasset" 5737
"../../../Engine/Content/EngineMaterials/Substrate/GLints/dict_16_192_64_0p5_0p02_0045_0008.uasset" 5738
"../../../Engine/Content/EngineMaterials/Substrate/GLints/dict_16_192_64_0p5_0p02_0045_0009.uasset" 5739
"/Engine/EngineMaterials/Substrate/GLints/dict_16_192_64_0p5_0p02_0044_0013" 5740
"../../../Engine/Content/EngineMaterials/Substrate/GLints/dict_16_192_64_0p5_0p02_0045_0005.uasset" 5741
"../../../Engine/Content/EngineMaterials/Substrate/GLints/dict_16_192_64_0p5_0p02_0045_0011.uasset" 5742
"../../../Engine/Content/EngineMaterials/Substrate/GLints/dict_16_192_64_0p5_0p02_0045_0013.uasset" 5743
"../../../Engine/Content/EngineMaterials/Substrate/GLints/dict_16_192_64_0p5_0p02_0045_0014.uasset" 5744
"../../../Engine/Content/EngineMaterials/Substrate/GLints/dict_16_192_64_0p5_0p02_0045_0012.uasset" 5745
"../../../Engine/Content/EngineMaterials/Substrate/GLints/dict_16_192_64_0p5_0p02_0045_0006.uasset" 5746
"../../../Engine/Content/EngineMaterials/Substrate/GLints/dict_16_192_64_0p5_0p02_0045_0010.uasset" 5747
"/Engine/EngineMaterials/Substrate/GLints/dict_16_192_64_0p5_0p02_0044_0012" 5748
"/Engine/EngineMaterials/Substrate/GLints/dict_16_192_64_0p5_0p02_0044_0011" 5749
"/Engine/EngineMaterials/Substrate/GLints/dict_16_192_64_0p5_0p02_0044_0010" 5750
"/Engine/EngineMaterials/Substrate/GLints/dict_16_192_64_0p5_0p02_0044_0009" 5751
"/Engine/EngineMaterials/Substrate/GLints/dict_16_192_64_0p5_0p02_0044_0008" 5752
"/Engine/EngineMaterials/Substrate/GLints/dict_16_192_64_0p5_0p02_0044_0007" 5753
"/Engine/EngineMaterials/Substrate/GLints/dict_16_192_64_0p5_0p02_0044_0006" 5754
"/Engine/EngineMaterials/Substrate/GLints/dict_16_192_64_0p5_0p02_0044_0005" 5755
"/Engine/EngineMaterials/Substrate/GLints/dict_16_192_64_0p5_0p02_0044_0004" 5756
"/Engine/EngineMaterials/Substrate/GLints/dict_16_192_64_0p5_0p02_0044_0003" 5757
"/Engine/EngineMaterials/Substrate/GLints/dict_16_192_64_0p5_0p02_0044_0002" 5758
"/Engine/EngineMaterials/Substrate/GLints/dict_16_192_64_0p5_0p02_0044_0001" 5759
"/Engine/EngineMaterials/Substrate/GLints/dict_16_192_64_0p5_0p02_0044_0000" 5760
"/Engine/EngineMaterials/Substrate/GLints/dict_16_192_64_0p5_0p02_0043_0015" 5761
"/Engine/EngineMaterials/Substrate/GLints/dict_16_192_64_0p5_0p02_0045_0014" 5762
"../../../Engine/Content/EngineMaterials/Substrate/GLints/dict_16_192_64_0p5_0p02_0045_0015.uasset" 5763
"../../../Engine/Content/EngineMaterials/Substrate/GLints/dict_16_192_64_0p5_0p02_0046_0002.uasset" 5764
"../../../Engine/Content/EngineMaterials/Substrate/GLints/dict_16_192_64_0p5_0p02_0046_0000.uasset" 5765
"/Engine/EngineMaterials/Substrate/GLints/dict_16_192_64_0p5_0p02_0045_0013" 5766
"../../../Engine/Content/EngineMaterials/Substrate/GLints/dict_16_192_64_0p5_0p02_0046_0001.uasset" 5767
"../../../Engine/Content/EngineMaterials/Substrate/GLints/dict_16_192_64_0p5_0p02_0046_0004.uasset" 5768
"../../../Engine/Content/EngineMaterials/Substrate/GLints/dict_16_192_64_0p5_0p02_0046_0005.uasset" 5769
"../../../Engine/Content/EngineMaterials/Substrate/GLints/dict_16_192_64_0p5_0p02_0046_0012.uasset" 5770
"../../../Engine/Content/EngineMaterials/Substrate/GLints/dict_16_192_64_0p5_0p02_0046_0011.uasset" 5771
"../../../Engine/Content/EngineMaterials/Substrate/GLints/dict_16_192_64_0p5_0p02_0046_0009.uasset" 5772
"../../../Engine/Content/EngineMaterials/Substrate/GLints/dict_16_192_64_0p5_0p02_0046_0008.uasset" 5773
"../../../Engine/Content/EngineMaterials/Substrate/GLints/dict_16_192_64_0p5_0p02_0046_0006.uasset" 5774
"../../../Engine/Content/EngineMaterials/Substrate/GLints/dict_16_192_64_0p5_0p02_0046_0003.uasset" 5775
"../../../Engine/Content/EngineMaterials/Substrate/GLints/dict_16_192_64_0p5_0p02_0046_0007.uasset" 5776
"../../../Engine/Content/EngineMaterials/Substrate/GLints/dict_16_192_64_0p5_0p02_0046_0010.uasset" 5777
"../../../Engine/Content/EngineMaterials/Substrate/GLints/dict_16_192_64_0p5_0p02_0046_0014.uasset" 5778
"../../../Engine/Content/EngineMaterials/Substrate/GLints/dict_16_192_64_0p5_0p02_0046_0013.uasset" 5779
"/Engine/EngineMaterials/Substrate/GLints/dict_16_192_64_0p5_0p02_0045_0012" 5780
"/Engine/EngineMaterials/Substrate/GLints/dict_16_192_64_0p5_0p02_0045_0011" 5781
"/Engine/EngineMaterials/Substrate/GLints/dict_16_192_64_0p5_0p02_0045_0010" 5782
"/Engine/EngineMaterials/Substrate/GLints/dict_16_192_64_0p5_0p02_0045_0009" 5783
"/Engine/EngineMaterials/Substrate/GLints/dict_16_192_64_0p5_0p02_0045_0008" 5784
"/Engine/EngineMaterials/Substrate/GLints/dict_16_192_64_0p5_0p02_0045_0007" 5785
"/Engine/EngineMaterials/Substrate/GLints/dict_16_192_64_0p5_0p02_0045_0006" 5786
"/Engine/EngineMaterials/Substrate/GLints/dict_16_192_64_0p5_0p02_0045_0005" 5787
"/Engine/EngineMaterials/Substrate/GLints/dict_16_192_64_0p5_0p02_0045_0004" 5788
"/Engine/EngineMaterials/Substrate/GLints/dict_16_192_64_0p5_0p02_0045_0003" 5789
"/Engine/EngineMaterials/Substrate/GLints/dict_16_192_64_0p5_0p02_0045_0002" 5790
"/Engine/EngineMaterials/Substrate/GLints/dict_16_192_64_0p5_0p02_0045_0001" 5791
"/Engine/EngineMaterials/Substrate/GLints/dict_16_192_64_0p5_0p02_0045_0000" 5792
"/Engine/EngineMaterials/Substrate/GLints/dict_16_192_64_0p5_0p02_0044_0015" 5793
"/Engine/EngineMaterials/Substrate/GLints/dict_16_192_64_0p5_0p02_0046_0014" 5794
"../../../Engine/Content/EngineMaterials/Substrate/GLints/dict_16_192_64_0p5_0p02_0046_0015.uasset" 5795
"../../../Engine/Content/EngineMaterials/Substrate/GLints/dict_16_192_64_0p5_0p02_0047_0000.uasset" 5796
"../../../Engine/Content/EngineMaterials/Substrate/GLints/dict_16_192_64_0p5_0p02_0047_0001.uasset" 5797
"/Engine/EngineMaterials/Substrate/GLints/dict_16_192_64_0p5_0p02_0046_0013" 5798
"../../../Engine/Content/EngineMaterials/Substrate/GLints/dict_16_192_64_0p5_0p02_0047_0002.uasset" 5799
"../../../Engine/Content/EngineMaterials/Substrate/GLints/dict_16_192_64_0p5_0p02_0047_0007.uasset" 5800
"../../../Engine/Content/EngineMaterials/Substrate/GLints/dict_16_192_64_0p5_0p02_0047_0006.uasset" 5801
"../../../Engine/Content/EngineMaterials/Substrate/GLints/dict_16_192_64_0p5_0p02_0047_0003.uasset" 5802
"../../../Engine/Content/EngineMaterials/Substrate/GLints/dict_16_192_64_0p5_0p02_0047_0010.uasset" 5803
"../../../Engine/Content/EngineMaterials/Substrate/GLints/dict_16_192_64_0p5_0p02_0047_0004.uasset" 5804
"../../../Engine/Content/EngineMaterials/Substrate/GLints/dict_16_192_64_0p5_0p02_0047_0008.uasset" 5805
"../../../Engine/Content/EngineMaterials/Substrate/GLints/dict_16_192_64_0p5_0p02_0047_0009.uasset" 5806
"../../../Engine/Content/EngineMaterials/Substrate/GLints/dict_16_192_64_0p5_0p02_0047_0013.uasset" 5807
"../../../Engine/Content/EngineMaterials/Substrate/GLints/dict_16_192_64_0p5_0p02_0047_0011.uasset" 5808
"../../../Engine/Content/EngineMaterials/Substrate/GLints/dict_16_192_64_0p5_0p02_0047_0012.uasset" 5809
"../../../Engine/Content/EngineMaterials/Substrate/GLints/dict_16_192_64_0p5_0p02_0047_0005.uasset" 5810
"../../../Engine/Content/EngineMaterials/Substrate/GLints/dict_16_192_64_0p5_0p02_0047_0014.uasset" 5811
"/Engine/EngineMaterials/Substrate/GLints/dict_16_192_64_0p5_0p02_0046_0012" 5812
"/Engine/EngineMaterials/Substrate/GLints/dict_16_192_64_0p5_0p02_0046_0011" 5813
"/Engine/EngineMaterials/Substrate/GLints/dict_16_192_64_0p5_0p02_0046_0010" 5814
"/Engine/EngineMaterials/Substrate/GLints/dict_16_192_64_0p5_0p02_0046_0009" 5815
"/Engine/EngineMaterials/Substrate/GLints/dict_16_192_64_0p5_0p02_0046_0008" 5816
"/Engine/EngineMaterials/Substrate/GLints/dict_16_192_64_0p5_0p02_0046_0007" 5817
"/Engine/EngineMaterials/Substrate/GLints/dict_16_192_64_0p5_0p02_0046_0006" 5818
"/Engine/EngineMaterials/Substrate/GLints/dict_16_192_64_0p5_0p02_0046_0005" 5819
"/Engine/EngineMaterials/Substrate/GLints/dict_16_192_64_0p5_0p02_0046_0004" 5820
"/Engine/EngineMaterials/Substrate/GLints/dict_16_192_64_0p5_0p02_0046_0003" 5821
"/Engine/EngineMaterials/Substrate/GLints/dict_16_192_64_0p5_0p02_0046_0002" 5822
"/Engine/EngineMaterials/Substrate/GLints/dict_16_192_64_0p5_0p02_0046_0001" 5823
"/Engine/EngineMaterials/Substrate/GLints/dict_16_192_64_0p5_0p02_0046_0000" 5824
"/Engine/EngineMaterials/Substrate/GLints/dict_16_192_64_0p5_0p02_0045_0015" 5825
"/Engine/EngineMaterials/Substrate/GLints/dict_16_192_64_0p5_0p02_0047_0014" 5826
"../../../Engine/Content/EngineMaterials/Substrate/GLints/dict_16_192_64_0p5_0p02_0048_0001.uasset" 5827
"../../../Engine/Content/EngineMaterials/Substrate/GLints/dict_16_192_64_0p5_0p02_0047_0015.uasset" 5828
"../../../Engine/Content/EngineMaterials/Substrate/GLints/dict_16_192_64_0p5_0p02_0048_0000.uasset" 5829
"/Engine/EngineMaterials/Substrate/GLints/dict_16_192_64_0p5_0p02_0047_0013" 5830
"../../../Engine/Content/EngineMaterials/Substrate/GLints/dict_16_192_64_0p5_0p02_0048_0002.uasset" 5831
"../../../Engine/Content/EngineMaterials/Substrate/GLints/dict_16_192_64_0p5_0p02_0048_0004.uasset" 5832
"../../../Engine/Content/EngineMaterials/Substrate/GLints/dict_16_192_64_0p5_0p02_0048_0005.uasset" 5833
"../../../Engine/Content/EngineMaterials/Substrate/GLints/dict_16_192_64_0p5_0p02_0048_0007.uasset" 5834
"../../../Engine/Content/EngineMaterials/Substrate/GLints/dict_16_192_64_0p5_0p02_0048_0006.uasset" 5835
"../../../Engine/Content/EngineMaterials/Substrate/GLints/dict_16_192_64_0p5_0p02_0048_0003.uasset" 5836
"../../../Engine/Content/EngineMaterials/Substrate/GLints/dict_16_192_64_0p5_0p02_0048_0011.uasset" 5837
"../../../Engine/Content/EngineMaterials/Substrate/GLints/dict_16_192_64_0p5_0p02_0048_0010.uasset" 5838
"../../../Engine/Content/EngineMaterials/Substrate/GLints/dict_16_192_64_0p5_0p02_0048_0009.uasset" 5839
"../../../Engine/Content/EngineMaterials/Substrate/GLints/dict_16_192_64_0p5_0p02_0048_0008.uasset" 5840
"../../../Engine/Content/EngineMaterials/Substrate/GLints/dict_16_192_64_0p5_0p02_0048_0013.uasset" 5841
"../../../Engine/Content/EngineMaterials/Substrate/GLints/dict_16_192_64_0p5_0p02_0048_0012.uasset" 5842
"../../../Engine/Content/EngineMaterials/Substrate/GLints/dict_16_192_64_0p5_0p02_0048_0014.uasset" 5843
"/Engine/EngineMaterials/Substrate/GLints/dict_16_192_64_0p5_0p02_0047_0012" 5844
"/Engine/EngineMaterials/Substrate/GLints/dict_16_192_64_0p5_0p02_0047_0011" 5845
"/Engine/EngineMaterials/Substrate/GLints/dict_16_192_64_0p5_0p02_0047_0010" 5846
"/Engine/EngineMaterials/Substrate/GLints/dict_16_192_64_0p5_0p02_0047_0009" 5847
"/Engine/EngineMaterials/Substrate/GLints/dict_16_192_64_0p5_0p02_0047_0008" 5848
"/Engine/EngineMaterials/Substrate/GLints/dict_16_192_64_0p5_0p02_0047_0007" 5849
"/Engine/EngineMaterials/Substrate/GLints/dict_16_192_64_0p5_0p02_0047_0006" 5850
"/Engine/EngineMaterials/Substrate/GLints/dict_16_192_64_0p5_0p02_0047_0005" 5851
"/Engine/EngineMaterials/Substrate/GLints/dict_16_192_64_0p5_0p02_0047_0004" 5852
"/Engine/EngineMaterials/Substrate/GLints/dict_16_192_64_0p5_0p02_0047_0003" 5853
"/Engine/EngineMaterials/Substrate/GLints/dict_16_192_64_0p5_0p02_0047_0002" 5854
"/Engine/EngineMaterials/Substrate/GLints/dict_16_192_64_0p5_0p02_0047_0001" 5855
"/Engine/EngineMaterials/Substrate/GLints/dict_16_192_64_0p5_0p02_0047_0000" 5856
"/Engine/EngineMaterials/Substrate/GLints/dict_16_192_64_0p5_0p02_0046_0015" 5857
"/Engine/EngineMaterials/Substrate/GLints/dict_16_192_64_0p5_0p02_0048_0014" 5858
"../../../Engine/Content/EngineMaterials/Substrate/GLints/dict_16_192_64_0p5_0p02_0048_0015.uasset" 5859
"../../../Engine/Content/EngineMaterials/Substrate/GLints/dict_16_192_64_0p5_0p02_0049_0000.uasset" 5860
"../../../Engine/Content/EngineMaterials/Substrate/GLints/dict_16_192_64_0p5_0p02_0049_0001.uasset" 5861
"../../../Engine/Content/EngineMaterials/Substrate/GLints/dict_16_192_64_0p5_0p02_0049_0002.uasset" 5862
"../../../Engine/Content/EngineMaterials/Substrate/GLints/dict_16_192_64_0p5_0p02_0049_0003.uasset" 5863
"../../../Engine/Content/EngineMaterials/Substrate/GLints/dict_16_192_64_0p5_0p02_0049_0004.uasset" 5864
"../../../Engine/Content/EngineMaterials/Substrate/GLints/dict_16_192_64_0p5_0p02_0049_0005.uasset" 5865
"../../../Engine/Content/EngineMaterials/Substrate/GLints/dict_16_192_64_0p5_0p02_0049_0010.uasset" 5866
"../../../Engine/Content/EngineMaterials/Substrate/GLints/dict_16_192_64_0p5_0p02_0049_0007.uasset" 5867
"../../../Engine/Content/EngineMaterials/Substrate/GLints/dict_16_192_64_0p5_0p02_0049_0011.uasset" 5868
"../../../Engine/Content/EngineMaterials/Substrate/GLints/dict_16_192_64_0p5_0p02_0049_0008.uasset" 5869
"../../../Engine/Content/EngineMaterials/Substrate/GLints/dict_16_192_64_0p5_0p02_0049_0006.uasset" 5870
"../../../Engine/Content/EngineMaterials/Substrate/GLints/dict_16_192_64_0p5_0p02_0049_0009.uasset" 5871
"../../../Engine/Content/EngineMaterials/Substrate/GLints/dict_16_192_64_0p5_0p02_0049_0013.uasset" 5872
"../../../Engine/Content/EngineMaterials/Substrate/GLints/dict_16_192_64_0p5_0p02_0049_0012.uasset" 5873
"/Engine/EngineMaterials/Substrate/GLints/dict_16_192_64_0p5_0p02_0048_0013" 5874
"../../../Engine/Content/EngineMaterials/Substrate/GLints/dict_16_192_64_0p5_0p02_0049_0014.uasset" 5875
"/Engine/EngineMaterials/Substrate/GLints/dict_16_192_64_0p5_0p02_0048_0012" 5876
"/Engine/EngineMaterials/Substrate/GLints/dict_16_192_64_0p5_0p02_0048_0011" 5877
"/Engine/EngineMaterials/Substrate/GLints/dict_16_192_64_0p5_0p02_0048_0010" 5878
"/Engine/EngineMaterials/Substrate/GLints/dict_16_192_64_0p5_0p02_0048_0009" 5879
"/Engine/EngineMaterials/Substrate/GLints/dict_16_192_64_0p5_0p02_0048_0008" 5880
"/Engine/EngineMaterials/Substrate/GLints/dict_16_192_64_0p5_0p02_0048_0007" 5881
"/Engine/EngineMaterials/Substrate/GLints/dict_16_192_64_0p5_0p02_0048_0006" 5882
"/Engine/EngineMaterials/Substrate/GLints/dict_16_192_64_0p5_0p02_0048_0005" 5883
"/Engine/EngineMaterials/Substrate/GLints/dict_16_192_64_0p5_0p02_0048_0004" 5884
"/Engine/EngineMaterials/Substrate/GLints/dict_16_192_64_0p5_0p02_0048_0003" 5885
"/Engine/EngineMaterials/Substrate/GLints/dict_16_192_64_0p5_0p02_0048_0002" 5886
"/Engine/EngineMaterials/Substrate/GLints/dict_16_192_64_0p5_0p02_0048_0001" 5887
"/Engine/EngineMaterials/Substrate/GLints/dict_16_192_64_0p5_0p02_0048_0000" 5888
"/Engine/EngineMaterials/Substrate/GLints/dict_16_192_64_0p5_0p02_0047_0015" 5889
"/Engine/EngineMaterials/Substrate/GLints/dict_16_192_64_0p5_0p02_0049_0014" 5890
"../../../Engine/Content/EngineMaterials/Substrate/GLints/dict_16_192_64_0p5_0p02_0049_0015.uasset" 5891
"../../../Engine/Content/EngineMaterials/Substrate/GLints/dict_16_192_64_0p5_0p02_0050_0000.uasset" 5892
"../../../Engine/Content/EngineMaterials/Substrate/GLints/dict_16_192_64_0p5_0p02_0050_0002.uasset" 5893
"../../../Engine/Content/EngineMaterials/Substrate/GLints/dict_16_192_64_0p5_0p02_0050_0001.uasset" 5894
"../../../Engine/Content/EngineMaterials/Substrate/GLints/dict_16_192_64_0p5_0p02_0050_0004.uasset" 5895
"../../../Engine/Content/EngineMaterials/Substrate/GLints/dict_16_192_64_0p5_0p02_0050_0006.uasset" 5896
"../../../Engine/Content/EngineMaterials/Substrate/GLints/dict_16_192_64_0p5_0p02_0050_0009.uasset" 5897
"../../../Engine/Content/EngineMaterials/Substrate/GLints/dict_16_192_64_0p5_0p02_0050_0012.uasset" 5898
"../../../Engine/Content/EngineMaterials/Substrate/GLints/dict_16_192_64_0p5_0p02_0050_0013.uasset" 5899
"../../../Engine/Content/EngineMaterials/Substrate/GLints/dict_16_192_64_0p5_0p02_0050_0005.uasset" 5900
"../../../Engine/Content/EngineMaterials/Substrate/GLints/dict_16_192_64_0p5_0p02_0050_0014.uasset" 5901
"../../../Engine/Content/EngineMaterials/Substrate/GLints/dict_16_192_64_0p5_0p02_0050_0010.uasset" 5902
"../../../Engine/Content/EngineMaterials/Substrate/GLints/dict_16_192_64_0p5_0p02_0050_0003.uasset" 5903
"../../../Engine/Content/EngineMaterials/Substrate/GLints/dict_16_192_64_0p5_0p02_0050_0007.uasset" 5904
"../../../Engine/Content/EngineMaterials/Substrate/GLints/dict_16_192_64_0p5_0p02_0050_0011.uasset" 5905
"../../../Engine/Content/EngineMaterials/Substrate/GLints/dict_16_192_64_0p5_0p02_0050_0008.uasset" 5906
"/Engine/EngineMaterials/Substrate/GLints/dict_16_192_64_0p5_0p02_0049_0013" 5907
"/Engine/EngineMaterials/Substrate/GLints/dict_16_192_64_0p5_0p02_0049_0012" 5908
"/Engine/EngineMaterials/Substrate/GLints/dict_16_192_64_0p5_0p02_0049_0011" 5909
"/Engine/EngineMaterials/Substrate/GLints/dict_16_192_64_0p5_0p02_0049_0010" 5910
"/Engine/EngineMaterials/Substrate/GLints/dict_16_192_64_0p5_0p02_0049_0009" 5911
"/Engine/EngineMaterials/Substrate/GLints/dict_16_192_64_0p5_0p02_0049_0008" 5912
"/Engine/EngineMaterials/Substrate/GLints/dict_16_192_64_0p5_0p02_0049_0007" 5913
"/Engine/EngineMaterials/Substrate/GLints/dict_16_192_64_0p5_0p02_0049_0006" 5914
"/Engine/EngineMaterials/Substrate/GLints/dict_16_192_64_0p5_0p02_0049_0005" 5915
"/Engine/EngineMaterials/Substrate/GLints/dict_16_192_64_0p5_0p02_0049_0004" 5916
"/Engine/EngineMaterials/Substrate/GLints/dict_16_192_64_0p5_0p02_0049_0003" 5917
"/Engine/EngineMaterials/Substrate/GLints/dict_16_192_64_0p5_0p02_0049_0002" 5918
"/Engine/EngineMaterials/Substrate/GLints/dict_16_192_64_0p5_0p02_0049_0001" 5919
"/Engine/EngineMaterials/Substrate/GLints/dict_16_192_64_0p5_0p02_0049_0000" 5920
"/Engine/EngineMaterials/Substrate/GLints/dict_16_192_64_0p5_0p02_0048_0015" 5921
"/Engine/EngineMaterials/Substrate/GLints/dict_16_192_64_0p5_0p02_0050_0014" 5922
"../../../Engine/Content/EngineMaterials/Substrate/GLints/dict_16_192_64_0p5_0p02_0050_0015.uasset" 5923
"../../../Engine/Content/EngineMaterials/Substrate/GLints/dict_16_192_64_0p5_0p02_0051_0000.uasset" 5924
"../../../Engine/Content/EngineMaterials/Substrate/GLints/dict_16_192_64_0p5_0p02_0051_0002.uasset" 5925
"../../../Engine/Content/EngineMaterials/Substrate/GLints/dict_16_192_64_0p5_0p02_0051_0001.uasset" 5926
"../../../Engine/Content/EngineMaterials/Substrate/GLints/dict_16_192_64_0p5_0p02_0051_0004.uasset" 5927
"/Engine/EngineMaterials/Substrate/GLints/dict_16_192_64_0p5_0p02_0050_0013" 5928
"../../../Engine/Content/EngineMaterials/Substrate/GLints/dict_16_192_64_0p5_0p02_0051_0003.uasset" 5929
"../../../Engine/Content/EngineMaterials/Substrate/GLints/dict_16_192_64_0p5_0p02_0051_0005.uasset" 5930
"../../../Engine/Content/EngineMaterials/Substrate/GLints/dict_16_192_64_0p5_0p02_0051_0009.uasset" 5931
"../../../Engine/Content/EngineMaterials/Substrate/GLints/dict_16_192_64_0p5_0p02_0051_0008.uasset" 5932
"../../../Engine/Content/EngineMaterials/Substrate/GLints/dict_16_192_64_0p5_0p02_0051_0011.uasset" 5933
"../../../Engine/Content/EngineMaterials/Substrate/GLints/dict_16_192_64_0p5_0p02_0051_0012.uasset" 5934
"../../../Engine/Content/EngineMaterials/Substrate/GLints/dict_16_192_64_0p5_0p02_0051_0010.uasset" 5935
"../../../Engine/Content/EngineMaterials/Substrate/GLints/dict_16_192_64_0p5_0p02_0051_0013.uasset" 5936
"../../../Engine/Content/EngineMaterials/Substrate/GLints/dict_16_192_64_0p5_0p02_0051_0006.uasset" 5937
"../../../Engine/Content/EngineMaterials/Substrate/GLints/dict_16_192_64_0p5_0p02_0051_0007.uasset" 5938
"../../../Engine/Content/EngineMaterials/Substrate/GLints/dict_16_192_64_0p5_0p02_0051_0014.uasset" 5939
"/Engine/EngineMaterials/Substrate/GLints/dict_16_192_64_0p5_0p02_0050_0012" 5940
"/Engine/EngineMaterials/Substrate/GLints/dict_16_192_64_0p5_0p02_0050_0011" 5941
"/Engine/EngineMaterials/Substrate/GLints/dict_16_192_64_0p5_0p02_0050_0010" 5942
"/Engine/EngineMaterials/Substrate/GLints/dict_16_192_64_0p5_0p02_0050_0009" 5943
"/Engine/EngineMaterials/Substrate/GLints/dict_16_192_64_0p5_0p02_0050_0008" 5944
"/Engine/EngineMaterials/Substrate/GLints/dict_16_192_64_0p5_0p02_0050_0007" 5945
"/Engine/EngineMaterials/Substrate/GLints/dict_16_192_64_0p5_0p02_0050_0006" 5946
"/Engine/EngineMaterials/Substrate/GLints/dict_16_192_64_0p5_0p02_0050_0005" 5947
"/Engine/EngineMaterials/Substrate/GLints/dict_16_192_64_0p5_0p02_0050_0004" 5948
"/Engine/EngineMaterials/Substrate/GLints/dict_16_192_64_0p5_0p02_0050_0003" 5949
"/Engine/EngineMaterials/Substrate/GLints/dict_16_192_64_0p5_0p02_0050_0002" 5950
"/Engine/EngineMaterials/Substrate/GLints/dict_16_192_64_0p5_0p02_0050_0001" 5951
"/Engine/EngineMaterials/Substrate/GLints/dict_16_192_64_0p5_0p02_0050_0000" 5952
"/Engine/EngineMaterials/Substrate/GLints/dict_16_192_64_0p5_0p02_0049_0015" 5953
"/Engine/EngineMaterials/Substrate/GLints/dict_16_192_64_0p5_0p02_0051_0014" 5954
"../../../Engine/Content/EngineMaterials/Substrate/GLints/dict_16_192_64_0p5_0p02_0051_0015.uasset" 5955
"../../../Engine/Content/EngineMaterials/Substrate/GLints/dict_16_192_64_0p5_0p02_0052_0000.uasset" 5956
"../../../Engine/Content/EngineMaterials/Substrate/GLints/dict_16_192_64_0p5_0p02_0052_0001.uasset" 5957
"../../../Engine/Content/EngineMaterials/Substrate/GLints/dict_16_192_64_0p5_0p02_0052_0002.uasset" 5958
"../../../Engine/Content/EngineMaterials/Substrate/GLints/dict_16_192_64_0p5_0p02_0052_0004.uasset" 5959
"../../../Engine/Content/EngineMaterials/Substrate/GLints/dict_16_192_64_0p5_0p02_0052_0003.uasset" 5960
"../../../Engine/Content/EngineMaterials/Substrate/GLints/dict_16_192_64_0p5_0p02_0052_0007.uasset" 5961
"../../../Engine/Content/EngineMaterials/Substrate/GLints/dict_16_192_64_0p5_0p02_0052_0008.uasset" 5962
"../../../Engine/Content/EngineMaterials/Substrate/GLints/dict_16_192_64_0p5_0p02_0052_0009.uasset" 5963
"../../../Engine/Content/EngineMaterials/Substrate/GLints/dict_16_192_64_0p5_0p02_0052_0010.uasset" 5964
"../../../Engine/Content/EngineMaterials/Substrate/GLints/dict_16_192_64_0p5_0p02_0052_0005.uasset" 5965
"../../../Engine/Content/EngineMaterials/Substrate/GLints/dict_16_192_64_0p5_0p02_0052_0006.uasset" 5966
"../../../Engine/Content/EngineMaterials/Substrate/GLints/dict_16_192_64_0p5_0p02_0052_0014.uasset" 5967
"../../../Engine/Content/EngineMaterials/Substrate/GLints/dict_16_192_64_0p5_0p02_0052_0013.uasset" 5968
"../../../Engine/Content/EngineMaterials/Substrate/GLints/dict_16_192_64_0p5_0p02_0052_0011.uasset" 5969
"../../../Engine/Content/EngineMaterials/Substrate/GLints/dict_16_192_64_0p5_0p02_0052_0012.uasset" 5970
"/Engine/EngineMaterials/Substrate/GLints/dict_16_192_64_0p5_0p02_0051_0013" 5971
"/Engine/EngineMaterials/Substrate/GLints/dict_16_192_64_0p5_0p02_0051_0012" 5972
"/Engine/EngineMaterials/Substrate/GLints/dict_16_192_64_0p5_0p02_0051_0011" 5973
"/Engine/EngineMaterials/Substrate/GLints/dict_16_192_64_0p5_0p02_0051_0010" 5974
"/Engine/EngineMaterials/Substrate/GLints/dict_16_192_64_0p5_0p02_0051_0009" 5975
"/Engine/EngineMaterials/Substrate/GLints/dict_16_192_64_0p5_0p02_0051_0008" 5976
"/Engine/EngineMaterials/Substrate/GLints/dict_16_192_64_0p5_0p02_0051_0007" 5977
"/Engine/EngineMaterials/Substrate/GLints/dict_16_192_64_0p5_0p02_0051_0006" 5978
"/Engine/EngineMaterials/Substrate/GLints/dict_16_192_64_0p5_0p02_0051_0005" 5979
"/Engine/EngineMaterials/Substrate/GLints/dict_16_192_64_0p5_0p02_0051_0004" 5980
"/Engine/EngineMaterials/Substrate/GLints/dict_16_192_64_0p5_0p02_0051_0003" 5981
"/Engine/EngineMaterials/Substrate/GLints/dict_16_192_64_0p5_0p02_0051_0002" 5982
"/Engine/EngineMaterials/Substrate/GLints/dict_16_192_64_0p5_0p02_0051_0001" 5983
"/Engine/EngineMaterials/Substrate/GLints/dict_16_192_64_0p5_0p02_0051_0000" 5984
"/Engine/EngineMaterials/Substrate/GLints/dict_16_192_64_0p5_0p02_0050_0015" 5985
"/Engine/EngineMaterials/Substrate/GLints/dict_16_192_64_0p5_0p02_0052_0014" 5986
"../../../Engine/Content/EngineMaterials/Substrate/GLints/dict_16_192_64_0p5_0p02_0052_0015.uasset" 5987
"../../../Engine/Content/EngineMaterials/Substrate/GLints/dict_16_192_64_0p5_0p02_0053_0000.uasset" 5988
"../../../Engine/Content/EngineMaterials/Substrate/GLints/dict_16_192_64_0p5_0p02_0053_0001.uasset" 5989
"../../../Engine/Content/EngineMaterials/Substrate/GLints/dict_16_192_64_0p5_0p02_0053_0002.uasset" 5990
"../../../Engine/Content/EngineMaterials/Substrate/GLints/dict_16_192_64_0p5_0p02_0053_0003.uasset" 5991
"../../../Engine/Content/EngineMaterials/Substrate/GLints/dict_16_192_64_0p5_0p02_0053_0006.uasset" 5992
"../../../Engine/Content/EngineMaterials/Substrate/GLints/dict_16_192_64_0p5_0p02_0053_0008.uasset" 5993
"../../../Engine/Content/EngineMaterials/Substrate/GLints/dict_16_192_64_0p5_0p02_0053_0010.uasset" 5994
"../../../Engine/Content/EngineMaterials/Substrate/GLints/dict_16_192_64_0p5_0p02_0053_0009.uasset" 5995
"../../../Engine/Content/EngineMaterials/Substrate/GLints/dict_16_192_64_0p5_0p02_0053_0011.uasset" 5996
"../../../Engine/Content/EngineMaterials/Substrate/GLints/dict_16_192_64_0p5_0p02_0053_0012.uasset" 5997
"../../../Engine/Content/EngineMaterials/Substrate/GLints/dict_16_192_64_0p5_0p02_0053_0007.uasset" 5998
"../../../Engine/Content/EngineMaterials/Substrate/GLints/dict_16_192_64_0p5_0p02_0053_0005.uasset" 5999
"../../../Engine/Content/EngineMaterials/Substrate/GLints/dict_16_192_64_0p5_0p02_0053_0013.uasset" 6000
"../../../Engine/Content/EngineMaterials/Substrate/GLints/dict_16_192_64_0p5_0p02_0053_0004.uasset" 6001
"/Engine/EngineMaterials/Substrate/GLints/dict_16_192_64_0p5_0p02_0052_0013" 6002
"../../../Engine/Content/EngineMaterials/Substrate/GLints/dict_16_192_64_0p5_0p02_0053_0014.uasset" 6003
"/Engine/EngineMaterials/Substrate/GLints/dict_16_192_64_0p5_0p02_0052_0012" 6004
"/Engine/EngineMaterials/Substrate/GLints/dict_16_192_64_0p5_0p02_0052_0011" 6005
"/Engine/EngineMaterials/Substrate/GLints/dict_16_192_64_0p5_0p02_0052_0010" 6006
"/Engine/EngineMaterials/Substrate/GLints/dict_16_192_64_0p5_0p02_0052_0009" 6007
"/Engine/EngineMaterials/Substrate/GLints/dict_16_192_64_0p5_0p02_0052_0008" 6008
"/Engine/EngineMaterials/Substrate/GLints/dict_16_192_64_0p5_0p02_0052_0007" 6009
"/Engine/EngineMaterials/Substrate/GLints/dict_16_192_64_0p5_0p02_0052_0006" 6010
"/Engine/EngineMaterials/Substrate/GLints/dict_16_192_64_0p5_0p02_0052_0005" 6011
"/Engine/EngineMaterials/Substrate/GLints/dict_16_192_64_0p5_0p02_0052_0004" 6012
"/Engine/EngineMaterials/Substrate/GLints/dict_16_192_64_0p5_0p02_0052_0003" 6013
"/Engine/EngineMaterials/Substrate/GLints/dict_16_192_64_0p5_0p02_0052_0002" 6014
"/Engine/EngineMaterials/Substrate/GLints/dict_16_192_64_0p5_0p02_0052_0001" 6015
"/Engine/EngineMaterials/Substrate/GLints/dict_16_192_64_0p5_0p02_0052_0000" 6016
"/Engine/EngineMaterials/Substrate/GLints/dict_16_192_64_0p5_0p02_0051_0015" 6017
"/Engine/EngineMaterials/Substrate/GLints/dict_16_192_64_0p5_0p02_0053_0014" 6018
"../../../Engine/Content/EngineMaterials/Substrate/GLints/dict_16_192_64_0p5_0p02_0053_0015.uasset" 6019
"../../../Engine/Content/EngineMaterials/Substrate/GLints/dict_16_192_64_0p5_0p02_0054_0000.uasset" 6020
"../../../Engine/Content/EngineMaterials/Substrate/GLints/dict_16_192_64_0p5_0p02_0054_0001.uasset" 6021
"../../../Engine/Content/EngineMaterials/Substrate/GLints/dict_16_192_64_0p5_0p02_0054_0002.uasset" 6022
"../../../Engine/Content/EngineMaterials/Substrate/GLints/dict_16_192_64_0p5_0p02_0054_0003.uasset" 6023
"/Engine/EngineMaterials/Substrate/GLints/dict_16_192_64_0p5_0p02_0053_0013" 6024
"../../../Engine/Content/EngineMaterials/Substrate/GLints/dict_16_192_64_0p5_0p02_0054_0005.uasset" 6025
"../../../Engine/Content/EngineMaterials/Substrate/GLints/dict_16_192_64_0p5_0p02_0054_0009.uasset" 6026
"../../../Engine/Content/EngineMaterials/Substrate/GLints/dict_16_192_64_0p5_0p02_0054_0010.uasset" 6027
"../../../Engine/Content/EngineMaterials/Substrate/GLints/dict_16_192_64_0p5_0p02_0054_0006.uasset" 6028
"../../../Engine/Content/EngineMaterials/Substrate/GLints/dict_16_192_64_0p5_0p02_0054_0011.uasset" 6029
"../../../Engine/Content/EngineMaterials/Substrate/GLints/dict_16_192_64_0p5_0p02_0054_0004.uasset" 6030
"../../../Engine/Content/EngineMaterials/Substrate/GLints/dict_16_192_64_0p5_0p02_0054_0012.uasset" 6031
"../../../Engine/Content/EngineMaterials/Substrate/GLints/dict_16_192_64_0p5_0p02_0054_0013.uasset" 6032
"../../../Engine/Content/EngineMaterials/Substrate/GLints/dict_16_192_64_0p5_0p02_0054_0007.uasset" 6033
"../../../Engine/Content/EngineMaterials/Substrate/GLints/dict_16_192_64_0p5_0p02_0054_0014.uasset" 6034
"../../../Engine/Content/EngineMaterials/Substrate/GLints/dict_16_192_64_0p5_0p02_0054_0008.uasset" 6035
"/Engine/EngineMaterials/Substrate/GLints/dict_16_192_64_0p5_0p02_0053_0012" 6036
"/Engine/EngineMaterials/Substrate/GLints/dict_16_192_64_0p5_0p02_0053_0011" 6037
"/Engine/EngineMaterials/Substrate/GLints/dict_16_192_64_0p5_0p02_0053_0010" 6038
"/Engine/EngineMaterials/Substrate/GLints/dict_16_192_64_0p5_0p02_0053_0009" 6039
"/Engine/EngineMaterials/Substrate/GLints/dict_16_192_64_0p5_0p02_0053_0008" 6040
"/Engine/EngineMaterials/Substrate/GLints/dict_16_192_64_0p5_0p02_0053_0007" 6041
"/Engine/EngineMaterials/Substrate/GLints/dict_16_192_64_0p5_0p02_0053_0006" 6042
"/Engine/EngineMaterials/Substrate/GLints/dict_16_192_64_0p5_0p02_0053_0005" 6043
"/Engine/EngineMaterials/Substrate/GLints/dict_16_192_64_0p5_0p02_0053_0004" 6044
"/Engine/EngineMaterials/Substrate/GLints/dict_16_192_64_0p5_0p02_0053_0003" 6045
"/Engine/EngineMaterials/Substrate/GLints/dict_16_192_64_0p5_0p02_0053_0002" 6046
"/Engine/EngineMaterials/Substrate/GLints/dict_16_192_64_0p5_0p02_0053_0001" 6047
"/Engine/EngineMaterials/Substrate/GLints/dict_16_192_64_0p5_0p02_0053_0000" 6048
"/Engine/EngineMaterials/Substrate/GLints/dict_16_192_64_0p5_0p02_0052_0015" 6049
"/Engine/EngineMaterials/Substrate/GLints/dict_16_192_64_0p5_0p02_0054_0014" 6050
"../../../Engine/Content/EngineMaterials/Substrate/GLints/dict_16_192_64_0p5_0p02_0054_0015.uasset" 6051
"../../../Engine/Content/EngineMaterials/Substrate/GLints/dict_16_192_64_0p5_0p02_0055_0000.uasset" 6052
"../../../Engine/Content/EngineMaterials/Substrate/GLints/dict_16_192_64_0p5_0p02_0055_0001.uasset" 6053
"../../../Engine/Content/EngineMaterials/Substrate/GLints/dict_16_192_64_0p5_0p02_0055_0005.uasset" 6054
"../../../Engine/Content/EngineMaterials/Substrate/GLints/dict_16_192_64_0p5_0p02_0055_0002.uasset" 6055
"../../../Engine/Content/EngineMaterials/Substrate/GLints/dict_16_192_64_0p5_0p02_0055_0003.uasset" 6056
"/Engine/EngineMaterials/Substrate/GLints/dict_16_192_64_0p5_0p02_0054_0013" 6057
"../../../Engine/Content/EngineMaterials/Substrate/GLints/dict_16_192_64_0p5_0p02_0055_0004.uasset" 6058
"../../../Engine/Content/EngineMaterials/Substrate/GLints/dict_16_192_64_0p5_0p02_0055_0007.uasset" 6059
"../../../Engine/Content/EngineMaterials/Substrate/GLints/dict_16_192_64_0p5_0p02_0055_0010.uasset" 6060
"../../../Engine/Content/EngineMaterials/Substrate/GLints/dict_16_192_64_0p5_0p02_0055_0006.uasset" 6061
"../../../Engine/Content/EngineMaterials/Substrate/GLints/dict_16_192_64_0p5_0p02_0055_0011.uasset" 6062
"../../../Engine/Content/EngineMaterials/Substrate/GLints/dict_16_192_64_0p5_0p02_0055_0009.uasset" 6063
"../../../Engine/Content/EngineMaterials/Substrate/GLints/dict_16_192_64_0p5_0p02_0055_0008.uasset" 6064
"../../../Engine/Content/EngineMaterials/Substrate/GLints/dict_16_192_64_0p5_0p02_0055_0014.uasset" 6065
"../../../Engine/Content/EngineMaterials/Substrate/GLints/dict_16_192_64_0p5_0p02_0055_0013.uasset" 6066
"../../../Engine/Content/EngineMaterials/Substrate/GLints/dict_16_192_64_0p5_0p02_0055_0012.uasset" 6067
"/Engine/EngineMaterials/Substrate/GLints/dict_16_192_64_0p5_0p02_0054_0012" 6068
"/Engine/EngineMaterials/Substrate/GLints/dict_16_192_64_0p5_0p02_0054_0011" 6069
"/Engine/EngineMaterials/Substrate/GLints/dict_16_192_64_0p5_0p02_0054_0010" 6070
"/Engine/EngineMaterials/Substrate/GLints/dict_16_192_64_0p5_0p02_0054_0009" 6071
"/Engine/EngineMaterials/Substrate/GLints/dict_16_192_64_0p5_0p02_0054_0008" 6072
"/Engine/EngineMaterials/Substrate/GLints/dict_16_192_64_0p5_0p02_0054_0007" 6073
"/Engine/EngineMaterials/Substrate/GLints/dict_16_192_64_0p5_0p02_0054_0006" 6074
"/Engine/EngineMaterials/Substrate/GLints/dict_16_192_64_0p5_0p02_0054_0005" 6075
"/Engine/EngineMaterials/Substrate/GLints/dict_16_192_64_0p5_0p02_0054_0004" 6076
"/Engine/EngineMaterials/Substrate/GLints/dict_16_192_64_0p5_0p02_0054_0003" 6077
"/Engine/EngineMaterials/Substrate/GLints/dict_16_192_64_0p5_0p02_0054_0002" 6078
"/Engine/EngineMaterials/Substrate/GLints/dict_16_192_64_0p5_0p02_0054_0001" 6079
"/Engine/EngineMaterials/Substrate/GLints/dict_16_192_64_0p5_0p02_0054_0000" 6080
"/Engine/EngineMaterials/Substrate/GLints/dict_16_192_64_0p5_0p02_0053_0015" 6081
"/Engine/EngineMaterials/Substrate/GLints/dict_16_192_64_0p5_0p02_0055_0014" 6082
"../../../Engine/Content/EngineMaterials/Substrate/GLints/dict_16_192_64_0p5_0p02_0056_0000.uasset" 6083
"../../../Engine/Content/EngineMaterials/Substrate/GLints/dict_16_192_64_0p5_0p02_0056_0001.uasset" 6084
"../../../Engine/Content/EngineMaterials/Substrate/GLints/dict_16_192_64_0p5_0p02_0055_0015.uasset" 6085
"../../../Engine/Content/EngineMaterials/Substrate/GLints/dict_16_192_64_0p5_0p02_0056_0002.uasset" 6086
"../../../Engine/Content/EngineMaterials/Substrate/GLints/dict_16_192_64_0p5_0p02_0056_0003.uasset" 6087
"../../../Engine/Content/EngineMaterials/Substrate/GLints/dict_16_192_64_0p5_0p02_0056_0004.uasset" 6088
"../../../Engine/Content/EngineMaterials/Substrate/GLints/dict_16_192_64_0p5_0p02_0056_0009.uasset" 6089
"../../../Engine/Content/EngineMaterials/Substrate/GLints/dict_16_192_64_0p5_0p02_0056_0006.uasset" 6090
"/Engine/EngineMaterials/Substrate/GLints/dict_16_192_64_0p5_0p02_0055_0013" 6091
"../../../Engine/Content/EngineMaterials/Substrate/GLints/dict_16_192_64_0p5_0p02_0056_0012.uasset" 6092
"../../../Engine/Content/EngineMaterials/Substrate/GLints/dict_16_192_64_0p5_0p02_0056_0010.uasset" 6093
"../../../Engine/Content/EngineMaterials/Substrate/GLints/dict_16_192_64_0p5_0p02_0056_0005.uasset" 6094
"../../../Engine/Content/EngineMaterials/Substrate/GLints/dict_16_192_64_0p5_0p02_0056_0008.uasset" 6095
"../../../Engine/Content/EngineMaterials/Substrate/GLints/dict_16_192_64_0p5_0p02_0056_0007.uasset" 6096
"../../../Engine/Content/EngineMaterials/Substrate/GLints/dict_16_192_64_0p5_0p02_0056_0014.uasset" 6097
"../../../Engine/Content/EngineMaterials/Substrate/GLints/dict_16_192_64_0p5_0p02_0056_0013.uasset" 6098
"../../../Engine/Content/EngineMaterials/Substrate/GLints/dict_16_192_64_0p5_0p02_0056_0011.uasset" 6099
"/Engine/EngineMaterials/Substrate/GLints/dict_16_192_64_0p5_0p02_0055_0012" 6100
"/Engine/EngineMaterials/Substrate/GLints/dict_16_192_64_0p5_0p02_0055_0011" 6101
"/Engine/EngineMaterials/Substrate/GLints/dict_16_192_64_0p5_0p02_0055_0010" 6102
"/Engine/EngineMaterials/Substrate/GLints/dict_16_192_64_0p5_0p02_0055_0009" 6103
"/Engine/EngineMaterials/Substrate/GLints/dict_16_192_64_0p5_0p02_0055_0008" 6104
"/Engine/EngineMaterials/Substrate/GLints/dict_16_192_64_0p5_0p02_0055_0007" 6105
"/Engine/EngineMaterials/Substrate/GLints/dict_16_192_64_0p5_0p02_0055_0006" 6106
"/Engine/EngineMaterials/Substrate/GLints/dict_16_192_64_0p5_0p02_0055_0005" 6107
"/Engine/EngineMaterials/Substrate/GLints/dict_16_192_64_0p5_0p02_0055_0004" 6108
"/Engine/EngineMaterials/Substrate/GLints/dict_16_192_64_0p5_0p02_0055_0003" 6109
"/Engine/EngineMaterials/Substrate/GLints/dict_16_192_64_0p5_0p02_0055_0002" 6110
"/Engine/EngineMaterials/Substrate/GLints/dict_16_192_64_0p5_0p02_0055_0001" 6111
"/Engine/EngineMaterials/Substrate/GLints/dict_16_192_64_0p5_0p02_0055_0000" 6112
"/Engine/EngineMaterials/Substrate/GLints/dict_16_192_64_0p5_0p02_0054_0015" 6113
"/Engine/EngineMaterials/Substrate/GLints/dict_16_192_64_0p5_0p02_0056_0014" 6114
"../../../Engine/Content/EngineMaterials/Substrate/GLints/dict_16_192_64_0p5_0p02_0056_0015.uasset" 6115
"../../../Engine/Content/EngineMaterials/Substrate/GLints/dict_16_192_64_0p5_0p02_0057_0000.uasset" 6116
"../../../Engine/Content/EngineMaterials/Substrate/GLints/dict_16_192_64_0p5_0p02_0057_0002.uasset" 6117
"../../../Engine/Content/EngineMaterials/Substrate/GLints/dict_16_192_64_0p5_0p02_0057_0001.uasset" 6118
"../../../Engine/Content/EngineMaterials/Substrate/GLints/dict_16_192_64_0p5_0p02_0057_0004.uasset" 6119
"/Engine/EngineMaterials/Substrate/GLints/dict_16_192_64_0p5_0p02_0056_0013" 6120
"../../../Engine/Content/EngineMaterials/Substrate/GLints/dict_16_192_64_0p5_0p02_0057_0005.uasset" 6121
"../../../Engine/Content/EngineMaterials/Substrate/GLints/dict_16_192_64_0p5_0p02_0057_0007.uasset" 6122
"../../../Engine/Content/EngineMaterials/Substrate/GLints/dict_16_192_64_0p5_0p02_0057_0010.uasset" 6123
"../../../Engine/Content/EngineMaterials/Substrate/GLints/dict_16_192_64_0p5_0p02_0057_0012.uasset" 6124
"../../../Engine/Content/EngineMaterials/Substrate/GLints/dict_16_192_64_0p5_0p02_0057_0013.uasset" 6125
"../../../Engine/Content/EngineMaterials/Substrate/GLints/dict_16_192_64_0p5_0p02_0057_0011.uasset" 6126
"../../../Engine/Content/EngineMaterials/Substrate/GLints/dict_16_192_64_0p5_0p02_0057_0008.uasset" 6127
"../../../Engine/Content/EngineMaterials/Substrate/GLints/dict_16_192_64_0p5_0p02_0057_0014.uasset" 6128
"../../../Engine/Content/EngineMaterials/Substrate/GLints/dict_16_192_64_0p5_0p02_0057_0009.uasset" 6129
"../../../Engine/Content/EngineMaterials/Substrate/GLints/dict_16_192_64_0p5_0p02_0057_0003.uasset" 6130
"../../../Engine/Content/EngineMaterials/Substrate/GLints/dict_16_192_64_0p5_0p02_0057_0006.uasset" 6131
"/Engine/EngineMaterials/Substrate/GLints/dict_16_192_64_0p5_0p02_0056_0012" 6132
"/Engine/EngineMaterials/Substrate/GLints/dict_16_192_64_0p5_0p02_0056_0011" 6133
"/Engine/EngineMaterials/Substrate/GLints/dict_16_192_64_0p5_0p02_0056_0010" 6134
"/Engine/EngineMaterials/Substrate/GLints/dict_16_192_64_0p5_0p02_0056_0009" 6135
"/Engine/EngineMaterials/Substrate/GLints/dict_16_192_64_0p5_0p02_0056_0008" 6136
"/Engine/EngineMaterials/Substrate/GLints/dict_16_192_64_0p5_0p02_0056_0007" 6137
"/Engine/EngineMaterials/Substrate/GLints/dict_16_192_64_0p5_0p02_0056_0006" 6138
"/Engine/EngineMaterials/Substrate/GLints/dict_16_192_64_0p5_0p02_0056_0005" 6139
"/Engine/EngineMaterials/Substrate/GLints/dict_16_192_64_0p5_0p02_0056_0004" 6140
"/Engine/EngineMaterials/Substrate/GLints/dict_16_192_64_0p5_0p02_0056_0003" 6141
"/Engine/EngineMaterials/Substrate/GLints/dict_16_192_64_0p5_0p02_0056_0002" 6142
"/Engine/EngineMaterials/Substrate/GLints/dict_16_192_64_0p5_0p02_0056_0001" 6143
"/Engine/EngineMaterials/Substrate/GLints/dict_16_192_64_0p5_0p02_0056_0000" 6144
"/Engine/EngineMaterials/Substrate/GLints/dict_16_192_64_0p5_0p02_0055_0015" 6145
"/Engine/EngineMaterials/Substrate/GLints/dict_16_192_64_0p5_0p02_0057_0014" 6146
"../../../Engine/Content/EngineMaterials/Substrate/GLints/dict_16_192_64_0p5_0p02_0057_0015.uasset" 6147
"/Engine/EngineMaterials/Substrate/GLints/dict_16_192_64_0p5_0p02_0057_0013" 6148
"../../../Engine/Content/EngineMaterials/Substrate/GLints/dict_16_192_64_0p5_0p02_0058_0000.uasset" 6149
"../../../Engine/Content/EngineMaterials/Substrate/GLints/dict_16_192_64_0p5_0p02_0058_0001.uasset" 6150
"../../../Engine/Content/EngineMaterials/Substrate/GLints/dict_16_192_64_0p5_0p02_0058_0002.uasset" 6151
"../../../Engine/Content/EngineMaterials/Substrate/GLints/dict_16_192_64_0p5_0p02_0058_0003.uasset" 6152
"../../../Engine/Content/EngineMaterials/Substrate/GLints/dict_16_192_64_0p5_0p02_0058_0005.uasset" 6153
"../../../Engine/Content/EngineMaterials/Substrate/GLints/dict_16_192_64_0p5_0p02_0058_0004.uasset" 6154
"../../../Engine/Content/EngineMaterials/Substrate/GLints/dict_16_192_64_0p5_0p02_0058_0008.uasset" 6155
"../../../Engine/Content/EngineMaterials/Substrate/GLints/dict_16_192_64_0p5_0p02_0058_0011.uasset" 6156
"../../../Engine/Content/EngineMaterials/Substrate/GLints/dict_16_192_64_0p5_0p02_0058_0012.uasset" 6157
"../../../Engine/Content/EngineMaterials/Substrate/GLints/dict_16_192_64_0p5_0p02_0058_0009.uasset" 6158
"../../../Engine/Content/EngineMaterials/Substrate/GLints/dict_16_192_64_0p5_0p02_0058_0010.uasset" 6159
"../../../Engine/Content/EngineMaterials/Substrate/GLints/dict_16_192_64_0p5_0p02_0058_0007.uasset" 6160
"../../../Engine/Content/EngineMaterials/Substrate/GLints/dict_16_192_64_0p5_0p02_0058_0014.uasset" 6161
"../../../Engine/Content/EngineMaterials/Substrate/GLints/dict_16_192_64_0p5_0p02_0058_0013.uasset" 6162
"../../../Engine/Content/EngineMaterials/Substrate/GLints/dict_16_192_64_0p5_0p02_0058_0006.uasset" 6163
"/Engine/EngineMaterials/Substrate/GLints/dict_16_192_64_0p5_0p02_0057_0012" 6164
"/Engine/EngineMaterials/Substrate/GLints/dict_16_192_64_0p5_0p02_0057_0011" 6165
"/Engine/EngineMaterials/Substrate/GLints/dict_16_192_64_0p5_0p02_0057_0010" 6166
"/Engine/EngineMaterials/Substrate/GLints/dict_16_192_64_0p5_0p02_0057_0009" 6167
"/Engine/EngineMaterials/Substrate/GLints/dict_16_192_64_0p5_0p02_0057_0008" 6168
"/Engine/EngineMaterials/Substrate/GLints/dict_16_192_64_0p5_0p02_0057_0007" 6169
"/Engine/EngineMaterials/Substrate/GLints/dict_16_192_64_0p5_0p02_0057_0006" 6170
"/Engine/EngineMaterials/Substrate/GLints/dict_16_192_64_0p5_0p02_0057_0005" 6171
"/Engine/EngineMaterials/Substrate/GLints/dict_16_192_64_0p5_0p02_0057_0004" 6172
"/Engine/EngineMaterials/Substrate/GLints/dict_16_192_64_0p5_0p02_0057_0003" 6173
"/Engine/EngineMaterials/Substrate/GLints/dict_16_192_64_0p5_0p02_0057_0002" 6174
"/Engine/EngineMaterials/Substrate/GLints/dict_16_192_64_0p5_0p02_0057_0001" 6175
"/Engine/EngineMaterials/Substrate/GLints/dict_16_192_64_0p5_0p02_0057_0000" 6176
"/Engine/EngineMaterials/Substrate/GLints/dict_16_192_64_0p5_0p02_0056_0015" 6177
"/Engine/EngineMaterials/Substrate/GLints/dict_16_192_64_0p5_0p02_0058_0014" 6178
"../../../Engine/Content/EngineMaterials/Substrate/GLints/dict_16_192_64_0p5_0p02_0058_0015.uasset" 6179
"../../../Engine/Content/EngineMaterials/Substrate/GLints/dict_16_192_64_0p5_0p02_0059_0000.uasset" 6180
"../../../Engine/Content/EngineMaterials/Substrate/GLints/dict_16_192_64_0p5_0p02_0059_0002.uasset" 6181
"../../../Engine/Content/EngineMaterials/Substrate/GLints/dict_16_192_64_0p5_0p02_0059_0001.uasset" 6182
"../../../Engine/Content/EngineMaterials/Substrate/GLints/dict_16_192_64_0p5_0p02_0059_0004.uasset" 6183
"../../../Engine/Content/EngineMaterials/Substrate/GLints/dict_16_192_64_0p5_0p02_0059_0005.uasset" 6184
"../../../Engine/Content/EngineMaterials/Substrate/GLints/dict_16_192_64_0p5_0p02_0059_0006.uasset" 6185
"../../../Engine/Content/EngineMaterials/Substrate/GLints/dict_16_192_64_0p5_0p02_0059_0008.uasset" 6186
"/Engine/EngineMaterials/Substrate/GLints/dict_16_192_64_0p5_0p02_0058_0013" 6187
"../../../Engine/Content/EngineMaterials/Substrate/GLints/dict_16_192_64_0p5_0p02_0059_0003.uasset" 6188
"../../../Engine/Content/EngineMaterials/Substrate/GLints/dict_16_192_64_0p5_0p02_0059_0009.uasset" 6189
"../../../Engine/Content/EngineMaterials/Substrate/GLints/dict_16_192_64_0p5_0p02_0059_0010.uasset" 6190
"../../../Engine/Content/EngineMaterials/Substrate/GLints/dict_16_192_64_0p5_0p02_0059_0007.uasset" 6191
"../../../Engine/Content/EngineMaterials/Substrate/GLints/dict_16_192_64_0p5_0p02_0059_0014.uasset" 6192
"../../../Engine/Content/EngineMaterials/Substrate/GLints/dict_16_192_64_0p5_0p02_0059_0012.uasset" 6193
"../../../Engine/Content/EngineMaterials/Substrate/GLints/dict_16_192_64_0p5_0p02_0059_0013.uasset" 6194
"../../../Engine/Content/EngineMaterials/Substrate/GLints/dict_16_192_64_0p5_0p02_0059_0011.uasset" 6195
"/Engine/EngineMaterials/Substrate/GLints/dict_16_192_64_0p5_0p02_0058_0012" 6196
"/Engine/EngineMaterials/Substrate/GLints/dict_16_192_64_0p5_0p02_0058_0011" 6197
"/Engine/EngineMaterials/Substrate/GLints/dict_16_192_64_0p5_0p02_0058_0010" 6198
"/Engine/EngineMaterials/Substrate/GLints/dict_16_192_64_0p5_0p02_0058_0009" 6199
"/Engine/EngineMaterials/Substrate/GLints/dict_16_192_64_0p5_0p02_0058_0008" 6200
"/Engine/EngineMaterials/Substrate/GLints/dict_16_192_64_0p5_0p02_0058_0007" 6201
"/Engine/EngineMaterials/Substrate/GLints/dict_16_192_64_0p5_0p02_0058_0006" 6202
"/Engine/EngineMaterials/Substrate/GLints/dict_16_192_64_0p5_0p02_0058_0005" 6203
"/Engine/EngineMaterials/Substrate/GLints/dict_16_192_64_0p5_0p02_0058_0004" 6204
"/Engine/EngineMaterials/Substrate/GLints/dict_16_192_64_0p5_0p02_0058_0003" 6205
"/Engine/EngineMaterials/Substrate/GLints/dict_16_192_64_0p5_0p02_0058_0002" 6206
"/Engine/EngineMaterials/Substrate/GLints/dict_16_192_64_0p5_0p02_0058_0001" 6207
"/Engine/EngineMaterials/Substrate/GLints/dict_16_192_64_0p5_0p02_0058_0000" 6208
"/Engine/EngineMaterials/Substrate/GLints/dict_16_192_64_0p5_0p02_0057_0015" 6209
"/Engine/EngineMaterials/Substrate/GLints/dict_16_192_64_0p5_0p02_0059_0014" 6210
"../../../Engine/Content/EngineMaterials/Substrate/GLints/dict_16_192_64_0p5_0p02_0059_0015.uasset" 6211
"../../../Engine/Content/EngineMaterials/Substrate/GLints/dict_16_192_64_0p5_0p02_0060_0000.uasset" 6212
"../../../Engine/Content/EngineMaterials/Substrate/GLints/dict_16_192_64_0p5_0p02_0060_0001.uasset" 6213
"../../../Engine/Content/EngineMaterials/Substrate/GLints/dict_16_192_64_0p5_0p02_0060_0002.uasset" 6214
"/Engine/EngineMaterials/Substrate/GLints/dict_16_192_64_0p5_0p02_0059_0013" 6215
"../../../Engine/Content/EngineMaterials/Substrate/GLints/dict_16_192_64_0p5_0p02_0060_0003.uasset" 6216
"../../../Engine/Content/EngineMaterials/Substrate/GLints/dict_16_192_64_0p5_0p02_0060_0004.uasset" 6217
"../../../Engine/Content/EngineMaterials/Substrate/GLints/dict_16_192_64_0p5_0p02_0060_0006.uasset" 6218
"../../../Engine/Content/EngineMaterials/Substrate/GLints/dict_16_192_64_0p5_0p02_0060_0011.uasset" 6219
"../../../Engine/Content/EngineMaterials/Substrate/GLints/dict_16_192_64_0p5_0p02_0060_0008.uasset" 6220
"../../../Engine/Content/EngineMaterials/Substrate/GLints/dict_16_192_64_0p5_0p02_0060_0009.uasset" 6221
"../../../Engine/Content/EngineMaterials/Substrate/GLints/dict_16_192_64_0p5_0p02_0060_0007.uasset" 6222
"../../../Engine/Content/EngineMaterials/Substrate/GLints/dict_16_192_64_0p5_0p02_0060_0005.uasset" 6223
"../../../Engine/Content/EngineMaterials/Substrate/GLints/dict_16_192_64_0p5_0p02_0060_0012.uasset" 6224
"../../../Engine/Content/EngineMaterials/Substrate/GLints/dict_16_192_64_0p5_0p02_0060_0013.uasset" 6225
"../../../Engine/Content/EngineMaterials/Substrate/GLints/dict_16_192_64_0p5_0p02_0060_0010.uasset" 6226
"../../../Engine/Content/EngineMaterials/Substrate/GLints/dict_16_192_64_0p5_0p02_0060_0014.uasset" 6227
"/Engine/EngineMaterials/Substrate/GLints/dict_16_192_64_0p5_0p02_0059_0012" 6228
"/Engine/EngineMaterials/Substrate/GLints/dict_16_192_64_0p5_0p02_0059_0011" 6229
"/Engine/EngineMaterials/Substrate/GLints/dict_16_192_64_0p5_0p02_0059_0010" 6230
"/Engine/EngineMaterials/Substrate/GLints/dict_16_192_64_0p5_0p02_0059_0009" 6231
"/Engine/EngineMaterials/Substrate/GLints/dict_16_192_64_0p5_0p02_0059_0008" 6232
"/Engine/EngineMaterials/Substrate/GLints/dict_16_192_64_0p5_0p02_0059_0007" 6233
"/Engine/EngineMaterials/Substrate/GLints/dict_16_192_64_0p5_0p02_0059_0006" 6234
"/Engine/EngineMaterials/Substrate/GLints/dict_16_192_64_0p5_0p02_0059_0005" 6235
"/Engine/EngineMaterials/Substrate/GLints/dict_16_192_64_0p5_0p02_0059_0004" 6236
"/Engine/EngineMaterials/Substrate/GLints/dict_16_192_64_0p5_0p02_0059_0003" 6237
"/Engine/EngineMaterials/Substrate/GLints/dict_16_192_64_0p5_0p02_0059_0002" 6238
"/Engine/EngineMaterials/Substrate/GLints/dict_16_192_64_0p5_0p02_0059_0001" 6239
"/Engine/EngineMaterials/Substrate/GLints/dict_16_192_64_0p5_0p02_0059_0000" 6240
"/Engine/EngineMaterials/Substrate/GLints/dict_16_192_64_0p5_0p02_0058_0015" 6241
"/Engine/EngineMaterials/Substrate/GLints/dict_16_192_64_0p5_0p02_0060_0014" 6242
"../../../Engine/Content/EngineMaterials/Substrate/GLints/dict_16_192_64_0p5_0p02_0061_0000.uasset" 6243
"../../../Engine/Content/EngineMaterials/Substrate/GLints/dict_16_192_64_0p5_0p02_0060_0015.uasset" 6244
"../../../Engine/Content/EngineMaterials/Substrate/GLints/dict_16_192_64_0p5_0p02_0061_0001.uasset" 6245
"../../../Engine/Content/EngineMaterials/Substrate/GLints/dict_16_192_64_0p5_0p02_0061_0003.uasset" 6246
"../../../Engine/Content/EngineMaterials/Substrate/GLints/dict_16_192_64_0p5_0p02_0061_0005.uasset" 6247
"../../../Engine/Content/EngineMaterials/Substrate/GLints/dict_16_192_64_0p5_0p02_0061_0002.uasset" 6248
"../../../Engine/Content/EngineMaterials/Substrate/GLints/dict_16_192_64_0p5_0p02_0061_0009.uasset" 6249
"../../../Engine/Content/EngineMaterials/Substrate/GLints/dict_16_192_64_0p5_0p02_0061_0007.uasset" 6250
"../../../Engine/Content/EngineMaterials/Substrate/GLints/dict_16_192_64_0p5_0p02_0061_0011.uasset" 6251
"../../../Engine/Content/EngineMaterials/Substrate/GLints/dict_16_192_64_0p5_0p02_0061_0010.uasset" 6252
"../../../Engine/Content/EngineMaterials/Substrate/GLints/dict_16_192_64_0p5_0p02_0061_0004.uasset" 6253
"../../../Engine/Content/EngineMaterials/Substrate/GLints/dict_16_192_64_0p5_0p02_0061_0013.uasset" 6254
"../../../Engine/Content/EngineMaterials/Substrate/GLints/dict_16_192_64_0p5_0p02_0061_0014.uasset" 6255
"../../../Engine/Content/EngineMaterials/Substrate/GLints/dict_16_192_64_0p5_0p02_0061_0006.uasset" 6256
"../../../Engine/Content/EngineMaterials/Substrate/GLints/dict_16_192_64_0p5_0p02_0061_0012.uasset" 6257
"../../../Engine/Content/EngineMaterials/Substrate/GLints/dict_16_192_64_0p5_0p02_0061_0008.uasset" 6258
"/Engine/EngineMaterials/Substrate/GLints/dict_16_192_64_0p5_0p02_0060_0013" 6259
"/Engine/EngineMaterials/Substrate/GLints/dict_16_192_64_0p5_0p02_0060_0012" 6260
"/Engine/EngineMaterials/Substrate/GLints/dict_16_192_64_0p5_0p02_0060_0011" 6261
"/Engine/EngineMaterials/Substrate/GLints/dict_16_192_64_0p5_0p02_0060_0010" 6262
"/Engine/EngineMaterials/Substrate/GLints/dict_16_192_64_0p5_0p02_0060_0009" 6263
"/Engine/EngineMaterials/Substrate/GLints/dict_16_192_64_0p5_0p02_0060_0008" 6264
"/Engine/EngineMaterials/Substrate/GLints/dict_16_192_64_0p5_0p02_0060_0007" 6265
"/Engine/EngineMaterials/Substrate/GLints/dict_16_192_64_0p5_0p02_0060_0006" 6266
"/Engine/EngineMaterials/Substrate/GLints/dict_16_192_64_0p5_0p02_0060_0005" 6267
"/Engine/EngineMaterials/Substrate/GLints/dict_16_192_64_0p5_0p02_0060_0004" 6268
"/Engine/EngineMaterials/Substrate/GLints/dict_16_192_64_0p5_0p02_0060_0003" 6269
"/Engine/EngineMaterials/Substrate/GLints/dict_16_192_64_0p5_0p02_0060_0002" 6270
"/Engine/EngineMaterials/Substrate/GLints/dict_16_192_64_0p5_0p02_0060_0001" 6271
"/Engine/EngineMaterials/Substrate/GLints/dict_16_192_64_0p5_0p02_0060_0000" 6272
"/Engine/EngineMaterials/Substrate/GLints/dict_16_192_64_0p5_0p02_0059_0015" 6273
"/Engine/EngineMaterials/Substrate/GLints/dict_16_192_64_0p5_0p02_0061_0014" 6274
"../../../Engine/Content/EngineMaterials/Substrate/GLints/dict_16_192_64_0p5_0p02_0061_0015.uasset" 6275
"../../../Engine/Content/EngineMaterials/Substrate/GLints/dict_16_192_64_0p5_0p02_0062_0000.uasset" 6276
"../../../Engine/Content/EngineMaterials/Substrate/GLints/dict_16_192_64_0p5_0p02_0062_0001.uasset" 6277
"../../../Engine/Content/EngineMaterials/Substrate/GLints/dict_16_192_64_0p5_0p02_0062_0002.uasset" 6278
"../../../Engine/Content/EngineMaterials/Substrate/GLints/dict_16_192_64_0p5_0p02_0062_0006.uasset" 6279
"../../../Engine/Content/EngineMaterials/Substrate/GLints/dict_16_192_64_0p5_0p02_0062_0008.uasset" 6280
"../../../Engine/Content/EngineMaterials/Substrate/GLints/dict_16_192_64_0p5_0p02_0062_0010.uasset" 6281
"../../../Engine/Content/EngineMaterials/Substrate/GLints/dict_16_192_64_0p5_0p02_0062_0012.uasset" 6282
"../../../Engine/Content/EngineMaterials/Substrate/GLints/dict_16_192_64_0p5_0p02_0062_0004.uasset" 6283
"/Engine/EngineMaterials/Substrate/GLints/dict_16_192_64_0p5_0p02_0061_0013" 6284
"../../../Engine/Content/EngineMaterials/Substrate/GLints/dict_16_192_64_0p5_0p02_0062_0009.uasset" 6285
"../../../Engine/Content/EngineMaterials/Substrate/GLints/dict_16_192_64_0p5_0p02_0062_0005.uasset" 6286
"../../../Engine/Content/EngineMaterials/Substrate/GLints/dict_16_192_64_0p5_0p02_0062_0003.uasset" 6287
"../../../Engine/Content/EngineMaterials/Substrate/GLints/dict_16_192_64_0p5_0p02_0062_0007.uasset" 6288
"../../../Engine/Content/EngineMaterials/Substrate/GLints/dict_16_192_64_0p5_0p02_0062_0011.uasset" 6289
"../../../Engine/Content/EngineMaterials/Substrate/GLints/dict_16_192_64_0p5_0p02_0062_0013.uasset" 6290
"../../../Engine/Content/EngineMaterials/Substrate/GLints/dict_16_192_64_0p5_0p02_0062_0014.uasset" 6291
"/Engine/EngineMaterials/Substrate/GLints/dict_16_192_64_0p5_0p02_0061_0012" 6292
"/Engine/EngineMaterials/Substrate/GLints/dict_16_192_64_0p5_0p02_0061_0011" 6293
"/Engine/EngineMaterials/Substrate/GLints/dict_16_192_64_0p5_0p02_0061_0010" 6294
"/Engine/EngineMaterials/Substrate/GLints/dict_16_192_64_0p5_0p02_0061_0009" 6295
"/Engine/EngineMaterials/Substrate/GLints/dict_16_192_64_0p5_0p02_0061_0008" 6296
"/Engine/EngineMaterials/Substrate/GLints/dict_16_192_64_0p5_0p02_0061_0007" 6297
"/Engine/EngineMaterials/Substrate/GLints/dict_16_192_64_0p5_0p02_0061_0006" 6298
"/Engine/EngineMaterials/Substrate/GLints/dict_16_192_64_0p5_0p02_0061_0005" 6299
"/Engine/EngineMaterials/Substrate/GLints/dict_16_192_64_0p5_0p02_0061_0004" 6300
"/Engine/EngineMaterials/Substrate/GLints/dict_16_192_64_0p5_0p02_0061_0003" 6301
"/Engine/EngineMaterials/Substrate/GLints/dict_16_192_64_0p5_0p02_0061_0002" 6302
"/Engine/EngineMaterials/Substrate/GLints/dict_16_192_64_0p5_0p02_0061_0001" 6303
"/Engine/EngineMaterials/Substrate/GLints/dict_16_192_64_0p5_0p02_0061_0000" 6304
"/Engine/EngineMaterials/Substrate/GLints/dict_16_192_64_0p5_0p02_0060_0015" 6305
"../../../Engine/Content/EngineMaterials/Substrate/GLints/dict_16_192_64_0p5_0p02_0062_0015.uasset" 6306
"/Engine/EngineMaterials/Substrate/GLints/dict_16_192_64_0p5_0p02_0062_0014" 6307
"../../../Engine/Content/EngineMaterials/Substrate/GLints/dict_16_192_64_0p5_0p02_0063_0000.uasset" 6308
"../../../Engine/Content/EngineMaterials/Substrate/GLints/dict_16_192_64_0p5_0p02_0063_0001.uasset" 6309
"../../../Engine/Content/EngineMaterials/Substrate/GLints/dict_16_192_64_0p5_0p02_0063_0003.uasset" 6310
"../../../Engine/Content/EngineMaterials/Substrate/GLints/dict_16_192_64_0p5_0p02_0063_0004.uasset" 6311
"../../../Engine/Content/EngineMaterials/Substrate/GLints/dict_16_192_64_0p5_0p02_0063_0006.uasset" 6312
"../../../Engine/Content/EngineMaterials/Substrate/GLints/dict_16_192_64_0p5_0p02_0063_0007.uasset" 6313
"../../../Engine/Content/EngineMaterials/Substrate/GLints/dict_16_192_64_0p5_0p02_0063_0009.uasset" 6314
"../../../Engine/Content/EngineMaterials/Substrate/GLints/dict_16_192_64_0p5_0p02_0063_0010.uasset" 6315
"../../../Engine/Content/EngineMaterials/Substrate/GLints/dict_16_192_64_0p5_0p02_0063_0012.uasset" 6316
"../../../Engine/Content/EngineMaterials/Substrate/GLints/dict_16_192_64_0p5_0p02_0063_0008.uasset" 6317
"../../../Engine/Content/EngineMaterials/Substrate/GLints/dict_16_192_64_0p5_0p02_0063_0013.uasset" 6318
"../../../Engine/Content/EngineMaterials/Substrate/GLints/dict_16_192_64_0p5_0p02_0063_0005.uasset" 6319
"../../../Engine/Content/EngineMaterials/Substrate/GLints/dict_16_192_64_0p5_0p02_0063_0011.uasset" 6320
"../../../Engine/Content/EngineMaterials/Substrate/GLints/dict_16_192_64_0p5_0p02_0063_0002.uasset" 6321
"/Engine/EngineMaterials/Substrate/GLints/dict_16_192_64_0p5_0p02_0062_0013" 6322
"../../../Engine/Content/EngineMaterials/Substrate/GLints/dict_16_192_64_0p5_0p02_0063_0014.uasset" 6323
"/Engine/EngineMaterials/Substrate/GLints/dict_16_192_64_0p5_0p02_0062_0012" 6324
"/Engine/EngineMaterials/Substrate/GLints/dict_16_192_64_0p5_0p02_0062_0011" 6325
"/Engine/EngineMaterials/Substrate/GLints/dict_16_192_64_0p5_0p02_0062_0010" 6326
"/Engine/EngineMaterials/Substrate/GLints/dict_16_192_64_0p5_0p02_0062_0009" 6327
"/Engine/EngineMaterials/Substrate/GLints/dict_16_192_64_0p5_0p02_0062_0008" 6328
"/Engine/EngineMaterials/Substrate/GLints/dict_16_192_64_0p5_0p02_0062_0007" 6329
"/Engine/EngineMaterials/Substrate/GLints/dict_16_192_64_0p5_0p02_0062_0006" 6330
"/Engine/EngineMaterials/Substrate/GLints/dict_16_192_64_0p5_0p02_0062_0005" 6331
"/Engine/EngineMaterials/Substrate/GLints/dict_16_192_64_0p5_0p02_0062_0004" 6332
"/Engine/EngineMaterials/Substrate/GLints/dict_16_192_64_0p5_0p02_0062_0003" 6333
"/Engine/EngineMaterials/Substrate/GLints/dict_16_192_64_0p5_0p02_0062_0002" 6334
"/Engine/EngineMaterials/Substrate/GLints/dict_16_192_64_0p5_0p02_0062_0001" 6335
"/Engine/EngineMaterials/Substrate/GLints/dict_16_192_64_0p5_0p02_0062_0000" 6336
"/Engine/EngineMaterials/Substrate/GLints/dict_16_192_64_0p5_0p02_0061_0015" 6337
"../../../Engine/Content/EngineMaterials/Substrate/GLints/dict_16_192_64_0p5_0p02_0063_0015.uasset" 6338
"../../../Engine/Content/EngineMaterials/Substrate/GLints/AGlintTex2dArray.uasset" 6339
"/Engine/EngineMaterials/Substrate/GLints/dict_16_192_64_0p5_0p02_0063_0014" 6340
"../../../Engine/Content/EngineMaterials/Substrate/Glints2/dict_0000_0000.uasset" 6341
"../../../Engine/Content/EngineMaterials/Substrate/Glints2/dict_0000_0002.uasset" 6342
"../../../Engine/Content/EngineMaterials/Substrate/Glints2/dict_0000_0001.uasset" 6343
"../../../Engine/Content/EngineMaterials/Substrate/Glints2/dict_0000_0004.uasset" 6344
"../../../Engine/Content/EngineMaterials/Substrate/Glints2/dict_0000_0003.uasset" 6345
"../../../Engine/Content/EngineMaterials/Substrate/Glints2/dict_0000_0006.uasset" 6346
"../../../Engine/Content/EngineMaterials/Substrate/Glints2/dict_0000_0008.uasset" 6347
"../../../Engine/Content/EngineMaterials/Substrate/Glints2/dict_0000_0011.uasset" 6348
"../../../Engine/Content/EngineMaterials/Substrate/Glints2/dict_0000_0009.uasset" 6349
"../../../Engine/Content/EngineMaterials/Substrate/Glints2/dict_0000_0013.uasset" 6350
"../../../Engine/Content/EngineMaterials/Substrate/Glints2/dict_0000_0007.uasset" 6351
"../../../Engine/Content/EngineMaterials/Substrate/Glints2/dict_0000_0012.uasset" 6352
"/Engine/EngineMaterials/Substrate/GLints/dict_16_192_64_0p5_0p02_0063_0013" 6353
"../../../Engine/Content/EngineMaterials/Substrate/Glints2/dict_0000_0010.uasset" 6354
"../../../Engine/Content/EngineMaterials/Substrate/Glints2/dict_0000_0005.uasset" 6355
"/Engine/EngineMaterials/Substrate/GLints/dict_16_192_64_0p5_0p02_0063_0012" 6356
"/Engine/EngineMaterials/Substrate/GLints/dict_16_192_64_0p5_0p02_0063_0011" 6357
"/Engine/EngineMaterials/Substrate/GLints/dict_16_192_64_0p5_0p02_0063_0010" 6358
"/Engine/EngineMaterials/Substrate/GLints/dict_16_192_64_0p5_0p02_0063_0009" 6359
"/Engine/EngineMaterials/Substrate/GLints/dict_16_192_64_0p5_0p02_0063_0008" 6360
"/Engine/EngineMaterials/Substrate/GLints/dict_16_192_64_0p5_0p02_0063_0007" 6361
"/Engine/EngineMaterials/Substrate/GLints/dict_16_192_64_0p5_0p02_0063_0006" 6362
"/Engine/EngineMaterials/Substrate/GLints/dict_16_192_64_0p5_0p02_0063_0005" 6363
"/Engine/EngineMaterials/Substrate/GLints/dict_16_192_64_0p5_0p02_0063_0004" 6364
"/Engine/EngineMaterials/Substrate/GLints/dict_16_192_64_0p5_0p02_0063_0003" 6365
"/Engine/EngineMaterials/Substrate/GLints/dict_16_192_64_0p5_0p02_0063_0002" 6366
"/Engine/EngineMaterials/Substrate/GLints/dict_16_192_64_0p5_0p02_0063_0001" 6367
"/Engine/EngineMaterials/Substrate/GLints/dict_16_192_64_0p5_0p02_0063_0000" 6368
"/Engine/EngineMaterials/Substrate/GLints/dict_16_192_64_0p5_0p02_0062_0015" 6369
"/Engine/EngineMaterials/Substrate/Glints2/dict_0000_0013" 6370
"../../../Engine/Content/EngineMaterials/Substrate/Glints2/dict_0000_0014.uasset" 6371
"../../../Engine/Content/EngineMaterials/Substrate/Glints2/dict_0000_0015.uasset" 6372
"../../../Engine/Content/EngineMaterials/Substrate/Glints2/dict_0000_0016.uasset" 6373
"../../../Engine/Content/EngineMaterials/Substrate/Glints2/dict_0000_0017.uasset" 6374
"../../../Engine/Content/EngineMaterials/Substrate/Glints2/dict_0000_0021.uasset" 6375
"../../../Engine/Content/EngineMaterials/Substrate/Glints2/dict_0000_0026.uasset" 6376
"../../../Engine/Content/EngineMaterials/Substrate/Glints2/dict_0000_0019.uasset" 6377
"/Engine/EngineMaterials/Substrate/Glints2/dict_0000_0012" 6378
"../../../Engine/Content/EngineMaterials/Substrate/Glints2/dict_0000_0023.uasset" 6379
"../../../Engine/Content/EngineMaterials/Substrate/Glints2/dict_0000_0020.uasset" 6380
"../../../Engine/Content/EngineMaterials/Substrate/Glints2/dict_0000_0024.uasset" 6381
"../../../Engine/Content/EngineMaterials/Substrate/Glints2/dict_0000_0028.uasset" 6382
"../../../Engine/Content/EngineMaterials/Substrate/Glints2/dict_0000_0027.uasset" 6383
"../../../Engine/Content/EngineMaterials/Substrate/Glints2/dict_0000_0018.uasset" 6384
"../../../Engine/Content/EngineMaterials/Substrate/Glints2/dict_0000_0029.uasset" 6385
"../../../Engine/Content/EngineMaterials/Substrate/Glints2/dict_0000_0025.uasset" 6386
"../../../Engine/Content/EngineMaterials/Substrate/Glints2/dict_0000_0022.uasset" 6387
"/Engine/EngineMaterials/Substrate/Glints2/dict_0000_0011" 6388
"/Engine/EngineMaterials/Substrate/Glints2/dict_0000_0010" 6389
"/Engine/EngineMaterials/Substrate/Glints2/dict_0000_0009" 6390
"/Engine/EngineMaterials/Substrate/Glints2/dict_0000_0008" 6391
"/Engine/EngineMaterials/Substrate/Glints2/dict_0000_0007" 6392
"/Engine/EngineMaterials/Substrate/Glints2/dict_0000_0006" 6393
"/Engine/EngineMaterials/Substrate/Glints2/dict_0000_0005" 6394
"/Engine/EngineMaterials/Substrate/Glints2/dict_0000_0004" 6395
"/Engine/EngineMaterials/Substrate/Glints2/dict_0000_0003" 6396
"/Engine/EngineMaterials/Substrate/Glints2/dict_0000_0002" 6397
"/Engine/EngineMaterials/Substrate/Glints2/dict_0000_0001" 6398
"/Engine/EngineMaterials/Substrate/Glints2/dict_0000_0000" 6399
"/Engine/EngineMaterials/Substrate/GLints/AGlintTex2dArray" 6400
"../../../Engine/Content/EngineMaterials/Substrate/Glints2/dict_0000_0030.uasset" 6401
"../../../Engine/Content/EngineMaterials/Substrate/Glints2/dict_0000_0031.uasset" 6402
"../../../Engine/Content/EngineMaterials/Substrate/Glints2/dict_0000_0033.uasset" 6403
"../../../Engine/Content/EngineMaterials/Substrate/Glints2/dict_0000_0034.uasset" 6404
"../../../Engine/Content/EngineMaterials/Substrate/Glints2/dict_0000_0032.uasset" 6405
"../../../Engine/Content/EngineMaterials/Substrate/Glints2/dict_0000_0035.uasset" 6406
"../../../Engine/Content/EngineMaterials/Substrate/Glints2/dict_0000_0036.uasset" 6407
"/Engine/EngineMaterials/Substrate/Glints2/dict_0000_0029" 6408
"../../../Engine/Content/EngineMaterials/Substrate/Glints2/dict_0000_0037.uasset" 6409
"../../../Engine/Content/EngineMaterials/Substrate/Glints2/dict_0000_0038.uasset" 6410
"../../../Engine/Content/EngineMaterials/Substrate/Glints2/dict_0000_0039.uasset" 6411
"../../../Engine/Content/EngineMaterials/Substrate/Glints2/dict_0000_0040.uasset" 6412
"../../../Engine/Content/EngineMaterials/Substrate/Glints2/dict_0000_0041.uasset" 6413
"../../../Engine/Content/EngineMaterials/Substrate/Glints2/dict_0000_0043.uasset" 6414
"../../../Engine/Content/EngineMaterials/Substrate/Glints2/dict_0000_0044.uasset" 6415
"../../../Engine/Content/EngineMaterials/Substrate/Glints2/dict_0000_0045.uasset" 6416
"../../../Engine/Content/EngineMaterials/Substrate/Glints2/dict_0000_0042.uasset" 6417
"/Engine/EngineMaterials/Substrate/Glints2/dict_0000_0028" 6418
"/Engine/EngineMaterials/Substrate/Glints2/dict_0000_0027" 6419
"/Engine/EngineMaterials/Substrate/Glints2/dict_0000_0026" 6420
"/Engine/EngineMaterials/Substrate/Glints2/dict_0000_0025" 6421
"/Engine/EngineMaterials/Substrate/Glints2/dict_0000_0024" 6422
"/Engine/EngineMaterials/Substrate/Glints2/dict_0000_0023" 6423
"/Engine/EngineMaterials/Substrate/Glints2/dict_0000_0022" 6424
"/Engine/EngineMaterials/Substrate/Glints2/dict_0000_0021" 6425
"/Engine/EngineMaterials/Substrate/Glints2/dict_0000_0020" 6426
"/Engine/EngineMaterials/Substrate/Glints2/dict_0000_0019" 6427
"/Engine/EngineMaterials/Substrate/Glints2/dict_0000_0018" 6428
"/Engine/EngineMaterials/Substrate/Glints2/dict_0000_0017" 6429
"/Engine/EngineMaterials/Substrate/Glints2/dict_0000_0016" 6430
"/Engine/EngineMaterials/Substrate/Glints2/dict_0000_0015" 6431
"/Engine/EngineMaterials/Substrate/Glints2/dict_0000_0036" 6432
"/Engine/EngineMaterials/Substrate/Glints2/dict_0000_0035" 6433
"/Engine/EngineMaterials/Substrate/Glints2/dict_0000_0034" 6434
"/Engine/EngineMaterials/Substrate/Glints2/dict_0000_0033" 6435
"/Engine/EngineMaterials/Substrate/Glints2/dict_0000_0032" 6436
"/Engine/EngineMaterials/Substrate/Glints2/dict_0000_0031" 6437
"/Engine/EngineMaterials/Substrate/Glints2/dict_0000_0030" 6438
"/Engine/EngineMaterials/Substrate/Glints2/dict_0000_0014" 6439
"/Engine/EngineMaterials/Substrate/Glints2/dict_0000_0045" 6440
"../../../Engine/Content/EngineMaterials/Substrate/Glints2/dict_0000_0046.uasset" 6441
"../../../Engine/Content/EngineMaterials/Substrate/Glints2/dict_0000_0047.uasset" 6442
"../../../Engine/Content/EngineMaterials/Substrate/Glints2/dict_0000_0051.uasset" 6443
"../../../Engine/Content/EngineMaterials/Substrate/Glints2/dict_0000_0050.uasset" 6444
"../../../Engine/Content/EngineMaterials/Substrate/Glints2/dict_0000_0052.uasset" 6445
"../../../Engine/Content/EngineMaterials/Substrate/Glints2/dict_0000_0054.uasset" 6446
"../../../Engine/Content/EngineMaterials/Substrate/Glints2/dict_0000_0057.uasset" 6447
"../../../Engine/Content/EngineMaterials/Substrate/Glints2/dict_0000_0056.uasset" 6448
"../../../Engine/Content/EngineMaterials/Substrate/Glints2/dict_0000_0049.uasset" 6449
"/Engine/EngineMaterials/Substrate/Glints2/dict_0000_0044" 6450
"../../../Engine/Content/EngineMaterials/Substrate/Glints2/dict_0000_0059.uasset" 6451
"../../../Engine/Content/EngineMaterials/Substrate/Glints2/dict_0000_0048.uasset" 6452
"../../../Engine/Content/EngineMaterials/Substrate/Glints2/dict_0000_0053.uasset" 6453
"../../../Engine/Content/EngineMaterials/Substrate/Glints2/dict_0000_0060.uasset" 6454
"../../../Engine/Content/EngineMaterials/Substrate/Glints2/dict_0000_0061.uasset" 6455
"../../../Engine/Content/EngineMaterials/Substrate/Glints2/dict_0000_0058.uasset" 6456
"../../../Engine/Content/EngineMaterials/Substrate/Glints2/dict_0000_0063.uasset" 6457
"../../../Engine/Content/EngineMaterials/Substrate/Glints2/dict_0000_0064.uasset" 6458
"../../../Engine/Content/EngineMaterials/Substrate/Glints2/dict_0000_0065.uasset" 6459
"../../../Engine/Content/EngineMaterials/Substrate/Glints2/dict_0000_0055.uasset" 6460
"../../../Engine/Content/EngineMaterials/Substrate/Glints2/dict_0000_0062.uasset" 6461
"/Engine/EngineMaterials/Substrate/Glints2/dict_0000_0043" 6462
"../../../Engine/Content/EngineMaterials/Substrate/Glints2/dict_0000_0067.uasset" 6463
"../../../Engine/Content/EngineMaterials/Substrate/Glints2/dict_0000_0066.uasset" 6464
"../../../Engine/Content/EngineMaterials/Substrate/Glints2/dict_0000_0068.uasset" 6465
"/Engine/EngineMaterials/Substrate/Glints2/dict_0000_0042" 6466
"/Engine/EngineMaterials/Substrate/Glints2/dict_0000_0041" 6467
"/Engine/EngineMaterials/Substrate/Glints2/dict_0000_0040" 6468
"/Engine/EngineMaterials/Substrate/Glints2/dict_0000_0039" 6469
"/Engine/EngineMaterials/Substrate/Glints2/dict_0000_0038" 6470
"/Engine/EngineMaterials/Substrate/Glints2/dict_0000_0037" 6471
"/Engine/EngineMaterials/Substrate/Glints2/dict_0000_0068" 6472
"../../../Engine/Content/EngineMaterials/Substrate/Glints2/dict_0000_0069.uasset" 6473
"../../../Engine/Content/EngineMaterials/Substrate/Glints2/dict_0000_0070.uasset" 6474
"../../../Engine/Content/EngineMaterials/Substrate/Glints2/dict_0000_0074.uasset" 6475
"../../../Engine/Content/EngineMaterials/Substrate/Glints2/dict_0000_0076.uasset" 6476
"../../../Engine/Content/EngineMaterials/Substrate/Glints2/dict_0000_0071.uasset" 6477
"../../../Engine/Content/EngineMaterials/Substrate/Glints2/dict_0000_0072.uasset" 6478
"../../../Engine/Content/EngineMaterials/Substrate/Glints2/dict_0000_0075.uasset" 6479
"/Engine/EngineMaterials/Substrate/Glints2/dict_0000_0067" 6480
"../../../Engine/Content/EngineMaterials/Substrate/Glints2/dict_0000_0077.uasset" 6481
"../../../Engine/Content/EngineMaterials/Substrate/Glints2/dict_0000_0073.uasset" 6482
"/Engine/EngineMaterials/Substrate/Glints2/dict_0000_0066" 6483
"/Engine/EngineMaterials/Substrate/Glints2/dict_0000_0065" 6484
"/Engine/EngineMaterials/Substrate/Glints2/dict_0000_0064" 6485
"/Engine/EngineMaterials/Substrate/Glints2/dict_0000_0063" 6486
"/Engine/EngineMaterials/Substrate/Glints2/dict_0000_0062" 6487
"/Engine/EngineMaterials/Substrate/Glints2/dict_0000_0061" 6488
"/Engine/EngineMaterials/Substrate/Glints2/dict_0000_0060" 6489
"/Engine/EngineMaterials/Substrate/Glints2/dict_0000_0059" 6490
"/Engine/EngineMaterials/Substrate/Glints2/dict_0000_0058" 6491
"/Engine/EngineMaterials/Substrate/Glints2/dict_0000_0057" 6492
"/Engine/EngineMaterials/Substrate/Glints2/dict_0000_0056" 6493
"/Engine/EngineMaterials/Substrate/Glints2/dict_0000_0055" 6494
"/Engine/EngineMaterials/Substrate/Glints2/dict_0000_0054" 6495
"/Engine/EngineMaterials/Substrate/Glints2/dict_0000_0053" 6496
"/Engine/EngineMaterials/Substrate/Glints2/dict_0000_0052" 6497
"/Engine/EngineMaterials/Substrate/Glints2/dict_0000_0051" 6498
"/Engine/EngineMaterials/Substrate/Glints2/dict_0000_0050" 6499
"/Engine/EngineMaterials/Substrate/Glints2/dict_0000_0049" 6500
"/Engine/EngineMaterials/Substrate/Glints2/dict_0000_0048" 6501
"/Engine/EngineMaterials/Substrate/Glints2/dict_0000_0047" 6502
"/Engine/EngineMaterials/Substrate/Glints2/dict_0000_0046" 6503
"/Engine/EngineMaterials/Substrate/Glints2/dict_0000_0077" 6504
"../../../Engine/Content/EngineMaterials/Substrate/Glints2/dict_0000_0079.uasset" 6505
"../../../Engine/Content/EngineMaterials/Substrate/Glints2/dict_0000_0078.uasset" 6506
"../../../Engine/Content/EngineMaterials/Substrate/Glints2/dict_0000_0081.uasset" 6507
"../../../Engine/Content/EngineMaterials/Substrate/Glints2/dict_0000_0082.uasset" 6508
"../../../Engine/Content/EngineMaterials/Substrate/Glints2/dict_0000_0080.uasset" 6509
"../../../Engine/Content/EngineMaterials/Substrate/Glints2/dict_0000_0083.uasset" 6510
"/Engine/EngineMaterials/Substrate/Glints2/dict_0000_0076" 6511
"../../../Engine/Content/EngineMaterials/Substrate/Glints2/dict_0000_0084.uasset" 6512
"../../../Engine/Content/EngineMaterials/Substrate/Glints2/dict_0000_0088.uasset" 6513
"../../../Engine/Content/EngineMaterials/Substrate/Glints2/dict_0000_0086.uasset" 6514
"../../../Engine/Content/EngineMaterials/Substrate/Glints2/dict_0000_0089.uasset" 6515
"../../../Engine/Content/EngineMaterials/Substrate/Glints2/dict_0000_0094.uasset" 6516
"../../../Engine/Content/EngineMaterials/Substrate/Glints2/dict_0000_0090.uasset" 6517
"../../../Engine/Content/EngineMaterials/Substrate/Glints2/dict_0000_0085.uasset" 6518
"../../../Engine/Content/EngineMaterials/Substrate/Glints2/dict_0000_0093.uasset" 6519
"../../../Engine/Content/EngineMaterials/Substrate/Glints2/dict_0000_0091.uasset" 6520
"../../../Engine/Content/EngineMaterials/Substrate/Glints2/dict_0000_0087.uasset" 6521
"../../../Engine/Content/EngineMaterials/Substrate/Glints2/dict_0000_0092.uasset" 6522
"../../../Engine/Content/EngineMaterials/Substrate/Glints2/dict_0000_0095.uasset" 6523
"../../../Engine/Content/EngineMaterials/Substrate/Glints2/dict_0000_0098.uasset" 6524
"../../../Engine/Content/EngineMaterials/Substrate/Glints2/dict_0000_0100.uasset" 6525
"../../../Engine/Content/EngineMaterials/Substrate/Glints2/dict_0000_0097.uasset" 6526
"/Engine/EngineMaterials/Substrate/Glints2/dict_0000_0075" 6527
"../../../Engine/Content/EngineMaterials/Substrate/Glints2/dict_0000_0096.uasset" 6528
"../../../Engine/Content/EngineMaterials/Substrate/Glints2/dict_0000_0099.uasset" 6529
"/Engine/EngineMaterials/Substrate/Glints2/dict_0000_0074" 6530
"/Engine/EngineMaterials/Substrate/Glints2/dict_0000_0073" 6531
"/Engine/EngineMaterials/Substrate/Glints2/dict_0000_0072" 6532
"/Engine/EngineMaterials/Substrate/Glints2/dict_0000_0071" 6533
"/Engine/EngineMaterials/Substrate/Glints2/dict_0000_0070" 6534
"/Engine/EngineMaterials/Substrate/Glints2/dict_0000_0069" 6535
"/Engine/EngineMaterials/Substrate/Glints2/dict_0000_0100" 6536
"../../../Engine/Content/EngineMaterials/Substrate/Glints2/dict_0000_0102.uasset" 6537
"../../../Engine/Content/EngineMaterials/Substrate/Glints2/dict_0000_0101.uasset" 6538
"../../../Engine/Content/EngineMaterials/Substrate/Glints2/dict_0000_0106.uasset" 6539
"../../../Engine/Content/EngineMaterials/Substrate/Glints2/dict_0000_0104.uasset" 6540
"../../../Engine/Content/EngineMaterials/Substrate/Glints2/dict_0000_0105.uasset" 6541
"../../../Engine/Content/EngineMaterials/Substrate/Glints2/dict_0000_0103.uasset" 6542
"../../../Engine/Content/EngineMaterials/Substrate/Glints2/dict_0000_0108.uasset" 6543
"/Engine/EngineMaterials/Substrate/Glints2/dict_0000_0099" 6544
"../../../Engine/Content/EngineMaterials/Substrate/Glints2/dict_0000_0109.uasset" 6545
"../../../Engine/Content/EngineMaterials/Substrate/Glints2/dict_0000_0107.uasset" 6546
"/Engine/EngineMaterials/Substrate/Glints2/dict_0000_0098" 6547
"/Engine/EngineMaterials/Substrate/Glints2/dict_0000_0097" 6548
"/Engine/EngineMaterials/Substrate/Glints2/dict_0000_0096" 6549
"/Engine/EngineMaterials/Substrate/Glints2/dict_0000_0095" 6550
"/Engine/EngineMaterials/Substrate/Glints2/dict_0000_0094" 6551
"/Engine/EngineMaterials/Substrate/Glints2/dict_0000_0093" 6552
"/Engine/EngineMaterials/Substrate/Glints2/dict_0000_0092" 6553
"/Engine/EngineMaterials/Substrate/Glints2/dict_0000_0091" 6554
"/Engine/EngineMaterials/Substrate/Glints2/dict_0000_0090" 6555
"/Engine/EngineMaterials/Substrate/Glints2/dict_0000_0089" 6556
"/Engine/EngineMaterials/Substrate/Glints2/dict_0000_0088" 6557
"/Engine/EngineMaterials/Substrate/Glints2/dict_0000_0087" 6558
"/Engine/EngineMaterials/Substrate/Glints2/dict_0000_0086" 6559
"/Engine/EngineMaterials/Substrate/Glints2/dict_0000_0085" 6560
"/Engine/EngineMaterials/Substrate/Glints2/dict_0000_0084" 6561
"/Engine/EngineMaterials/Substrate/Glints2/dict_0000_0083" 6562
"/Engine/EngineMaterials/Substrate/Glints2/dict_0000_0082" 6563
"/Engine/EngineMaterials/Substrate/Glints2/dict_0000_0081" 6564
"/Engine/EngineMaterials/Substrate/Glints2/dict_0000_0080" 6565
"/Engine/EngineMaterials/Substrate/Glints2/dict_0000_0079" 6566
"/Engine/EngineMaterials/Substrate/Glints2/dict_0000_0078" 6567
"/Engine/EngineMaterials/Substrate/Glints2/dict_0000_0109" 6568
"../../../Engine/Content/EngineMaterials/Substrate/Glints2/dict_0000_0112.uasset" 6569
"../../../Engine/Content/EngineMaterials/Substrate/Glints2/dict_0000_0113.uasset" 6570
"../../../Engine/Content/EngineMaterials/Substrate/Glints2/dict_0000_0118.uasset" 6571
"/Engine/EngineMaterials/Substrate/Glints2/dict_0000_0108" 6572
"../../../Engine/Content/EngineMaterials/Substrate/Glints2/dict_0000_0110.uasset" 6573
"../../../Engine/Content/EngineMaterials/Substrate/Glints2/dict_0000_0122.uasset" 6574
"../../../Engine/Content/EngineMaterials/Substrate/Glints2/dict_0000_0120.uasset" 6575
"../../../Engine/Content/EngineMaterials/Substrate/Glints2/dict_0000_0121.uasset" 6576
"../../../Engine/Content/EngineMaterials/Substrate/Glints2/dict_0000_0115.uasset" 6577
"../../../Engine/Content/EngineMaterials/Substrate/Glints2/dict_0000_0111.uasset" 6578
"../../../Engine/Content/EngineMaterials/Substrate/Glints2/dict_0000_0119.uasset" 6579
"../../../Engine/Content/EngineMaterials/Substrate/Glints2/dict_0000_0117.uasset" 6580
"../../../Engine/Content/EngineMaterials/Substrate/Glints2/dict_0000_0116.uasset" 6581
"../../../Engine/Content/EngineMaterials/Substrate/Glints2/dict_0000_0123.uasset" 6582
"/Engine/EngineMaterials/Substrate/Glints2/dict_0000_0107" 6583
"../../../Engine/Content/EngineMaterials/Substrate/Glints2/dict_0000_0114.uasset" 6584
"../../../Engine/Content/EngineMaterials/Substrate/Glints2/dict_0000_0127.uasset" 6585
"../../../Engine/Content/EngineMaterials/Substrate/Glints2/dict_0000_0130.uasset" 6586
"../../../Engine/Content/EngineMaterials/Substrate/Glints2/dict_0000_0126.uasset" 6587
"../../../Engine/Content/EngineMaterials/Substrate/Glints2/dict_0000_0131.uasset" 6588
"../../../Engine/Content/EngineMaterials/Substrate/Glints2/dict_0000_0128.uasset" 6589
"../../../Engine/Content/EngineMaterials/Substrate/Glints2/dict_0000_0129.uasset" 6590
"../../../Engine/Content/EngineMaterials/Substrate/Glints2/dict_0000_0124.uasset" 6591
"../../../Engine/Content/EngineMaterials/Substrate/Glints2/dict_0000_0125.uasset" 6592
"/Engine/EngineMaterials/Substrate/Glints2/dict_0000_0106" 6593
"../../../Engine/Content/EngineMaterials/Substrate/Glints2/dict_0000_0132.uasset" 6594
"/Engine/EngineMaterials/Substrate/Glints2/dict_0000_0105" 6595
"/Engine/EngineMaterials/Substrate/Glints2/dict_0000_0104" 6596
"/Engine/EngineMaterials/Substrate/Glints2/dict_0000_0103" 6597
"/Engine/EngineMaterials/Substrate/Glints2/dict_0000_0102" 6598
"/Engine/EngineMaterials/Substrate/Glints2/dict_0000_0101" 6599
"/Engine/EngineMaterials/Substrate/Glints2/dict_0000_0132" 6600
"../../../Engine/Content/EngineMaterials/Substrate/Glints2/dict_0000_0133.uasset" 6601
"../../../Engine/Content/EngineMaterials/Substrate/Glints2/dict_0000_0135.uasset" 6602
"../../../Engine/Content/EngineMaterials/Substrate/Glints2/dict_0000_0134.uasset" 6603
"../../../Engine/Content/EngineMaterials/Substrate/Glints2/dict_0000_0136.uasset" 6604
"/Engine/EngineMaterials/Substrate/Glints2/dict_0000_0131" 6605
"../../../Engine/Content/EngineMaterials/Substrate/Glints2/dict_0000_0139.uasset" 6606
"../../../Engine/Content/EngineMaterials/Substrate/Glints2/dict_0000_0137.uasset" 6607
"../../../Engine/Content/EngineMaterials/Substrate/Glints2/dict_0000_0141.uasset" 6608
"/Engine/EngineMaterials/Substrate/Glints2/dict_0000_0130" 6609
"../../../Engine/Content/EngineMaterials/Substrate/Glints2/dict_0000_0140.uasset" 6610
"../../../Engine/Content/EngineMaterials/Substrate/Glints2/dict_0000_0138.uasset" 6611
"/Engine/EngineMaterials/Substrate/Glints2/dict_0000_0129" 6612
"/Engine/EngineMaterials/Substrate/Glints2/dict_0000_0128" 6613
"/Engine/EngineMaterials/Substrate/Glints2/dict_0000_0127" 6614
"/Engine/EngineMaterials/Substrate/Glints2/dict_0000_0126" 6615
"/Engine/EngineMaterials/Substrate/Glints2/dict_0000_0125" 6616
"/Engine/EngineMaterials/Substrate/Glints2/dict_0000_0124" 6617
"/Engine/EngineMaterials/Substrate/Glints2/dict_0000_0123" 6618
"/Engine/EngineMaterials/Substrate/Glints2/dict_0000_0122" 6619
"/Engine/EngineMaterials/Substrate/Glints2/dict_0000_0121" 6620
"/Engine/EngineMaterials/Substrate/Glints2/dict_0000_0120" 6621
"/Engine/EngineMaterials/Substrate/Glints2/dict_0000_0119" 6622
"/Engine/EngineMaterials/Substrate/Glints2/dict_0000_0118" 6623
"/Engine/EngineMaterials/Substrate/Glints2/dict_0000_0117" 6624
"/Engine/EngineMaterials/Substrate/Glints2/dict_0000_0116" 6625
"/Engine/EngineMaterials/Substrate/Glints2/dict_0000_0115" 6626
"/Engine/EngineMaterials/Substrate/Glints2/dict_0000_0114" 6627
"/Engine/EngineMaterials/Substrate/Glints2/dict_0000_0113" 6628
"/Engine/EngineMaterials/Substrate/Glints2/dict_0000_0112" 6629
"/Engine/EngineMaterials/Substrate/Glints2/dict_0000_0111" 6630
"/Engine/EngineMaterials/Substrate/Glints2/dict_0000_0110" 6631
"/Engine/EngineMaterials/Substrate/Glints2/dict_0000_0141" 6632
"../../../Engine/Content/EngineMaterials/Substrate/Glints2/dict_0000_0142.uasset" 6633
"../../../Engine/Content/EngineMaterials/Substrate/Glints2/dict_0000_0144.uasset" 6634
"../../../Engine/Content/EngineMaterials/Substrate/Glints2/dict_0000_0143.uasset" 6635
"../../../Engine/Content/EngineMaterials/Substrate/Glints2/dict_0000_0145.uasset" 6636
"../../../Engine/Content/EngineMaterials/Substrate/Glints2/dict_0000_0149.uasset" 6637
"../../../Engine/Content/EngineMaterials/Substrate/Glints2/dict_0000_0151.uasset" 6638
"../../../Engine/Content/EngineMaterials/Substrate/Glints2/dict_0000_0153.uasset" 6639
"../../../Engine/Content/EngineMaterials/Substrate/Glints2/dict_0000_0154.uasset" 6640
"/Engine/EngineMaterials/Substrate/Glints2/dict_0000_0140" 6641
"../../../Engine/Content/EngineMaterials/Substrate/Glints2/dict_0000_0146.uasset" 6642
"../../../Engine/Content/EngineMaterials/Substrate/Glints2/dict_0000_0147.uasset" 6643
"../../../Engine/Content/EngineMaterials/Substrate/Glints2/dict_0000_0155.uasset" 6644
"../../../Engine/Content/EngineMaterials/Substrate/Glints2/dict_0000_0150.uasset" 6645
"../../../Engine/Content/EngineMaterials/Substrate/Glints2/dict_0000_0152.uasset" 6646
"../../../Engine/Content/EngineMaterials/Substrate/Glints2/dict_0000_0148.uasset" 6647
"../../../Engine/Content/EngineMaterials/Substrate/Glints2/dict_0000_0157.uasset" 6648
"../../../Engine/Content/EngineMaterials/Substrate/Glints2/dict_0000_0156.uasset" 6649
"../../../Engine/Content/EngineMaterials/Substrate/Glints2/dict_0000_0158.uasset" 6650
"../../../Engine/Content/EngineMaterials/Substrate/Glints2/dict_0000_0161.uasset" 6651
"../../../Engine/Content/EngineMaterials/Substrate/Glints2/dict_0000_0162.uasset" 6652
"../../../Engine/Content/EngineMaterials/Substrate/Glints2/dict_0000_0164.uasset" 6653
"../../../Engine/Content/EngineMaterials/Substrate/Glints2/dict_0000_0160.uasset" 6654
"../../../Engine/Content/EngineMaterials/Substrate/Glints2/dict_0000_0163.uasset" 6655
"/Engine/EngineMaterials/Substrate/Glints2/dict_0000_0139" 6656
"../../../Engine/Content/EngineMaterials/Substrate/Glints2/dict_0000_0159.uasset" 6657
"/Engine/EngineMaterials/Substrate/Glints2/dict_0000_0138" 6658
"/Engine/EngineMaterials/Substrate/Glints2/dict_0000_0137" 6659
"/Engine/EngineMaterials/Substrate/Glints2/dict_0000_0136" 6660
"/Engine/EngineMaterials/Substrate/Glints2/dict_0000_0135" 6661
"/Engine/EngineMaterials/Substrate/Glints2/dict_0000_0134" 6662
"/Engine/EngineMaterials/Substrate/Glints2/dict_0000_0133" 6663
"/Engine/EngineMaterials/Substrate/Glints2/dict_0000_0164" 6664
"../../../Engine/Content/EngineMaterials/Substrate/Glints2/dict_0000_0165.uasset" 6665
"../../../Engine/Content/EngineMaterials/Substrate/Glints2/dict_0000_0166.uasset" 6666
"../../../Engine/Content/EngineMaterials/Substrate/Glints2/dict_0000_0168.uasset" 6667
"../../../Engine/Content/EngineMaterials/Substrate/Glints2/dict_0000_0170.uasset" 6668
"../../../Engine/Content/EngineMaterials/Substrate/Glints2/dict_0000_0169.uasset" 6669
"../../../Engine/Content/EngineMaterials/Substrate/Glints2/dict_0000_0171.uasset" 6670
"../../../Engine/Content/EngineMaterials/Substrate/Glints2/dict_0000_0172.uasset" 6671
"../../../Engine/Content/EngineMaterials/Substrate/Glints2/dict_0000_0173.uasset" 6672
"../../../Engine/Content/EngineMaterials/Substrate/Glints2/dict_0000_0167.uasset" 6673
"/Engine/EngineMaterials/Substrate/Glints2/dict_0000_0163" 6674
"/Engine/EngineMaterials/Substrate/Glints2/dict_0000_0162" 6675
"/Engine/EngineMaterials/Substrate/Glints2/dict_0000_0161" 6676
"/Engine/EngineMaterials/Substrate/Glints2/dict_0000_0160" 6677
"/Engine/EngineMaterials/Substrate/Glints2/dict_0000_0159" 6678
"/Engine/EngineMaterials/Substrate/Glints2/dict_0000_0158" 6679
"/Engine/EngineMaterials/Substrate/Glints2/dict_0000_0157" 6680
"/Engine/EngineMaterials/Substrate/Glints2/dict_0000_0156" 6681
"/Engine/EngineMaterials/Substrate/Glints2/dict_0000_0155" 6682
"/Engine/EngineMaterials/Substrate/Glints2/dict_0000_0154" 6683
"/Engine/EngineMaterials/Substrate/Glints2/dict_0000_0153" 6684
"/Engine/EngineMaterials/Substrate/Glints2/dict_0000_0152" 6685
"/Engine/EngineMaterials/Substrate/Glints2/dict_0000_0151" 6686
"/Engine/EngineMaterials/Substrate/Glints2/dict_0000_0150" 6687
"/Engine/EngineMaterials/Substrate/Glints2/dict_0000_0149" 6688
"/Engine/EngineMaterials/Substrate/Glints2/dict_0000_0148" 6689
"/Engine/EngineMaterials/Substrate/Glints2/dict_0000_0147" 6690
"/Engine/EngineMaterials/Substrate/Glints2/dict_0000_0146" 6691
"/Engine/EngineMaterials/Substrate/Glints2/dict_0000_0145" 6692
"/Engine/EngineMaterials/Substrate/Glints2/dict_0000_0144" 6693
"/Engine/EngineMaterials/Substrate/Glints2/dict_0000_0143" 6694
"/Engine/EngineMaterials/Substrate/Glints2/dict_0000_0142" 6695
"/Engine/EngineMaterials/Substrate/Glints2/dict_0000_0173" 6696
"../../../Engine/Content/EngineMaterials/Substrate/Glints2/dict_0000_0175.uasset" 6697
"../../../Engine/Content/EngineMaterials/Substrate/Glints2/dict_0000_0174.uasset" 6698
"../../../Engine/Content/EngineMaterials/Substrate/Glints2/dict_0000_0177.uasset" 6699
"../../../Engine/Content/EngineMaterials/Substrate/Glints2/dict_0000_0176.uasset" 6700
"../../../Engine/Content/EngineMaterials/Substrate/Glints2/dict_0000_0178.uasset" 6701
"../../../Engine/Content/EngineMaterials/Substrate/Glints2/dict_0000_0179.uasset" 6702
"../../../Engine/Content/EngineMaterials/Substrate/Glints2/dict_0000_0182.uasset" 6703
"/Engine/EngineMaterials/Substrate/Glints2/dict_0000_0172" 6704
"../../../Engine/Content/EngineMaterials/Substrate/Glints2/dict_0000_0187.uasset" 6705
"../../../Engine/Content/EngineMaterials/Substrate/Glints2/dict_0000_0185.uasset" 6706
"../../../Engine/Content/EngineMaterials/Substrate/Glints2/dict_0000_0181.uasset" 6707
"../../../Engine/Content/EngineMaterials/Substrate/Glints2/dict_0000_0186.uasset" 6708
"../../../Engine/Content/EngineMaterials/Substrate/Glints2/dict_0000_0180.uasset" 6709
"../../../Engine/Content/EngineMaterials/Substrate/Glints2/dict_0000_0183.uasset" 6710
"../../../Engine/Content/EngineMaterials/Substrate/Glints2/dict_0000_0184.uasset" 6711
"../../../Engine/Content/EngineMaterials/Substrate/Glints2/dict_0000_0188.uasset" 6712
"../../../Engine/Content/EngineMaterials/Substrate/Glints2/dict_0000_0189.uasset" 6713
"../../../Engine/Content/EngineMaterials/Substrate/Glints2/dict_0000_0191.uasset" 6714
"../../../Engine/Content/EngineMaterials/Substrate/Glints2/dict_0000_0190.uasset" 6715
"../../../Engine/Content/EngineMaterials/Substrate/Glints2/dict_0000_0193.uasset" 6716
"../../../Engine/Content/EngineMaterials/Substrate/Glints2/dict_0000_0196.uasset" 6717
"../../../Engine/Content/EngineMaterials/Substrate/Glints2/dict_0000_0195.uasset" 6718
"/Engine/EngineMaterials/Substrate/Glints2/dict_0000_0171" 6719
"../../../Engine/Content/EngineMaterials/Substrate/Glints2/dict_0000_0194.uasset" 6720
"../../../Engine/Content/EngineMaterials/Substrate/Glints2/dict_0000_0192.uasset" 6721
"/Engine/EngineMaterials/Substrate/Glints2/dict_0000_0170" 6722
"/Engine/EngineMaterials/Substrate/Glints2/dict_0000_0169" 6723
"/Engine/EngineMaterials/Substrate/Glints2/dict_0000_0168" 6724
"/Engine/EngineMaterials/Substrate/Glints2/dict_0000_0167" 6725
"/Engine/EngineMaterials/Substrate/Glints2/dict_0000_0166" 6726
"/Engine/EngineMaterials/Substrate/Glints2/dict_0000_0165" 6727
"/Engine/EngineMaterials/Substrate/Glints2/dict_0000_0196" 6728
"../../../Engine/Content/EngineMaterials/Substrate/Glints2/dict_0000_0197.uasset" 6729
"../../../Engine/Content/EngineMaterials/Substrate/Glints2/dict_0000_0198.uasset" 6730
"../../../Engine/Content/EngineMaterials/Substrate/Glints2/dict_0000_0199.uasset" 6731
"../../../Engine/Content/EngineMaterials/Substrate/Glints2/dict_0000_0200.uasset" 6732
"../../../Engine/Content/EngineMaterials/Substrate/Glints2/dict_0000_0201.uasset" 6733
"../../../Engine/Content/EngineMaterials/Substrate/Glints2/dict_0000_0204.uasset" 6734
"../../../Engine/Content/EngineMaterials/Substrate/Glints2/dict_0000_0202.uasset" 6735
"../../../Engine/Content/EngineMaterials/Substrate/Glints2/dict_0000_0205.uasset" 6736
"../../../Engine/Content/EngineMaterials/Substrate/Glints2/dict_0000_0203.uasset" 6737
"/Engine/EngineMaterials/Substrate/Glints2/dict_0000_0195" 6738
"/Engine/EngineMaterials/Substrate/Glints2/dict_0000_0194" 6739
"/Engine/EngineMaterials/Substrate/Glints2/dict_0000_0193" 6740
"/Engine/EngineMaterials/Substrate/Glints2/dict_0000_0192" 6741
"/Engine/EngineMaterials/Substrate/Glints2/dict_0000_0191" 6742
"/Engine/EngineMaterials/Substrate/Glints2/dict_0000_0190" 6743
"/Engine/EngineMaterials/Substrate/Glints2/dict_0000_0189" 6744
"/Engine/EngineMaterials/Substrate/Glints2/dict_0000_0188" 6745
"/Engine/EngineMaterials/Substrate/Glints2/dict_0000_0187" 6746
"/Engine/EngineMaterials/Substrate/Glints2/dict_0000_0186" 6747
"/Engine/EngineMaterials/Substrate/Glints2/dict_0000_0185" 6748
"/Engine/EngineMaterials/Substrate/Glints2/dict_0000_0184" 6749
"/Engine/EngineMaterials/Substrate/Glints2/dict_0000_0183" 6750
"/Engine/EngineMaterials/Substrate/Glints2/dict_0000_0182" 6751
"/Engine/EngineMaterials/Substrate/Glints2/dict_0000_0181" 6752
"/Engine/EngineMaterials/Substrate/Glints2/dict_0000_0180" 6753
"/Engine/EngineMaterials/Substrate/Glints2/dict_0000_0179" 6754
"/Engine/EngineMaterials/Substrate/Glints2/dict_0000_0178" 6755
"/Engine/EngineMaterials/Substrate/Glints2/dict_0000_0177" 6756
"/Engine/EngineMaterials/Substrate/Glints2/dict_0000_0176" 6757
"/Engine/EngineMaterials/Substrate/Glints2/dict_0000_0175" 6758
"/Engine/EngineMaterials/Substrate/Glints2/dict_0000_0174" 6759
"/Engine/EngineMaterials/Substrate/Glints2/dict_0000_0205" 6760
"../../../Engine/Content/EngineMaterials/Substrate/Glints2/dict_0000_0207.uasset" 6761
"../../../Engine/Content/EngineMaterials/Substrate/Glints2/dict_0000_0206.uasset" 6762
"../../../Engine/Content/EngineMaterials/Substrate/Glints2/dict_0000_0208.uasset" 6763
"../../../Engine/Content/EngineMaterials/Substrate/Glints2/dict_0000_0209.uasset" 6764
"../../../Engine/Content/EngineMaterials/Substrate/Glints2/dict_0000_0210.uasset" 6765
"../../../Engine/Content/EngineMaterials/Substrate/Glints2/dict_0000_0213.uasset" 6766
"../../../Engine/Content/EngineMaterials/Substrate/Glints2/dict_0000_0215.uasset" 6767
"../../../Engine/Content/EngineMaterials/Substrate/Glints2/dict_0000_0214.uasset" 6768
"../../../Engine/Content/EngineMaterials/Substrate/Glints2/dict_0000_0212.uasset" 6769
"../../../Engine/Content/EngineMaterials/Substrate/Glints2/dict_0000_0219.uasset" 6770
"../../../Engine/Content/EngineMaterials/Substrate/Glints2/dict_0000_0218.uasset" 6771
"../../../Engine/Content/EngineMaterials/Substrate/Glints2/dict_0000_0216.uasset" 6772
"../../../Engine/Content/EngineMaterials/Substrate/Glints2/dict_0000_0220.uasset" 6773
"../../../Engine/Content/EngineMaterials/Substrate/Glints2/dict_0000_0217.uasset" 6774
"../../../Engine/Content/EngineMaterials/Substrate/Glints2/dict_0000_0211.uasset" 6775
"/Engine/EngineMaterials/Substrate/Glints2/dict_0000_0204" 6776
"../../../Engine/Content/EngineMaterials/Substrate/Glints2/dict_0000_0221.uasset" 6777
"../../../Engine/Content/EngineMaterials/Substrate/Glints2/dict_0000_0223.uasset" 6778
"../../../Engine/Content/EngineMaterials/Substrate/Glints2/dict_0000_0222.uasset" 6779
"../../../Engine/Content/EngineMaterials/Substrate/Glints2/dict_0000_0224.uasset" 6780
"../../../Engine/Content/EngineMaterials/Substrate/Glints2/dict_0000_0226.uasset" 6781
"../../../Engine/Content/EngineMaterials/Substrate/Glints2/dict_0000_0228.uasset" 6782
"../../../Engine/Content/EngineMaterials/Substrate/Glints2/dict_0000_0225.uasset" 6783
"../../../Engine/Content/EngineMaterials/Substrate/Glints2/dict_0000_0227.uasset" 6784
"/Engine/EngineMaterials/Substrate/Glints2/dict_0000_0203" 6785
"/Engine/EngineMaterials/Substrate/Glints2/dict_0000_0202" 6786
"/Engine/EngineMaterials/Substrate/Glints2/dict_0000_0201" 6787
"/Engine/EngineMaterials/Substrate/Glints2/dict_0000_0200" 6788
"/Engine/EngineMaterials/Substrate/Glints2/dict_0000_0199" 6789
"/Engine/EngineMaterials/Substrate/Glints2/dict_0000_0198" 6790
"/Engine/EngineMaterials/Substrate/Glints2/dict_0000_0197" 6791
"/Engine/EngineMaterials/Substrate/Glints2/dict_0000_0228" 6792
"../../../Engine/Content/EngineMaterials/Substrate/Glints2/dict_0000_0231.uasset" 6793
"../../../Engine/Content/EngineMaterials/Substrate/Glints2/dict_0000_0229.uasset" 6794
"../../../Engine/Content/EngineMaterials/Substrate/Glints2/dict_0000_0230.uasset" 6795
"../../../Engine/Content/EngineMaterials/Substrate/Glints2/dict_0000_0233.uasset" 6796
"../../../Engine/Content/EngineMaterials/Substrate/Glints2/dict_0000_0236.uasset" 6797
"../../../Engine/Content/EngineMaterials/Substrate/Glints2/dict_0000_0234.uasset" 6798
"../../../Engine/Content/EngineMaterials/Substrate/Glints2/dict_0000_0235.uasset" 6799
"../../../Engine/Content/EngineMaterials/Substrate/Glints2/dict_0000_0232.uasset" 6800
"/Engine/EngineMaterials/Substrate/Glints2/dict_0000_0227" 6801
"../../../Engine/Content/EngineMaterials/Substrate/Glints2/dict_0000_0237.uasset" 6802
"/Engine/EngineMaterials/Substrate/Glints2/dict_0000_0226" 6803
"/Engine/EngineMaterials/Substrate/Glints2/dict_0000_0225" 6804
"/Engine/EngineMaterials/Substrate/Glints2/dict_0000_0224" 6805
"/Engine/EngineMaterials/Substrate/Glints2/dict_0000_0223" 6806
"/Engine/EngineMaterials/Substrate/Glints2/dict_0000_0222" 6807
"/Engine/EngineMaterials/Substrate/Glints2/dict_0000_0221" 6808
"/Engine/EngineMaterials/Substrate/Glints2/dict_0000_0220" 6809
"/Engine/EngineMaterials/Substrate/Glints2/dict_0000_0219" 6810
"/Engine/EngineMaterials/Substrate/Glints2/dict_0000_0218" 6811
"/Engine/EngineMaterials/Substrate/Glints2/dict_0000_0217" 6812
"/Engine/EngineMaterials/Substrate/Glints2/dict_0000_0216" 6813
"/Engine/EngineMaterials/Substrate/Glints2/dict_0000_0215" 6814
"/Engine/EngineMaterials/Substrate/Glints2/dict_0000_0214" 6815
"/Engine/EngineMaterials/Substrate/Glints2/dict_0000_0213" 6816
"/Engine/EngineMaterials/Substrate/Glints2/dict_0000_0212" 6817
"/Engine/EngineMaterials/Substrate/Glints2/dict_0000_0211" 6818
"/Engine/EngineMaterials/Substrate/Glints2/dict_0000_0210" 6819
"/Engine/EngineMaterials/Substrate/Glints2/dict_0000_0209" 6820
"/Engine/EngineMaterials/Substrate/Glints2/dict_0000_0208" 6821
"/Engine/EngineMaterials/Substrate/Glints2/dict_0000_0207" 6822
"/Engine/EngineMaterials/Substrate/Glints2/dict_0000_0206" 6823
"/Engine/EngineMaterials/Substrate/Glints2/dict_0000_0237" 6824
"../../../Engine/Content/EngineMaterials/Substrate/Glints2/dict_0000_0240.uasset" 6825
"../../../Engine/Content/EngineMaterials/Substrate/Glints2/dict_0000_0239.uasset" 6826
"/Engine/EngineMaterials/Substrate/Glints2/dict_0000_0236" 6827
"../../../Engine/Content/EngineMaterials/Substrate/Glints2/dict_0000_0242.uasset" 6828
"../../../Engine/Content/EngineMaterials/Substrate/Glints2/dict_0000_0241.uasset" 6829
"../../../Engine/Content/EngineMaterials/Substrate/Glints2/dict_0000_0243.uasset" 6830
"../../../Engine/Content/EngineMaterials/Substrate/Glints2/dict_0000_0250.uasset" 6831
"../../../Engine/Content/EngineMaterials/Substrate/Glints2/dict_0000_0238.uasset" 6832
"../../../Engine/Content/EngineMaterials/Substrate/Glints2/dict_0000_0244.uasset" 6833
"../../../Engine/Content/EngineMaterials/Substrate/Glints2/dict_0000_0248.uasset" 6834
"../../../Engine/Content/EngineMaterials/Substrate/Glints2/dict_0000_0251.uasset" 6835
"../../../Engine/Content/EngineMaterials/Substrate/Glints2/dict_0000_0245.uasset" 6836
"../../../Engine/Content/EngineMaterials/Substrate/Glints2/dict_0000_0247.uasset" 6837
"../../../Engine/Content/EngineMaterials/Substrate/Glints2/dict_0000_0246.uasset" 6838
"../../../Engine/Content/EngineMaterials/Substrate/Glints2/dict_0000_0249.uasset" 6839
"/Engine/EngineMaterials/Substrate/Glints2/dict_0000_0235" 6840
"../../../Engine/Content/EngineMaterials/Substrate/Glints2/dict_0000_0252.uasset" 6841
"../../../Engine/Content/EngineMaterials/Substrate/Glints2/dict_0000_0253.uasset" 6842
"../../../Engine/Content/EngineMaterials/Substrate/Glints2/dict_0000_0255.uasset" 6843
"../../../Engine/Content/EngineMaterials/Substrate/Glints2/dict_0001_0004.uasset" 6844
"../../../Engine/Content/EngineMaterials/Substrate/Glints2/dict_0001_0003.uasset" 6845
"../../../Engine/Content/EngineMaterials/Substrate/Glints2/dict_0001_0000.uasset" 6846
"../../../Engine/Content/EngineMaterials/Substrate/Glints2/dict_0000_0254.uasset" 6847
"../../../Engine/Content/EngineMaterials/Substrate/Glints2/dict_0001_0001.uasset" 6848
"../../../Engine/Content/EngineMaterials/Substrate/Glints2/dict_0001_0002.uasset" 6849
"/Engine/EngineMaterials/Substrate/Glints2/dict_0000_0234" 6850
"/Engine/EngineMaterials/Substrate/Glints2/dict_0000_0233" 6851
"/Engine/EngineMaterials/Substrate/Glints2/dict_0000_0232" 6852
"/Engine/EngineMaterials/Substrate/Glints2/dict_0000_0231" 6853
"/Engine/EngineMaterials/Substrate/Glints2/dict_0000_0230" 6854
"/Engine/EngineMaterials/Substrate/Glints2/dict_0000_0229" 6855
"/Engine/EngineMaterials/Substrate/Glints2/dict_0001_0004" 6856
"../../../Engine/Content/EngineMaterials/Substrate/Glints2/dict_0001_0005.uasset" 6857
"../../../Engine/Content/EngineMaterials/Substrate/Glints2/dict_0001_0007.uasset" 6858
"../../../Engine/Content/EngineMaterials/Substrate/Glints2/dict_0001_0006.uasset" 6859
"../../../Engine/Content/EngineMaterials/Substrate/Glints2/dict_0001_0009.uasset" 6860
"../../../Engine/Content/EngineMaterials/Substrate/Glints2/dict_0001_0008.uasset" 6861
"../../../Engine/Content/EngineMaterials/Substrate/Glints2/dict_0001_0011.uasset" 6862
"../../../Engine/Content/EngineMaterials/Substrate/Glints2/dict_0001_0012.uasset" 6863
"../../../Engine/Content/EngineMaterials/Substrate/Glints2/dict_0001_0013.uasset" 6864
"../../../Engine/Content/EngineMaterials/Substrate/Glints2/dict_0001_0010.uasset" 6865
"/Engine/EngineMaterials/Substrate/Glints2/dict_0001_0003" 6866
"/Engine/EngineMaterials/Substrate/Glints2/dict_0001_0002" 6867
"/Engine/EngineMaterials/Substrate/Glints2/dict_0001_0001" 6868
"/Engine/EngineMaterials/Substrate/Glints2/dict_0001_0000" 6869
"/Engine/EngineMaterials/Substrate/Glints2/dict_0000_0255" 6870
"/Engine/EngineMaterials/Substrate/Glints2/dict_0000_0254" 6871
"/Engine/EngineMaterials/Substrate/Glints2/dict_0000_0253" 6872
"/Engine/EngineMaterials/Substrate/Glints2/dict_0000_0252" 6873
"/Engine/EngineMaterials/Substrate/Glints2/dict_0000_0251" 6874
"/Engine/EngineMaterials/Substrate/Glints2/dict_0000_0250" 6875
"/Engine/EngineMaterials/Substrate/Glints2/dict_0000_0249" 6876
"/Engine/EngineMaterials/Substrate/Glints2/dict_0000_0248" 6877
"/Engine/EngineMaterials/Substrate/Glints2/dict_0000_0247" 6878
"/Engine/EngineMaterials/Substrate/Glints2/dict_0000_0246" 6879
"/Engine/EngineMaterials/Substrate/Glints2/dict_0000_0245" 6880
"/Engine/EngineMaterials/Substrate/Glints2/dict_0000_0244" 6881
"/Engine/EngineMaterials/Substrate/Glints2/dict_0000_0243" 6882
"/Engine/EngineMaterials/Substrate/Glints2/dict_0000_0242" 6883
"/Engine/EngineMaterials/Substrate/Glints2/dict_0000_0241" 6884
"/Engine/EngineMaterials/Substrate/Glints2/dict_0000_0240" 6885
"/Engine/EngineMaterials/Substrate/Glints2/dict_0000_0239" 6886
"/Engine/EngineMaterials/Substrate/Glints2/dict_0000_0238" 6887
"/Engine/EngineMaterials/Substrate/Glints2/dict_0001_0013" 6888
"../../../Engine/Content/EngineMaterials/Substrate/Glints2/dict_0001_0014.uasset" 6889
"../../../Engine/Content/EngineMaterials/Substrate/Glints2/dict_0001_0016.uasset" 6890
"../../../Engine/Content/EngineMaterials/Substrate/Glints2/dict_0001_0017.uasset" 6891
"/Engine/EngineMaterials/Substrate/Glints2/dict_0001_0012" 6892
"../../../Engine/Content/EngineMaterials/Substrate/Glints2/dict_0001_0015.uasset" 6893
"../../../Engine/Content/EngineMaterials/Substrate/Glints2/dict_0001_0020.uasset" 6894
"../../../Engine/Content/EngineMaterials/Substrate/Glints2/dict_0001_0021.uasset" 6895
"../../../Engine/Content/EngineMaterials/Substrate/Glints2/dict_0001_0018.uasset" 6896
"../../../Engine/Content/EngineMaterials/Substrate/Glints2/dict_0001_0023.uasset" 6897
"../../../Engine/Content/EngineMaterials/Substrate/Glints2/dict_0001_0022.uasset" 6898
"../../../Engine/Content/EngineMaterials/Substrate/Glints2/dict_0001_0025.uasset" 6899
"../../../Engine/Content/EngineMaterials/Substrate/Glints2/dict_0001_0027.uasset" 6900
"../../../Engine/Content/EngineMaterials/Substrate/Glints2/dict_0001_0026.uasset" 6901
"../../../Engine/Content/EngineMaterials/Substrate/Glints2/dict_0001_0029.uasset" 6902
"../../../Engine/Content/EngineMaterials/Substrate/Glints2/dict_0001_0019.uasset" 6903
"../../../Engine/Content/EngineMaterials/Substrate/Glints2/dict_0001_0024.uasset" 6904
"../../../Engine/Content/EngineMaterials/Substrate/Glints2/dict_0001_0028.uasset" 6905
"../../../Engine/Content/EngineMaterials/Substrate/Glints2/dict_0001_0030.uasset" 6906
"/Engine/EngineMaterials/Substrate/Glints2/dict_0001_0011" 6907
"../../../Engine/Content/EngineMaterials/Substrate/Glints2/dict_0001_0031.uasset" 6908
"../../../Engine/Content/EngineMaterials/Substrate/Glints2/dict_0001_0035.uasset" 6909
"../../../Engine/Content/EngineMaterials/Substrate/Glints2/dict_0001_0034.uasset" 6910
"../../../Engine/Content/EngineMaterials/Substrate/Glints2/dict_0001_0033.uasset" 6911
"../../../Engine/Content/EngineMaterials/Substrate/Glints2/dict_0001_0032.uasset" 6912
"../../../Engine/Content/EngineMaterials/Substrate/Glints2/dict_0001_0036.uasset" 6913
"/Engine/EngineMaterials/Substrate/Glints2/dict_0001_0010" 6914
"/Engine/EngineMaterials/Substrate/Glints2/dict_0001_0009" 6915
"/Engine/EngineMaterials/Substrate/Glints2/dict_0001_0008" 6916
"/Engine/EngineMaterials/Substrate/Glints2/dict_0001_0007" 6917
"/Engine/EngineMaterials/Substrate/Glints2/dict_0001_0006" 6918
"/Engine/EngineMaterials/Substrate/Glints2/dict_0001_0005" 6919
"/Engine/EngineMaterials/Substrate/Glints2/dict_0001_0036" 6920
"../../../Engine/Content/EngineMaterials/Substrate/Glints2/dict_0001_0037.uasset" 6921
"../../../Engine/Content/EngineMaterials/Substrate/Glints2/dict_0001_0039.uasset" 6922
"../../../Engine/Content/EngineMaterials/Substrate/Glints2/dict_0001_0038.uasset" 6923
"../../../Engine/Content/EngineMaterials/Substrate/Glints2/dict_0001_0044.uasset" 6924
"../../../Engine/Content/EngineMaterials/Substrate/Glints2/dict_0001_0040.uasset" 6925
"../../../Engine/Content/EngineMaterials/Substrate/Glints2/dict_0001_0042.uasset" 6926
"../../../Engine/Content/EngineMaterials/Substrate/Glints2/dict_0001_0041.uasset" 6927
"../../../Engine/Content/EngineMaterials/Substrate/Glints2/dict_0001_0043.uasset" 6928
"../../../Engine/Content/EngineMaterials/Substrate/Glints2/dict_0001_0045.uasset" 6929
"/Engine/EngineMaterials/Substrate/Glints2/dict_0001_0035" 6930
"/Engine/EngineMaterials/Substrate/Glints2/dict_0001_0034" 6931
"/Engine/EngineMaterials/Substrate/Glints2/dict_0001_0033" 6932
"/Engine/EngineMaterials/Substrate/Glints2/dict_0001_0032" 6933
"/Engine/EngineMaterials/Substrate/Glints2/dict_0001_0031" 6934
"/Engine/EngineMaterials/Substrate/Glints2/dict_0001_0030" 6935
"/Engine/EngineMaterials/Substrate/Glints2/dict_0001_0029" 6936
"/Engine/EngineMaterials/Substrate/Glints2/dict_0001_0028" 6937
"/Engine/EngineMaterials/Substrate/Glints2/dict_0001_0027" 6938
"/Engine/EngineMaterials/Substrate/Glints2/dict_0001_0026" 6939
"/Engine/EngineMaterials/Substrate/Glints2/dict_0001_0025" 6940
"/Engine/EngineMaterials/Substrate/Glints2/dict_0001_0024" 6941
"/Engine/EngineMaterials/Substrate/Glints2/dict_0001_0023" 6942
"/Engine/EngineMaterials/Substrate/Glints2/dict_0001_0022" 6943
"/Engine/EngineMaterials/Substrate/Glints2/dict_0001_0021" 6944
"/Engine/EngineMaterials/Substrate/Glints2/dict_0001_0020" 6945
"/Engine/EngineMaterials/Substrate/Glints2/dict_0001_0019" 6946
"/Engine/EngineMaterials/Substrate/Glints2/dict_0001_0018" 6947
"/Engine/EngineMaterials/Substrate/Glints2/dict_0001_0017" 6948
"/Engine/EngineMaterials/Substrate/Glints2/dict_0001_0016" 6949
"/Engine/EngineMaterials/Substrate/Glints2/dict_0001_0015" 6950
"/Engine/EngineMaterials/Substrate/Glints2/dict_0001_0014" 6951
"/Engine/EngineMaterials/Substrate/Glints2/dict_0001_0045" 6952
"../../../Engine/Content/EngineMaterials/Substrate/Glints2/dict_0001_0047.uasset" 6953
"../../../Engine/Content/EngineMaterials/Substrate/Glints2/dict_0001_0046.uasset" 6954
"../../../Engine/Content/EngineMaterials/Substrate/Glints2/dict_0001_0050.uasset" 6955
"../../../Engine/Content/EngineMaterials/Substrate/Glints2/dict_0001_0049.uasset" 6956
"../../../Engine/Content/EngineMaterials/Substrate/Glints2/dict_0001_0051.uasset" 6957
"../../../Engine/Content/EngineMaterials/Substrate/Glints2/dict_0001_0052.uasset" 6958
"../../../Engine/Content/EngineMaterials/Substrate/Glints2/dict_0001_0055.uasset" 6959
"../../../Engine/Content/EngineMaterials/Substrate/Glints2/dict_0001_0048.uasset" 6960
"/Engine/EngineMaterials/Substrate/Glints2/dict_0001_0044" 6961
"../../../Engine/Content/EngineMaterials/Substrate/Glints2/dict_0001_0053.uasset" 6962
"../../../Engine/Content/EngineMaterials/Substrate/Glints2/dict_0001_0056.uasset" 6963
"../../../Engine/Content/EngineMaterials/Substrate/Glints2/dict_0001_0057.uasset" 6964
"../../../Engine/Content/EngineMaterials/Substrate/Glints2/dict_0001_0054.uasset" 6965
"../../../Engine/Content/EngineMaterials/Substrate/Glints2/dict_0001_0058.uasset" 6966
"../../../Engine/Content/EngineMaterials/Substrate/Glints2/dict_0001_0059.uasset" 6967
"../../../Engine/Content/EngineMaterials/Substrate/Glints2/dict_0001_0061.uasset" 6968
"../../../Engine/Content/EngineMaterials/Substrate/Glints2/dict_0001_0064.uasset" 6969
"../../../Engine/Content/EngineMaterials/Substrate/Glints2/dict_0001_0062.uasset" 6970
"../../../Engine/Content/EngineMaterials/Substrate/Glints2/dict_0001_0066.uasset" 6971
"../../../Engine/Content/EngineMaterials/Substrate/Glints2/dict_0001_0067.uasset" 6972
"../../../Engine/Content/EngineMaterials/Substrate/Glints2/dict_0001_0065.uasset" 6973
"../../../Engine/Content/EngineMaterials/Substrate/Glints2/dict_0001_0063.uasset" 6974
"../../../Engine/Content/EngineMaterials/Substrate/Glints2/dict_0001_0068.uasset" 6975
"../../../Engine/Content/EngineMaterials/Substrate/Glints2/dict_0001_0060.uasset" 6976
"/Engine/EngineMaterials/Substrate/Glints2/dict_0001_0043" 6977
"/Engine/EngineMaterials/Substrate/Glints2/dict_0001_0042" 6978
"/Engine/EngineMaterials/Substrate/Glints2/dict_0001_0041" 6979
"/Engine/EngineMaterials/Substrate/Glints2/dict_0001_0040" 6980
"/Engine/EngineMaterials/Substrate/Glints2/dict_0001_0039" 6981
"/Engine/EngineMaterials/Substrate/Glints2/dict_0001_0038" 6982
"/Engine/EngineMaterials/Substrate/Glints2/dict_0001_0037" 6983
"/Engine/EngineMaterials/Substrate/Glints2/dict_0001_0068" 6984
"../../../Engine/Content/EngineMaterials/Substrate/Glints2/dict_0001_0069.uasset" 6985
"../../../Engine/Content/EngineMaterials/Substrate/Glints2/dict_0001_0071.uasset" 6986
"../../../Engine/Content/EngineMaterials/Substrate/Glints2/dict_0001_0070.uasset" 6987
"../../../Engine/Content/EngineMaterials/Substrate/Glints2/dict_0001_0072.uasset" 6988
"../../../Engine/Content/EngineMaterials/Substrate/Glints2/dict_0001_0073.uasset" 6989
"../../../Engine/Content/EngineMaterials/Substrate/Glints2/dict_0001_0076.uasset" 6990
"../../../Engine/Content/EngineMaterials/Substrate/Glints2/dict_0001_0075.uasset" 6991
"../../../Engine/Content/EngineMaterials/Substrate/Glints2/dict_0001_0074.uasset" 6992
"../../../Engine/Content/EngineMaterials/Substrate/Glints2/dict_0001_0077.uasset" 6993
"/Engine/EngineMaterials/Substrate/Glints2/dict_0001_0067" 6994
"/Engine/EngineMaterials/Substrate/Glints2/dict_0001_0066" 6995
"/Engine/EngineMaterials/Substrate/Glints2/dict_0001_0065" 6996
"/Engine/EngineMaterials/Substrate/Glints2/dict_0001_0064" 6997
"/Engine/EngineMaterials/Substrate/Glints2/dict_0001_0063" 6998
"/Engine/EngineMaterials/Substrate/Glints2/dict_0001_0062" 6999
"/Engine/EngineMaterials/Substrate/Glints2/dict_0001_0061" 7000
"/Engine/EngineMaterials/Substrate/Glints2/dict_0001_0060" 7001
"/Engine/EngineMaterials/Substrate/Glints2/dict_0001_0059" 7002
"/Engine/EngineMaterials/Substrate/Glints2/dict_0001_0058" 7003
"/Engine/EngineMaterials/Substrate/Glints2/dict_0001_0057" 7004
"/Engine/EngineMaterials/Substrate/Glints2/dict_0001_0056" 7005
"/Engine/EngineMaterials/Substrate/Glints2/dict_0001_0055" 7006
"/Engine/EngineMaterials/Substrate/Glints2/dict_0001_0054" 7007
"/Engine/EngineMaterials/Substrate/Glints2/dict_0001_0053" 7008
"/Engine/EngineMaterials/Substrate/Glints2/dict_0001_0052" 7009
"/Engine/EngineMaterials/Substrate/Glints2/dict_0001_0051" 7010
"/Engine/EngineMaterials/Substrate/Glints2/dict_0001_0050" 7011
"/Engine/EngineMaterials/Substrate/Glints2/dict_0001_0049" 7012
"/Engine/EngineMaterials/Substrate/Glints2/dict_0001_0048" 7013
"/Engine/EngineMaterials/Substrate/Glints2/dict_0001_0047" 7014
"/Engine/EngineMaterials/Substrate/Glints2/dict_0001_0046" 7015
"/Engine/EngineMaterials/Substrate/Glints2/dict_0001_0077" 7016
"../../../Engine/Content/EngineMaterials/Substrate/Glints2/dict_0001_0078.uasset" 7017
"../../../Engine/Content/EngineMaterials/Substrate/Glints2/dict_0001_0079.uasset" 7018
"../../../Engine/Content/EngineMaterials/Substrate/Glints2/dict_0001_0082.uasset" 7019
"../../../Engine/Content/EngineMaterials/Substrate/Glints2/dict_0001_0080.uasset" 7020
"../../../Engine/Content/EngineMaterials/Substrate/Glints2/dict_0001_0085.uasset" 7021
"../../../Engine/Content/EngineMaterials/Substrate/Glints2/dict_0001_0083.uasset" 7022
"/Engine/EngineMaterials/Substrate/Glints2/dict_0001_0076" 7023
"../../../Engine/Content/EngineMaterials/Substrate/Glints2/dict_0001_0089.uasset" 7024
"../../../Engine/Content/EngineMaterials/Substrate/Glints2/dict_0001_0084.uasset" 7025
"../../../Engine/Content/EngineMaterials/Substrate/Glints2/dict_0001_0088.uasset" 7026
"../../../Engine/Content/EngineMaterials/Substrate/Glints2/dict_0001_0081.uasset" 7027
"../../../Engine/Content/EngineMaterials/Substrate/Glints2/dict_0001_0087.uasset" 7028
"../../../Engine/Content/EngineMaterials/Substrate/Glints2/dict_0001_0091.uasset" 7029
"../../../Engine/Content/EngineMaterials/Substrate/Glints2/dict_0001_0090.uasset" 7030
"../../../Engine/Content/EngineMaterials/Substrate/Glints2/dict_0001_0086.uasset" 7031
"../../../Engine/Content/EngineMaterials/Substrate/Glints2/dict_0001_0092.uasset" 7032
"../../../Engine/Content/EngineMaterials/Substrate/Glints2/dict_0001_0093.uasset" 7033
"../../../Engine/Content/EngineMaterials/Substrate/Glints2/dict_0001_0094.uasset" 7034
"../../../Engine/Content/EngineMaterials/Substrate/Glints2/dict_0001_0095.uasset" 7035
"/Engine/EngineMaterials/Substrate/Glints2/dict_0001_0075" 7036
"../../../Engine/Content/EngineMaterials/Substrate/Glints2/dict_0001_0096.uasset" 7037
"../../../Engine/Content/EngineMaterials/Substrate/Glints2/dict_0001_0099.uasset" 7038
"../../../Engine/Content/EngineMaterials/Substrate/Glints2/dict_0001_0097.uasset" 7039
"../../../Engine/Content/EngineMaterials/Substrate/Glints2/dict_0001_0098.uasset" 7040
"../../../Engine/Content/EngineMaterials/Substrate/Glints2/dict_0001_0100.uasset" 7041
"/Engine/EngineMaterials/Substrate/Glints2/dict_0001_0074" 7042
"/Engine/EngineMaterials/Substrate/Glints2/dict_0001_0073" 7043
"/Engine/EngineMaterials/Substrate/Glints2/dict_0001_0072" 7044
"/Engine/EngineMaterials/Substrate/Glints2/dict_0001_0071" 7045
"/Engine/EngineMaterials/Substrate/Glints2/dict_0001_0070" 7046
"/Engine/EngineMaterials/Substrate/Glints2/dict_0001_0069" 7047
"../../../Engine/Content/EngineMaterials/Substrate/Glints2/dict_0001_0102.uasset" 7048
"/Engine/EngineMaterials/Substrate/Glints2/dict_0001_0100" 7049
"../../../Engine/Content/EngineMaterials/Substrate/Glints2/dict_0001_0101.uasset" 7050
"../../../Engine/Content/EngineMaterials/Substrate/Glints2/dict_0001_0103.uasset" 7051
"../../../Engine/Content/EngineMaterials/Substrate/Glints2/dict_0001_0104.uasset" 7052
"../../../Engine/Content/EngineMaterials/Substrate/Glints2/dict_0001_0106.uasset" 7053
"../../../Engine/Content/EngineMaterials/Substrate/Glints2/dict_0001_0107.uasset" 7054
"../../../Engine/Content/EngineMaterials/Substrate/Glints2/dict_0001_0105.uasset" 7055
"../../../Engine/Content/EngineMaterials/Substrate/Glints2/dict_0001_0108.uasset" 7056
"../../../Engine/Content/EngineMaterials/Substrate/Glints2/dict_0001_0109.uasset" 7057
"/Engine/EngineMaterials/Substrate/Glints2/dict_0001_0099" 7058
"/Engine/EngineMaterials/Substrate/Glints2/dict_0001_0098" 7059
"/Engine/EngineMaterials/Substrate/Glints2/dict_0001_0097" 7060
"/Engine/EngineMaterials/Substrate/Glints2/dict_0001_0096" 7061
"/Engine/EngineMaterials/Substrate/Glints2/dict_0001_0095" 7062
"/Engine/EngineMaterials/Substrate/Glints2/dict_0001_0094" 7063
"/Engine/EngineMaterials/Substrate/Glints2/dict_0001_0093" 7064
"/Engine/EngineMaterials/Substrate/Glints2/dict_0001_0092" 7065
"/Engine/EngineMaterials/Substrate/Glints2/dict_0001_0091" 7066
"/Engine/EngineMaterials/Substrate/Glints2/dict_0001_0090" 7067
"/Engine/EngineMaterials/Substrate/Glints2/dict_0001_0089" 7068
"/Engine/EngineMaterials/Substrate/Glints2/dict_0001_0088" 7069
"/Engine/EngineMaterials/Substrate/Glints2/dict_0001_0087" 7070
"/Engine/EngineMaterials/Substrate/Glints2/dict_0001_0086" 7071
"/Engine/EngineMaterials/Substrate/Glints2/dict_0001_0085" 7072
"/Engine/EngineMaterials/Substrate/Glints2/dict_0001_0084" 7073
"/Engine/EngineMaterials/Substrate/Glints2/dict_0001_0083" 7074
"/Engine/EngineMaterials/Substrate/Glints2/dict_0001_0082" 7075
"/Engine/EngineMaterials/Substrate/Glints2/dict_0001_0081" 7076
"/Engine/EngineMaterials/Substrate/Glints2/dict_0001_0080" 7077
"/Engine/EngineMaterials/Substrate/Glints2/dict_0001_0079" 7078
"/Engine/EngineMaterials/Substrate/Glints2/dict_0001_0078" 7079
"/Engine/EngineMaterials/Substrate/Glints2/dict_0001_0109" 7080
"../../../Engine/Content/EngineMaterials/Substrate/Glints2/dict_0001_0111.uasset" 7081
"../../../Engine/Content/EngineMaterials/Substrate/Glints2/dict_0001_0110.uasset" 7082
"../../../Engine/Content/EngineMaterials/Substrate/Glints2/dict_0001_0113.uasset" 7083
"../../../Engine/Content/EngineMaterials/Substrate/Glints2/dict_0001_0114.uasset" 7084
"../../../Engine/Content/EngineMaterials/Substrate/Glints2/dict_0001_0115.uasset" 7085
"../../../Engine/Content/EngineMaterials/Substrate/Glints2/dict_0001_0112.uasset" 7086
"../../../Engine/Content/EngineMaterials/Substrate/Glints2/dict_0001_0116.uasset" 7087
"../../../Engine/Content/EngineMaterials/Substrate/Glints2/dict_0001_0119.uasset" 7088
"../../../Engine/Content/EngineMaterials/Substrate/Glints2/dict_0001_0122.uasset" 7089
"../../../Engine/Content/EngineMaterials/Substrate/Glints2/dict_0001_0117.uasset" 7090
"/Engine/EngineMaterials/Substrate/Glints2/dict_0001_0108" 7091
"../../../Engine/Content/EngineMaterials/Substrate/Glints2/dict_0001_0121.uasset" 7092
"../../../Engine/Content/EngineMaterials/Substrate/Glints2/dict_0001_0118.uasset" 7093
"../../../Engine/Content/EngineMaterials/Substrate/Glints2/dict_0001_0120.uasset" 7094
"../../../Engine/Content/EngineMaterials/Substrate/Glints2/dict_0001_0124.uasset" 7095
"../../../Engine/Content/EngineMaterials/Substrate/Glints2/dict_0001_0123.uasset" 7096
"../../../Engine/Content/EngineMaterials/Substrate/Glints2/dict_0001_0125.uasset" 7097
"../../../Engine/Content/EngineMaterials/Substrate/Glints2/dict_0001_0126.uasset" 7098
"../../../Engine/Content/EngineMaterials/Substrate/Glints2/dict_0001_0127.uasset" 7099
"../../../Engine/Content/EngineMaterials/Substrate/Glints2/dict_0001_0129.uasset" 7100
"../../../Engine/Content/EngineMaterials/Substrate/Glints2/dict_0001_0128.uasset" 7101
"../../../Engine/Content/EngineMaterials/Substrate/Glints2/dict_0001_0132.uasset" 7102
"../../../Engine/Content/EngineMaterials/Substrate/Glints2/dict_0001_0131.uasset" 7103
"../../../Engine/Content/EngineMaterials/Substrate/Glints2/dict_0001_0130.uasset" 7104
"/Engine/EngineMaterials/Substrate/Glints2/dict_0001_0107" 7105
"/Engine/EngineMaterials/Substrate/Glints2/dict_0001_0106" 7106
"/Engine/EngineMaterials/Substrate/Glints2/dict_0001_0105" 7107
"/Engine/EngineMaterials/Substrate/Glints2/dict_0001_0104" 7108
"/Engine/EngineMaterials/Substrate/Glints2/dict_0001_0103" 7109
"/Engine/EngineMaterials/Substrate/Glints2/dict_0001_0102" 7110
"/Engine/EngineMaterials/Substrate/Glints2/dict_0001_0101" 7111
"/Engine/EngineMaterials/Substrate/Glints2/dict_0001_0132" 7112
"../../../Engine/Content/EngineMaterials/Substrate/Glints2/dict_0001_0133.uasset" 7113
"../../../Engine/Content/EngineMaterials/Substrate/Glints2/dict_0001_0135.uasset" 7114
"../../../Engine/Content/EngineMaterials/Substrate/Glints2/dict_0001_0134.uasset" 7115
"../../../Engine/Content/EngineMaterials/Substrate/Glints2/dict_0001_0136.uasset" 7116
"../../../Engine/Content/EngineMaterials/Substrate/Glints2/dict_0001_0139.uasset" 7117
"../../../Engine/Content/EngineMaterials/Substrate/Glints2/dict_0001_0138.uasset" 7118
"../../../Engine/Content/EngineMaterials/Substrate/Glints2/dict_0001_0141.uasset" 7119
"../../../Engine/Content/EngineMaterials/Substrate/Glints2/dict_0001_0137.uasset" 7120
"../../../Engine/Content/EngineMaterials/Substrate/Glints2/dict_0001_0140.uasset" 7121
"/Engine/EngineMaterials/Substrate/Glints2/dict_0001_0131" 7122
"/Engine/EngineMaterials/Substrate/Glints2/dict_0001_0130" 7123
"/Engine/EngineMaterials/Substrate/Glints2/dict_0001_0129" 7124
"/Engine/EngineMaterials/Substrate/Glints2/dict_0001_0128" 7125
"/Engine/EngineMaterials/Substrate/Glints2/dict_0001_0127" 7126
"/Engine/EngineMaterials/Substrate/Glints2/dict_0001_0126" 7127
"/Engine/EngineMaterials/Substrate/Glints2/dict_0001_0125" 7128
"/Engine/EngineMaterials/Substrate/Glints2/dict_0001_0124" 7129
"/Engine/EngineMaterials/Substrate/Glints2/dict_0001_0123" 7130
"/Engine/EngineMaterials/Substrate/Glints2/dict_0001_0122" 7131
"/Engine/EngineMaterials/Substrate/Glints2/dict_0001_0121" 7132
"/Engine/EngineMaterials/Substrate/Glints2/dict_0001_0120" 7133
"/Engine/EngineMaterials/Substrate/Glints2/dict_0001_0119" 7134
"/Engine/EngineMaterials/Substrate/Glints2/dict_0001_0118" 7135
"/Engine/EngineMaterials/Substrate/Glints2/dict_0001_0117" 7136
"/Engine/EngineMaterials/Substrate/Glints2/dict_0001_0116" 7137
"/Engine/EngineMaterials/Substrate/Glints2/dict_0001_0115" 7138
"/Engine/EngineMaterials/Substrate/Glints2/dict_0001_0114" 7139
"/Engine/EngineMaterials/Substrate/Glints2/dict_0001_0113" 7140
"/Engine/EngineMaterials/Substrate/Glints2/dict_0001_0112" 7141
"/Engine/EngineMaterials/Substrate/Glints2/dict_0001_0111" 7142
"/Engine/EngineMaterials/Substrate/Glints2/dict_0001_0110" 7143
"/Engine/EngineMaterials/Substrate/Glints2/dict_0001_0141" 7144
"../../../Engine/Content/EngineMaterials/Substrate/Glints2/dict_0001_0142.uasset" 7145
"../../../Engine/Content/EngineMaterials/Substrate/Glints2/dict_0001_0144.uasset" 7146
"../../../Engine/Content/EngineMaterials/Substrate/Glints2/dict_0001_0143.uasset" 7147
"../../../Engine/Content/EngineMaterials/Substrate/Glints2/dict_0001_0147.uasset" 7148
"/Engine/EngineMaterials/Substrate/Glints2/dict_0001_0140" 7149
"../../../Engine/Content/EngineMaterials/Substrate/Glints2/dict_0001_0149.uasset" 7150
"../../../Engine/Content/EngineMaterials/Substrate/Glints2/dict_0001_0153.uasset" 7151
"../../../Engine/Content/EngineMaterials/Substrate/Glints2/dict_0001_0148.uasset" 7152
"../../../Engine/Content/EngineMaterials/Substrate/Glints2/dict_0001_0145.uasset" 7153
"../../../Engine/Content/EngineMaterials/Substrate/Glints2/dict_0001_0150.uasset" 7154
"../../../Engine/Content/EngineMaterials/Substrate/Glints2/dict_0001_0155.uasset" 7155
"../../../Engine/Content/EngineMaterials/Substrate/Glints2/dict_0001_0154.uasset" 7156
"../../../Engine/Content/EngineMaterials/Substrate/Glints2/dict_0001_0156.uasset" 7157
"../../../Engine/Content/EngineMaterials/Substrate/Glints2/dict_0001_0146.uasset" 7158
"../../../Engine/Content/EngineMaterials/Substrate/Glints2/dict_0001_0151.uasset" 7159
"../../../Engine/Content/EngineMaterials/Substrate/Glints2/dict_0001_0159.uasset" 7160
"../../../Engine/Content/EngineMaterials/Substrate/Glints2/dict_0001_0158.uasset" 7161
"../../../Engine/Content/EngineMaterials/Substrate/Glints2/dict_0001_0152.uasset" 7162
"../../../Engine/Content/EngineMaterials/Substrate/Glints2/dict_0001_0157.uasset" 7163
"../../../Engine/Content/EngineMaterials/Substrate/Glints2/dict_0001_0160.uasset" 7164
"/Engine/EngineMaterials/Substrate/Glints2/dict_0001_0139" 7165
"../../../Engine/Content/EngineMaterials/Substrate/Glints2/dict_0001_0162.uasset" 7166
"../../../Engine/Content/EngineMaterials/Substrate/Glints2/dict_0001_0164.uasset" 7167
"../../../Engine/Content/EngineMaterials/Substrate/Glints2/dict_0001_0161.uasset" 7168
"../../../Engine/Content/EngineMaterials/Substrate/Glints2/dict_0001_0163.uasset" 7169
"/Engine/EngineMaterials/Substrate/Glints2/dict_0001_0138" 7170
"/Engine/EngineMaterials/Substrate/Glints2/dict_0001_0137" 7171
"/Engine/EngineMaterials/Substrate/Glints2/dict_0001_0136" 7172
"/Engine/EngineMaterials/Substrate/Glints2/dict_0001_0135" 7173
"/Engine/EngineMaterials/Substrate/Glints2/dict_0001_0134" 7174
"/Engine/EngineMaterials/Substrate/Glints2/dict_0001_0133" 7175
"/Engine/EngineMaterials/Substrate/Glints2/dict_0001_0164" 7176
"../../../Engine/Content/EngineMaterials/Substrate/Glints2/dict_0001_0165.uasset" 7177
"../../../Engine/Content/EngineMaterials/Substrate/Glints2/dict_0001_0167.uasset" 7178
"../../../Engine/Content/EngineMaterials/Substrate/Glints2/dict_0001_0166.uasset" 7179
"../../../Engine/Content/EngineMaterials/Substrate/Glints2/dict_0001_0170.uasset" 7180
"../../../Engine/Content/EngineMaterials/Substrate/Glints2/dict_0001_0171.uasset" 7181
"../../../Engine/Content/EngineMaterials/Substrate/Glints2/dict_0001_0173.uasset" 7182
"../../../Engine/Content/EngineMaterials/Substrate/Glints2/dict_0001_0169.uasset" 7183
"../../../Engine/Content/EngineMaterials/Substrate/Glints2/dict_0001_0172.uasset" 7184
"../../../Engine/Content/EngineMaterials/Substrate/Glints2/dict_0001_0168.uasset" 7185
"/Engine/EngineMaterials/Substrate/Glints2/dict_0001_0163" 7186
"/Engine/EngineMaterials/Substrate/Glints2/dict_0001_0162" 7187
"/Engine/EngineMaterials/Substrate/Glints2/dict_0001_0161" 7188
"/Engine/EngineMaterials/Substrate/Glints2/dict_0001_0160" 7189
"/Engine/EngineMaterials/Substrate/Glints2/dict_0001_0159" 7190
"/Engine/EngineMaterials/Substrate/Glints2/dict_0001_0158" 7191
"/Engine/EngineMaterials/Substrate/Glints2/dict_0001_0157" 7192
"/Engine/EngineMaterials/Substrate/Glints2/dict_0001_0156" 7193
"/Engine/EngineMaterials/Substrate/Glints2/dict_0001_0155" 7194
"/Engine/EngineMaterials/Substrate/Glints2/dict_0001_0154" 7195
"/Engine/EngineMaterials/Substrate/Glints2/dict_0001_0153" 7196
"/Engine/EngineMaterials/Substrate/Glints2/dict_0001_0152" 7197
"/Engine/EngineMaterials/Substrate/Glints2/dict_0001_0151" 7198
"/Engine/EngineMaterials/Substrate/Glints2/dict_0001_0150" 7199
"/Engine/EngineMaterials/Substrate/Glints2/dict_0001_0149" 7200
"/Engine/EngineMaterials/Substrate/Glints2/dict_0001_0148" 7201
"/Engine/EngineMaterials/Substrate/Glints2/dict_0001_0147" 7202
"/Engine/EngineMaterials/Substrate/Glints2/dict_0001_0146" 7203
"/Engine/EngineMaterials/Substrate/Glints2/dict_0001_0145" 7204
"/Engine/EngineMaterials/Substrate/Glints2/dict_0001_0144" 7205
"/Engine/EngineMaterials/Substrate/Glints2/dict_0001_0143" 7206
"/Engine/EngineMaterials/Substrate/Glints2/dict_0001_0142" 7207
"/Engine/EngineMaterials/Substrate/Glints2/dict_0001_0173" 7208
"../../../Engine/Content/EngineMaterials/Substrate/Glints2/dict_0001_0174.uasset" 7209
"../../../Engine/Content/EngineMaterials/Substrate/Glints2/dict_0001_0176.uasset" 7210
"../../../Engine/Content/EngineMaterials/Substrate/Glints2/dict_0001_0175.uasset" 7211
"../../../Engine/Content/EngineMaterials/Substrate/Glints2/dict_0001_0178.uasset" 7212
"../../../Engine/Content/EngineMaterials/Substrate/Glints2/dict_0001_0181.uasset" 7213
"../../../Engine/Content/EngineMaterials/Substrate/Glints2/dict_0001_0185.uasset" 7214
"../../../Engine/Content/EngineMaterials/Substrate/Glints2/dict_0001_0183.uasset" 7215
"../../../Engine/Content/EngineMaterials/Substrate/Glints2/dict_0001_0184.uasset" 7216
"../../../Engine/Content/EngineMaterials/Substrate/Glints2/dict_0001_0182.uasset" 7217
"../../../Engine/Content/EngineMaterials/Substrate/Glints2/dict_0001_0187.uasset" 7218
"/Engine/EngineMaterials/Substrate/Glints2/dict_0001_0172" 7219
"../../../Engine/Content/EngineMaterials/Substrate/Glints2/dict_0001_0179.uasset" 7220
"../../../Engine/Content/EngineMaterials/Substrate/Glints2/dict_0001_0189.uasset" 7221
"../../../Engine/Content/EngineMaterials/Substrate/Glints2/dict_0001_0177.uasset" 7222
"../../../Engine/Content/EngineMaterials/Substrate/Glints2/dict_0001_0180.uasset" 7223
"../../../Engine/Content/EngineMaterials/Substrate/Glints2/dict_0001_0190.uasset" 7224
"../../../Engine/Content/EngineMaterials/Substrate/Glints2/dict_0001_0191.uasset" 7225
"../../../Engine/Content/EngineMaterials/Substrate/Glints2/dict_0001_0192.uasset" 7226
"../../../Engine/Content/EngineMaterials/Substrate/Glints2/dict_0001_0188.uasset" 7227
"../../../Engine/Content/EngineMaterials/Substrate/Glints2/dict_0001_0186.uasset" 7228
"../../../Engine/Content/EngineMaterials/Substrate/Glints2/dict_0001_0193.uasset" 7229
"../../../Engine/Content/EngineMaterials/Substrate/Glints2/dict_0001_0194.uasset" 7230
"../../../Engine/Content/EngineMaterials/Substrate/Glints2/dict_0001_0195.uasset" 7231
"../../../Engine/Content/EngineMaterials/Substrate/Glints2/dict_0001_0196.uasset" 7232
"/Engine/EngineMaterials/Substrate/Glints2/dict_0001_0171" 7233
"/Engine/EngineMaterials/Substrate/Glints2/dict_0001_0170" 7234
"/Engine/EngineMaterials/Substrate/Glints2/dict_0001_0169" 7235
"/Engine/EngineMaterials/Substrate/Glints2/dict_0001_0168" 7236
"/Engine/EngineMaterials/Substrate/Glints2/dict_0001_0167" 7237
"/Engine/EngineMaterials/Substrate/Glints2/dict_0001_0166" 7238
"/Engine/EngineMaterials/Substrate/Glints2/dict_0001_0165" 7239
"/Engine/EngineMaterials/Substrate/Glints2/dict_0001_0196" 7240
"../../../Engine/Content/EngineMaterials/Substrate/Glints2/dict_0001_0197.uasset" 7241
"../../../Engine/Content/EngineMaterials/Substrate/Glints2/dict_0001_0198.uasset" 7242
"../../../Engine/Content/EngineMaterials/Substrate/Glints2/dict_0001_0199.uasset" 7243
"../../../Engine/Content/EngineMaterials/Substrate/Glints2/dict_0001_0202.uasset" 7244
"../../../Engine/Content/EngineMaterials/Substrate/Glints2/dict_0001_0205.uasset" 7245
"../../../Engine/Content/EngineMaterials/Substrate/Glints2/dict_0001_0204.uasset" 7246
"../../../Engine/Content/EngineMaterials/Substrate/Glints2/dict_0001_0200.uasset" 7247
"../../../Engine/Content/EngineMaterials/Substrate/Glints2/dict_0001_0201.uasset" 7248
"../../../Engine/Content/EngineMaterials/Substrate/Glints2/dict_0001_0203.uasset" 7249
"/Engine/EngineMaterials/Substrate/Glints2/dict_0001_0195" 7250
"/Engine/EngineMaterials/Substrate/Glints2/dict_0001_0194" 7251
"/Engine/EngineMaterials/Substrate/Glints2/dict_0001_0193" 7252
"/Engine/EngineMaterials/Substrate/Glints2/dict_0001_0192" 7253
"/Engine/EngineMaterials/Substrate/Glints2/dict_0001_0191" 7254
"/Engine/EngineMaterials/Substrate/Glints2/dict_0001_0190" 7255
"/Engine/EngineMaterials/Substrate/Glints2/dict_0001_0189" 7256
"/Engine/EngineMaterials/Substrate/Glints2/dict_0001_0188" 7257
"/Engine/EngineMaterials/Substrate/Glints2/dict_0001_0187" 7258
"/Engine/EngineMaterials/Substrate/Glints2/dict_0001_0186" 7259
"/Engine/EngineMaterials/Substrate/Glints2/dict_0001_0185" 7260
"/Engine/EngineMaterials/Substrate/Glints2/dict_0001_0184" 7261
"/Engine/EngineMaterials/Substrate/Glints2/dict_0001_0183" 7262
"/Engine/EngineMaterials/Substrate/Glints2/dict_0001_0182" 7263
"/Engine/EngineMaterials/Substrate/Glints2/dict_0001_0181" 7264
"/Engine/EngineMaterials/Substrate/Glints2/dict_0001_0180" 7265
"/Engine/EngineMaterials/Substrate/Glints2/dict_0001_0179" 7266
"/Engine/EngineMaterials/Substrate/Glints2/dict_0001_0178" 7267
"/Engine/EngineMaterials/Substrate/Glints2/dict_0001_0177" 7268
"/Engine/EngineMaterials/Substrate/Glints2/dict_0001_0176" 7269
"/Engine/EngineMaterials/Substrate/Glints2/dict_0001_0175" 7270
"/Engine/EngineMaterials/Substrate/Glints2/dict_0001_0174" 7271
"/Engine/EngineMaterials/Substrate/Glints2/dict_0001_0205" 7272
"../../../Engine/Content/EngineMaterials/Substrate/Glints2/dict_0001_0207.uasset" 7273
"../../../Engine/Content/EngineMaterials/Substrate/Glints2/dict_0001_0206.uasset" 7274
"../../../Engine/Content/EngineMaterials/Substrate/Glints2/dict_0001_0208.uasset" 7275
"/Engine/EngineMaterials/Substrate/Glints2/dict_0001_0204" 7276
"../../../Engine/Content/EngineMaterials/Substrate/Glints2/dict_0001_0212.uasset" 7277
"../../../Engine/Content/EngineMaterials/Substrate/Glints2/dict_0001_0214.uasset" 7278
"../../../Engine/Content/EngineMaterials/Substrate/Glints2/dict_0001_0219.uasset" 7279
"../../../Engine/Content/EngineMaterials/Substrate/Glints2/dict_0001_0220.uasset" 7280
"../../../Engine/Content/EngineMaterials/Substrate/Glints2/dict_0001_0209.uasset" 7281
"../../../Engine/Content/EngineMaterials/Substrate/Glints2/dict_0001_0218.uasset" 7282
"../../../Engine/Content/EngineMaterials/Substrate/Glints2/dict_0001_0217.uasset" 7283
"../../../Engine/Content/EngineMaterials/Substrate/Glints2/dict_0001_0221.uasset" 7284
"../../../Engine/Content/EngineMaterials/Substrate/Glints2/dict_0001_0213.uasset" 7285
"../../../Engine/Content/EngineMaterials/Substrate/Glints2/dict_0001_0211.uasset" 7286
"../../../Engine/Content/EngineMaterials/Substrate/Glints2/dict_0001_0210.uasset" 7287
"../../../Engine/Content/EngineMaterials/Substrate/Glints2/dict_0001_0222.uasset" 7288
"../../../Engine/Content/EngineMaterials/Substrate/Glints2/dict_0001_0215.uasset" 7289
"../../../Engine/Content/EngineMaterials/Substrate/Glints2/dict_0001_0216.uasset" 7290
"../../../Engine/Content/EngineMaterials/Substrate/Glints2/dict_0001_0224.uasset" 7291
"../../../Engine/Content/EngineMaterials/Substrate/Glints2/dict_0001_0223.uasset" 7292
"/Engine/EngineMaterials/Substrate/Glints2/dict_0001_0203" 7293
"../../../Engine/Content/EngineMaterials/Substrate/Glints2/dict_0001_0226.uasset" 7294
"../../../Engine/Content/EngineMaterials/Substrate/Glints2/dict_0001_0227.uasset" 7295
"../../../Engine/Content/EngineMaterials/Substrate/Glints2/dict_0001_0228.uasset" 7296
"../../../Engine/Content/EngineMaterials/Substrate/Glints2/dict_0001_0225.uasset" 7297
"/Engine/EngineMaterials/Substrate/Glints2/dict_0001_0202" 7298
"/Engine/EngineMaterials/Substrate/Glints2/dict_0001_0201" 7299
"/Engine/EngineMaterials/Substrate/Glints2/dict_0001_0200" 7300
"/Engine/EngineMaterials/Substrate/Glints2/dict_0001_0199" 7301
"/Engine/EngineMaterials/Substrate/Glints2/dict_0001_0198" 7302
"/Engine/EngineMaterials/Substrate/Glints2/dict_0001_0197" 7303
"/Engine/EngineMaterials/Substrate/Glints2/dict_0001_0228" 7304
"../../../Engine/Content/EngineMaterials/Substrate/Glints2/dict_0001_0229.uasset" 7305
"../../../Engine/Content/EngineMaterials/Substrate/Glints2/dict_0001_0230.uasset" 7306
"../../../Engine/Content/EngineMaterials/Substrate/Glints2/dict_0001_0231.uasset" 7307
"../../../Engine/Content/EngineMaterials/Substrate/Glints2/dict_0001_0234.uasset" 7308
"../../../Engine/Content/EngineMaterials/Substrate/Glints2/dict_0001_0237.uasset" 7309
"../../../Engine/Content/EngineMaterials/Substrate/Glints2/dict_0001_0233.uasset" 7310
"../../../Engine/Content/EngineMaterials/Substrate/Glints2/dict_0001_0236.uasset" 7311
"../../../Engine/Content/EngineMaterials/Substrate/Glints2/dict_0001_0235.uasset" 7312
"../../../Engine/Content/EngineMaterials/Substrate/Glints2/dict_0001_0232.uasset" 7313
"/Engine/EngineMaterials/Substrate/Glints2/dict_0001_0227" 7314
"/Engine/EngineMaterials/Substrate/Glints2/dict_0001_0226" 7315
"/Engine/EngineMaterials/Substrate/Glints2/dict_0001_0225" 7316
"/Engine/EngineMaterials/Substrate/Glints2/dict_0001_0224" 7317
"/Engine/EngineMaterials/Substrate/Glints2/dict_0001_0223" 7318
"/Engine/EngineMaterials/Substrate/Glints2/dict_0001_0222" 7319
"/Engine/EngineMaterials/Substrate/Glints2/dict_0001_0221" 7320
"/Engine/EngineMaterials/Substrate/Glints2/dict_0001_0220" 7321
"/Engine/EngineMaterials/Substrate/Glints2/dict_0001_0219" 7322
"/Engine/EngineMaterials/Substrate/Glints2/dict_0001_0218" 7323
"/Engine/EngineMaterials/Substrate/Glints2/dict_0001_0217" 7324
"/Engine/EngineMaterials/Substrate/Glints2/dict_0001_0216" 7325
"/Engine/EngineMaterials/Substrate/Glints2/dict_0001_0215" 7326
"/Engine/EngineMaterials/Substrate/Glints2/dict_0001_0214" 7327
"/Engine/EngineMaterials/Substrate/Glints2/dict_0001_0213" 7328
"/Engine/EngineMaterials/Substrate/Glints2/dict_0001_0212" 7329
"/Engine/EngineMaterials/Substrate/Glints2/dict_0001_0211" 7330
"/Engine/EngineMaterials/Substrate/Glints2/dict_0001_0210" 7331
"/Engine/EngineMaterials/Substrate/Glints2/dict_0001_0209" 7332
"/Engine/EngineMaterials/Substrate/Glints2/dict_0001_0208" 7333
"/Engine/EngineMaterials/Substrate/Glints2/dict_0001_0207" 7334
"/Engine/EngineMaterials/Substrate/Glints2/dict_0001_0206" 7335
"/Engine/EngineMaterials/Substrate/Glints2/dict_0001_0237" 7336
"../../../Engine/Content/EngineMaterials/Substrate/Glints2/dict_0001_0238.uasset" 7337
"../../../Engine/Content/EngineMaterials/Substrate/Glints2/dict_0001_0239.uasset" 7338
"../../../Engine/Content/EngineMaterials/Substrate/Glints2/dict_0001_0241.uasset" 7339
"../../../Engine/Content/EngineMaterials/Substrate/Glints2/dict_0001_0244.uasset" 7340
"../../../Engine/Content/EngineMaterials/Substrate/Glints2/dict_0001_0243.uasset" 7341
"../../../Engine/Content/EngineMaterials/Substrate/Glints2/dict_0001_0246.uasset" 7342
"../../../Engine/Content/EngineMaterials/Substrate/Glints2/dict_0001_0247.uasset" 7343
"../../../Engine/Content/EngineMaterials/Substrate/Glints2/dict_0001_0242.uasset" 7344
"../../../Engine/Content/EngineMaterials/Substrate/Glints2/dict_0001_0251.uasset" 7345
"/Engine/EngineMaterials/Substrate/Glints2/dict_0001_0236" 7346
"../../../Engine/Content/EngineMaterials/Substrate/Glints2/dict_0001_0250.uasset" 7347
"../../../Engine/Content/EngineMaterials/Substrate/Glints2/dict_0001_0245.uasset" 7348
"../../../Engine/Content/EngineMaterials/Substrate/Glints2/dict_0001_0249.uasset" 7349
"../../../Engine/Content/EngineMaterials/Substrate/Glints2/dict_0001_0248.uasset" 7350
"../../../Engine/Content/EngineMaterials/Substrate/Glints2/dict_0001_0240.uasset" 7351
"../../../Engine/Content/EngineMaterials/Substrate/Glints2/dict_0001_0254.uasset" 7352
"../../../Engine/Content/EngineMaterials/Substrate/Glints2/dict_0002_0000.uasset" 7353
"../../../Engine/Content/EngineMaterials/Substrate/Glints2/dict_0002_0001.uasset" 7354
"../../../Engine/Content/EngineMaterials/Substrate/Glints2/dict_0001_0252.uasset" 7355
"../../../Engine/Content/EngineMaterials/Substrate/Glints2/dict_0001_0253.uasset" 7356
"../../../Engine/Content/EngineMaterials/Substrate/Glints2/dict_0001_0255.uasset" 7357
"/Engine/EngineMaterials/Substrate/Glints2/dict_0001_0235" 7358
"../../../Engine/Content/EngineMaterials/Substrate/Glints2/dict_0002_0003.uasset" 7359
"../../../Engine/Content/EngineMaterials/Substrate/Glints2/dict_0002_0004.uasset" 7360
"../../../Engine/Content/EngineMaterials/Substrate/Glints2/dict_0002_0002.uasset" 7361
"/Engine/EngineMaterials/Substrate/Glints2/dict_0001_0234" 7362
"/Engine/EngineMaterials/Substrate/Glints2/dict_0001_0233" 7363
"/Engine/EngineMaterials/Substrate/Glints2/dict_0001_0232" 7364
"/Engine/EngineMaterials/Substrate/Glints2/dict_0001_0231" 7365
"/Engine/EngineMaterials/Substrate/Glints2/dict_0001_0230" 7366
"/Engine/EngineMaterials/Substrate/Glints2/dict_0001_0229" 7367
"/Engine/EngineMaterials/Substrate/Glints2/dict_0002_0004" 7368
"../../../Engine/Content/EngineMaterials/Substrate/Glints2/dict_0002_0007.uasset" 7369
"../../../Engine/Content/EngineMaterials/Substrate/Glints2/dict_0002_0005.uasset" 7370
"../../../Engine/Content/EngineMaterials/Substrate/Glints2/dict_0002_0006.uasset" 7371
"../../../Engine/Content/EngineMaterials/Substrate/Glints2/dict_0002_0008.uasset" 7372
"../../../Engine/Content/EngineMaterials/Substrate/Glints2/dict_0002_0010.uasset" 7373
"../../../Engine/Content/EngineMaterials/Substrate/Glints2/dict_0002_0009.uasset" 7374
"../../../Engine/Content/EngineMaterials/Substrate/Glints2/dict_0002_0012.uasset" 7375
"../../../Engine/Content/EngineMaterials/Substrate/Glints2/dict_0002_0011.uasset" 7376
"../../../Engine/Content/EngineMaterials/Substrate/Glints2/dict_0002_0013.uasset" 7377
"/Engine/EngineMaterials/Substrate/Glints2/dict_0002_0003" 7378
"/Engine/EngineMaterials/Substrate/Glints2/dict_0002_0002" 7379
"/Engine/EngineMaterials/Substrate/Glints2/dict_0002_0001" 7380
"/Engine/EngineMaterials/Substrate/Glints2/dict_0002_0000" 7381
"/Engine/EngineMaterials/Substrate/Glints2/dict_0001_0255" 7382
"/Engine/EngineMaterials/Substrate/Glints2/dict_0001_0254" 7383
"/Engine/EngineMaterials/Substrate/Glints2/dict_0001_0253" 7384
"/Engine/EngineMaterials/Substrate/Glints2/dict_0001_0252" 7385
"/Engine/EngineMaterials/Substrate/Glints2/dict_0001_0251" 7386
"/Engine/EngineMaterials/Substrate/Glints2/dict_0001_0250" 7387
"/Engine/EngineMaterials/Substrate/Glints2/dict_0001_0249" 7388
"/Engine/EngineMaterials/Substrate/Glints2/dict_0001_0248" 7389
"/Engine/EngineMaterials/Substrate/Glints2/dict_0001_0247" 7390
"/Engine/EngineMaterials/Substrate/Glints2/dict_0001_0246" 7391
"/Engine/EngineMaterials/Substrate/Glints2/dict_0001_0245" 7392
"/Engine/EngineMaterials/Substrate/Glints2/dict_0001_0244" 7393
"/Engine/EngineMaterials/Substrate/Glints2/dict_0001_0243" 7394
"/Engine/EngineMaterials/Substrate/Glints2/dict_0001_0242" 7395
"/Engine/EngineMaterials/Substrate/Glints2/dict_0001_0241" 7396
"/Engine/EngineMaterials/Substrate/Glints2/dict_0001_0240" 7397
"/Engine/EngineMaterials/Substrate/Glints2/dict_0001_0239" 7398
"/Engine/EngineMaterials/Substrate/Glints2/dict_0001_0238" 7399
"/Engine/EngineMaterials/Substrate/Glints2/dict_0002_0013" 7400
"../../../Engine/Content/EngineMaterials/Substrate/Glints2/dict_0002_0014.uasset" 7401
"../../../Engine/Content/EngineMaterials/Substrate/Glints2/dict_0002_0016.uasset" 7402
"../../../Engine/Content/EngineMaterials/Substrate/Glints2/dict_0002_0017.uasset" 7403
"/Engine/EngineMaterials/Substrate/Glints2/dict_0002_0012" 7404
"../../../Engine/Content/EngineMaterials/Substrate/Glints2/dict_0002_0027.uasset" 7405
"../../../Engine/Content/EngineMaterials/Substrate/Glints2/dict_0002_0022.uasset" 7406
"../../../Engine/Content/EngineMaterials/Substrate/Glints2/dict_0002_0025.uasset" 7407
"../../../Engine/Content/EngineMaterials/Substrate/Glints2/dict_0002_0015.uasset" 7408
"../../../Engine/Content/EngineMaterials/Substrate/Glints2/dict_0002_0020.uasset" 7409
"../../../Engine/Content/EngineMaterials/Substrate/Glints2/dict_0002_0026.uasset" 7410
"../../../Engine/Content/EngineMaterials/Substrate/Glints2/dict_0002_0019.uasset" 7411
"../../../Engine/Content/EngineMaterials/Substrate/Glints2/dict_0002_0018.uasset" 7412
"../../../Engine/Content/EngineMaterials/Substrate/Glints2/dict_0002_0024.uasset" 7413
"../../../Engine/Content/EngineMaterials/Substrate/Glints2/dict_0002_0029.uasset" 7414
"../../../Engine/Content/EngineMaterials/Substrate/Glints2/dict_0002_0023.uasset" 7415
"../../../Engine/Content/EngineMaterials/Substrate/Glints2/dict_0002_0028.uasset" 7416
"../../../Engine/Content/EngineMaterials/Substrate/Glints2/dict_0002_0021.uasset" 7417
"../../../Engine/Content/EngineMaterials/Substrate/Glints2/dict_0002_0030.uasset" 7418
"../../../Engine/Content/EngineMaterials/Substrate/Glints2/dict_0002_0032.uasset" 7419
"../../../Engine/Content/EngineMaterials/Substrate/Glints2/dict_0002_0031.uasset" 7420
"/Engine/EngineMaterials/Substrate/Glints2/dict_0002_0011" 7421
"../../../Engine/Content/EngineMaterials/Substrate/Glints2/dict_0002_0034.uasset" 7422
"../../../Engine/Content/EngineMaterials/Substrate/Glints2/dict_0002_0033.uasset" 7423
"../../../Engine/Content/EngineMaterials/Substrate/Glints2/dict_0002_0036.uasset" 7424
"../../../Engine/Content/EngineMaterials/Substrate/Glints2/dict_0002_0035.uasset" 7425
"/Engine/EngineMaterials/Substrate/Glints2/dict_0002_0010" 7426
"/Engine/EngineMaterials/Substrate/Glints2/dict_0002_0009" 7427
"/Engine/EngineMaterials/Substrate/Glints2/dict_0002_0008" 7428
"/Engine/EngineMaterials/Substrate/Glints2/dict_0002_0007" 7429
"/Engine/EngineMaterials/Substrate/Glints2/dict_0002_0006" 7430
"/Engine/EngineMaterials/Substrate/Glints2/dict_0002_0005" 7431
"/Engine/EngineMaterials/Substrate/Glints2/dict_0002_0036" 7432
"../../../Engine/Content/EngineMaterials/Substrate/Glints2/dict_0002_0037.uasset" 7433
"../../../Engine/Content/EngineMaterials/Substrate/Glints2/dict_0002_0039.uasset" 7434
"../../../Engine/Content/EngineMaterials/Substrate/Glints2/dict_0002_0038.uasset" 7435
"../../../Engine/Content/EngineMaterials/Substrate/Glints2/dict_0002_0041.uasset" 7436
"../../../Engine/Content/EngineMaterials/Substrate/Glints2/dict_0002_0043.uasset" 7437
"../../../Engine/Content/EngineMaterials/Substrate/Glints2/dict_0002_0042.uasset" 7438
"../../../Engine/Content/EngineMaterials/Substrate/Glints2/dict_0002_0044.uasset" 7439
"../../../Engine/Content/EngineMaterials/Substrate/Glints2/dict_0002_0040.uasset" 7440
"../../../Engine/Content/EngineMaterials/Substrate/Glints2/dict_0002_0045.uasset" 7441
"/Engine/EngineMaterials/Substrate/Glints2/dict_0002_0035" 7442
"/Engine/EngineMaterials/Substrate/Glints2/dict_0002_0034" 7443
"/Engine/EngineMaterials/Substrate/Glints2/dict_0002_0033" 7444
"/Engine/EngineMaterials/Substrate/Glints2/dict_0002_0032" 7445
"/Engine/EngineMaterials/Substrate/Glints2/dict_0002_0031" 7446
"/Engine/EngineMaterials/Substrate/Glints2/dict_0002_0030" 7447
"/Engine/EngineMaterials/Substrate/Glints2/dict_0002_0029" 7448
"/Engine/EngineMaterials/Substrate/Glints2/dict_0002_0028" 7449
"/Engine/EngineMaterials/Substrate/Glints2/dict_0002_0027" 7450
"/Engine/EngineMaterials/Substrate/Glints2/dict_0002_0026" 7451
"/Engine/EngineMaterials/Substrate/Glints2/dict_0002_0025" 7452
"/Engine/EngineMaterials/Substrate/Glints2/dict_0002_0024" 7453
"/Engine/EngineMaterials/Substrate/Glints2/dict_0002_0023" 7454
"/Engine/EngineMaterials/Substrate/Glints2/dict_0002_0022" 7455
"/Engine/EngineMaterials/Substrate/Glints2/dict_0002_0021" 7456
"/Engine/EngineMaterials/Substrate/Glints2/dict_0002_0020" 7457
"/Engine/EngineMaterials/Substrate/Glints2/dict_0002_0019" 7458
"/Engine/EngineMaterials/Substrate/Glints2/dict_0002_0018" 7459
"/Engine/EngineMaterials/Substrate/Glints2/dict_0002_0017" 7460
"/Engine/EngineMaterials/Substrate/Glints2/dict_0002_0016" 7461
"/Engine/EngineMaterials/Substrate/Glints2/dict_0002_0015" 7462
"/Engine/EngineMaterials/Substrate/Glints2/dict_0002_0014" 7463
"/Engine/EngineMaterials/Substrate/Glints2/dict_0002_0045" 7464
"../../../Engine/Content/EngineMaterials/Substrate/Glints2/dict_0002_0046.uasset" 7465
"/Engine/EngineMaterials/Substrate/Glints2/dict_0002_0044" 7466
"../../../Engine/Content/EngineMaterials/Substrate/Glints2/dict_0002_0047.uasset" 7467
"../../../Engine/Content/EngineMaterials/Substrate/Glints2/dict_0002_0049.uasset" 7468
"../../../Engine/Content/EngineMaterials/Substrate/Glints2/dict_0002_0048.uasset" 7469
"../../../Engine/Content/EngineMaterials/Substrate/Glints2/dict_0002_0051.uasset" 7470
"../../../Engine/Content/EngineMaterials/Substrate/Glints2/dict_0002_0053.uasset" 7471
"../../../Engine/Content/EngineMaterials/Substrate/Glints2/dict_0002_0058.uasset" 7472
"../../../Engine/Content/EngineMaterials/Substrate/Glints2/dict_0002_0056.uasset" 7473
"../../../Engine/Content/EngineMaterials/Substrate/Glints2/dict_0002_0057.uasset" 7474
"../../../Engine/Content/EngineMaterials/Substrate/Glints2/dict_0002_0054.uasset" 7475
"../../../Engine/Content/EngineMaterials/Substrate/Glints2/dict_0002_0059.uasset" 7476
"../../../Engine/Content/EngineMaterials/Substrate/Glints2/dict_0002_0060.uasset" 7477
"/Engine/EngineMaterials/Substrate/Glints2/dict_0002_0043" 7478
"../../../Engine/Content/EngineMaterials/Substrate/Glints2/dict_0002_0055.uasset" 7479
"../../../Engine/Content/EngineMaterials/Substrate/Glints2/dict_0002_0050.uasset" 7480
"../../../Engine/Content/EngineMaterials/Substrate/Glints2/dict_0002_0052.uasset" 7481
"../../../Engine/Content/EngineMaterials/Substrate/Glints2/dict_0002_0062.uasset" 7482
"../../../Engine/Content/EngineMaterials/Substrate/Glints2/dict_0002_0063.uasset" 7483
"../../../Engine/Content/EngineMaterials/Substrate/Glints2/dict_0002_0061.uasset" 7484
"../../../Engine/Content/EngineMaterials/Substrate/Glints2/dict_0002_0066.uasset" 7485
"../../../Engine/Content/EngineMaterials/Substrate/Glints2/dict_0002_0065.uasset" 7486
"../../../Engine/Content/EngineMaterials/Substrate/Glints2/dict_0002_0067.uasset" 7487
"../../../Engine/Content/EngineMaterials/Substrate/Glints2/dict_0002_0068.uasset" 7488
"../../../Engine/Content/EngineMaterials/Substrate/Glints2/dict_0002_0064.uasset" 7489
"/Engine/EngineMaterials/Substrate/Glints2/dict_0002_0042" 7490
"/Engine/EngineMaterials/Substrate/Glints2/dict_0002_0041" 7491
"/Engine/EngineMaterials/Substrate/Glints2/dict_0002_0040" 7492
"/Engine/EngineMaterials/Substrate/Glints2/dict_0002_0039" 7493
"/Engine/EngineMaterials/Substrate/Glints2/dict_0002_0038" 7494
"/Engine/EngineMaterials/Substrate/Glints2/dict_0002_0037" 7495
"/Engine/EngineMaterials/Substrate/Glints2/dict_0002_0068" 7496
"../../../Engine/Content/EngineMaterials/Substrate/Glints2/dict_0002_0071.uasset" 7497
"../../../Engine/Content/EngineMaterials/Substrate/Glints2/dict_0002_0069.uasset" 7498
"../../../Engine/Content/EngineMaterials/Substrate/Glints2/dict_0002_0070.uasset" 7499
"../../../Engine/Content/EngineMaterials/Substrate/Glints2/dict_0002_0072.uasset" 7500
"../../../Engine/Content/EngineMaterials/Substrate/Glints2/dict_0002_0074.uasset" 7501
"../../../Engine/Content/EngineMaterials/Substrate/Glints2/dict_0002_0077.uasset" 7502
"../../../Engine/Content/EngineMaterials/Substrate/Glints2/dict_0002_0075.uasset" 7503
"../../../Engine/Content/EngineMaterials/Substrate/Glints2/dict_0002_0076.uasset" 7504
"../../../Engine/Content/EngineMaterials/Substrate/Glints2/dict_0002_0073.uasset" 7505
"/Engine/EngineMaterials/Substrate/Glints2/dict_0002_0067" 7506
"/Engine/EngineMaterials/Substrate/Glints2/dict_0002_0066" 7507
"/Engine/EngineMaterials/Substrate/Glints2/dict_0002_0065" 7508
"/Engine/EngineMaterials/Substrate/Glints2/dict_0002_0064" 7509
"/Engine/EngineMaterials/Substrate/Glints2/dict_0002_0063" 7510
"/Engine/EngineMaterials/Substrate/Glints2/dict_0002_0062" 7511
"/Engine/EngineMaterials/Substrate/Glints2/dict_0002_0061" 7512
"/Engine/EngineMaterials/Substrate/Glints2/dict_0002_0060" 7513
"/Engine/EngineMaterials/Substrate/Glints2/dict_0002_0059" 7514
"/Engine/EngineMaterials/Substrate/Glints2/dict_0002_0058" 7515
"/Engine/EngineMaterials/Substrate/Glints2/dict_0002_0057" 7516
"/Engine/EngineMaterials/Substrate/Glints2/dict_0002_0056" 7517
"/Engine/EngineMaterials/Substrate/Glints2/dict_0002_0055" 7518
"/Engine/EngineMaterials/Substrate/Glints2/dict_0002_0054" 7519
"/Engine/EngineMaterials/Substrate/Glints2/dict_0002_0053" 7520
"/Engine/EngineMaterials/Substrate/Glints2/dict_0002_0052" 7521
"/Engine/EngineMaterials/Substrate/Glints2/dict_0002_0051" 7522
"/Engine/EngineMaterials/Substrate/Glints2/dict_0002_0050" 7523
"/Engine/EngineMaterials/Substrate/Glints2/dict_0002_0049" 7524
"/Engine/EngineMaterials/Substrate/Glints2/dict_0002_0048" 7525
"/Engine/EngineMaterials/Substrate/Glints2/dict_0002_0047" 7526
"/Engine/EngineMaterials/Substrate/Glints2/dict_0002_0046" 7527
"/Engine/EngineMaterials/Substrate/Glints2/dict_0002_0077" 7528
"../../../Engine/Content/EngineMaterials/Substrate/Glints2/dict_0002_0078.uasset" 7529
"../../../Engine/Content/EngineMaterials/Substrate/Glints2/dict_0002_0079.uasset" 7530
"../../../Engine/Content/EngineMaterials/Substrate/Glints2/dict_0002_0081.uasset" 7531
"../../../Engine/Content/EngineMaterials/Substrate/Glints2/dict_0002_0080.uasset" 7532
"../../../Engine/Content/EngineMaterials/Substrate/Glints2/dict_0002_0082.uasset" 7533
"/Engine/EngineMaterials/Substrate/Glints2/dict_0002_0076" 7534
"../../../Engine/Content/EngineMaterials/Substrate/Glints2/dict_0002_0084.uasset" 7535
"../../../Engine/Content/EngineMaterials/Substrate/Glints2/dict_0002_0083.uasset" 7536
"../../../Engine/Content/EngineMaterials/Substrate/Glints2/dict_0002_0089.uasset" 7537
"../../../Engine/Content/EngineMaterials/Substrate/Glints2/dict_0002_0086.uasset" 7538
"../../../Engine/Content/EngineMaterials/Substrate/Glints2/dict_0002_0088.uasset" 7539
"../../../Engine/Content/EngineMaterials/Substrate/Glints2/dict_0002_0087.uasset" 7540
"../../../Engine/Content/EngineMaterials/Substrate/Glints2/dict_0002_0085.uasset" 7541
"../../../Engine/Content/EngineMaterials/Substrate/Glints2/dict_0002_0090.uasset" 7542
"../../../Engine/Content/EngineMaterials/Substrate/Glints2/dict_0002_0091.uasset" 7543
"../../../Engine/Content/EngineMaterials/Substrate/Glints2/dict_0002_0092.uasset" 7544
"../../../Engine/Content/EngineMaterials/Substrate/Glints2/dict_0002_0093.uasset" 7545
"../../../Engine/Content/EngineMaterials/Substrate/Glints2/dict_0002_0094.uasset" 7546
"../../../Engine/Content/EngineMaterials/Substrate/Glints2/dict_0002_0098.uasset" 7547
"../../../Engine/Content/EngineMaterials/Substrate/Glints2/dict_0002_0095.uasset" 7548
"/Engine/EngineMaterials/Substrate/Glints2/dict_0002_0075" 7549
"../../../Engine/Content/EngineMaterials/Substrate/Glints2/dict_0002_0096.uasset" 7550
"../../../Engine/Content/EngineMaterials/Substrate/Glints2/dict_0002_0097.uasset" 7551
"../../../Engine/Content/EngineMaterials/Substrate/Glints2/dict_0002_0100.uasset" 7552
"../../../Engine/Content/EngineMaterials/Substrate/Glints2/dict_0002_0099.uasset" 7553
"/Engine/EngineMaterials/Substrate/Glints2/dict_0002_0074" 7554
"/Engine/EngineMaterials/Substrate/Glints2/dict_0002_0073" 7555
"/Engine/EngineMaterials/Substrate/Glints2/dict_0002_0072" 7556
"/Engine/EngineMaterials/Substrate/Glints2/dict_0002_0071" 7557
"/Engine/EngineMaterials/Substrate/Glints2/dict_0002_0070" 7558
"/Engine/EngineMaterials/Substrate/Glints2/dict_0002_0069" 7559
"/Engine/EngineMaterials/Substrate/Glints2/dict_0002_0100" 7560
"../../../Engine/Content/EngineMaterials/Substrate/Glints2/dict_0002_0102.uasset" 7561
"../../../Engine/Content/EngineMaterials/Substrate/Glints2/dict_0002_0101.uasset" 7562
"../../../Engine/Content/EngineMaterials/Substrate/Glints2/dict_0002_0103.uasset" 7563
"../../../Engine/Content/EngineMaterials/Substrate/Glints2/dict_0002_0104.uasset" 7564
"../../../Engine/Content/EngineMaterials/Substrate/Glints2/dict_0002_0105.uasset" 7565
"../../../Engine/Content/EngineMaterials/Substrate/Glints2/dict_0002_0108.uasset" 7566
"../../../Engine/Content/EngineMaterials/Substrate/Glints2/dict_0002_0106.uasset" 7567
"../../../Engine/Content/EngineMaterials/Substrate/Glints2/dict_0002_0107.uasset" 7568
"../../../Engine/Content/EngineMaterials/Substrate/Glints2/dict_0002_0109.uasset" 7569
"/Engine/EngineMaterials/Substrate/Glints2/dict_0002_0099" 7570
"/Engine/EngineMaterials/Substrate/Glints2/dict_0002_0098" 7571
"/Engine/EngineMaterials/Substrate/Glints2/dict_0002_0097" 7572
"/Engine/EngineMaterials/Substrate/Glints2/dict_0002_0096" 7573
"/Engine/EngineMaterials/Substrate/Glints2/dict_0002_0095" 7574
"/Engine/EngineMaterials/Substrate/Glints2/dict_0002_0094" 7575
"/Engine/EngineMaterials/Substrate/Glints2/dict_0002_0093" 7576
"/Engine/EngineMaterials/Substrate/Glints2/dict_0002_0092" 7577
"/Engine/EngineMaterials/Substrate/Glints2/dict_0002_0091" 7578
"/Engine/EngineMaterials/Substrate/Glints2/dict_0002_0090" 7579
"/Engine/EngineMaterials/Substrate/Glints2/dict_0002_0089" 7580
"/Engine/EngineMaterials/Substrate/Glints2/dict_0002_0088" 7581
"/Engine/EngineMaterials/Substrate/Glints2/dict_0002_0087" 7582
"/Engine/EngineMaterials/Substrate/Glints2/dict_0002_0086" 7583
"/Engine/EngineMaterials/Substrate/Glints2/dict_0002_0085" 7584
"/Engine/EngineMaterials/Substrate/Glints2/dict_0002_0084" 7585
"/Engine/EngineMaterials/Substrate/Glints2/dict_0002_0083" 7586
"/Engine/EngineMaterials/Substrate/Glints2/dict_0002_0082" 7587
"/Engine/EngineMaterials/Substrate/Glints2/dict_0002_0081" 7588
"/Engine/EngineMaterials/Substrate/Glints2/dict_0002_0080" 7589
"/Engine/EngineMaterials/Substrate/Glints2/dict_0002_0079" 7590
"/Engine/EngineMaterials/Substrate/Glints2/dict_0002_0078" 7591
"/Engine/EngineMaterials/Substrate/Glints2/dict_0002_0109" 7592
"../../../Engine/Content/EngineMaterials/Substrate/Glints2/dict_0002_0111.uasset" 7593
"../../../Engine/Content/EngineMaterials/Substrate/Glints2/dict_0002_0112.uasset" 7594
"../../../Engine/Content/EngineMaterials/Substrate/Glints2/dict_0002_0110.uasset" 7595
"../../../Engine/Content/EngineMaterials/Substrate/Glints2/dict_0002_0113.uasset" 7596
"../../../Engine/Content/EngineMaterials/Substrate/Glints2/dict_0002_0114.uasset" 7597
"../../../Engine/Content/EngineMaterials/Substrate/Glints2/dict_0002_0116.uasset" 7598
"../../../Engine/Content/EngineMaterials/Substrate/Glints2/dict_0002_0118.uasset" 7599
"../../../Engine/Content/EngineMaterials/Substrate/Glints2/dict_0002_0120.uasset" 7600
"../../../Engine/Content/EngineMaterials/Substrate/Glints2/dict_0002_0115.uasset" 7601
"../../../Engine/Content/EngineMaterials/Substrate/Glints2/dict_0002_0122.uasset" 7602
"../../../Engine/Content/EngineMaterials/Substrate/Glints2/dict_0002_0119.uasset" 7603
"/Engine/EngineMaterials/Substrate/Glints2/dict_0002_0108" 7604
"../../../Engine/Content/EngineMaterials/Substrate/Glints2/dict_0002_0121.uasset" 7605
"../../../Engine/Content/EngineMaterials/Substrate/Glints2/dict_0002_0117.uasset" 7606
"../../../Engine/Content/EngineMaterials/Substrate/Glints2/dict_0002_0123.uasset" 7607
"../../../Engine/Content/EngineMaterials/Substrate/Glints2/dict_0002_0125.uasset" 7608
"../../../Engine/Content/EngineMaterials/Substrate/Glints2/dict_0002_0124.uasset" 7609
"../../../Engine/Content/EngineMaterials/Substrate/Glints2/dict_0002_0126.uasset" 7610
"../../../Engine/Content/EngineMaterials/Substrate/Glints2/dict_0002_0127.uasset" 7611
"../../../Engine/Content/EngineMaterials/Substrate/Glints2/dict_0002_0128.uasset" 7612
"../../../Engine/Content/EngineMaterials/Substrate/Glints2/dict_0002_0129.uasset" 7613
"../../../Engine/Content/EngineMaterials/Substrate/Glints2/dict_0002_0131.uasset" 7614
"../../../Engine/Content/EngineMaterials/Substrate/Glints2/dict_0002_0130.uasset" 7615
"/Engine/EngineMaterials/Substrate/Glints2/dict_0002_0107" 7616
"../../../Engine/Content/EngineMaterials/Substrate/Glints2/dict_0002_0132.uasset" 7617
"/Engine/EngineMaterials/Substrate/Glints2/dict_0002_0106" 7618
"/Engine/EngineMaterials/Substrate/Glints2/dict_0002_0105" 7619
"/Engine/EngineMaterials/Substrate/Glints2/dict_0002_0104" 7620
"/Engine/EngineMaterials/Substrate/Glints2/dict_0002_0103" 7621
"/Engine/EngineMaterials/Substrate/Glints2/dict_0002_0102" 7622
"/Engine/EngineMaterials/Substrate/Glints2/dict_0002_0101" 7623
"/Engine/EngineMaterials/Substrate/Glints2/dict_0002_0132" 7624
"../../../Engine/Content/EngineMaterials/Substrate/Glints2/dict_0002_0133.uasset" 7625
"../../../Engine/Content/EngineMaterials/Substrate/Glints2/dict_0002_0135.uasset" 7626
"../../../Engine/Content/EngineMaterials/Substrate/Glints2/dict_0002_0134.uasset" 7627
"../../../Engine/Content/EngineMaterials/Substrate/Glints2/dict_0002_0137.uasset" 7628
"../../../Engine/Content/EngineMaterials/Substrate/Glints2/dict_0002_0136.uasset" 7629
"../../../Engine/Content/EngineMaterials/Substrate/Glints2/dict_0002_0140.uasset" 7630
"../../../Engine/Content/EngineMaterials/Substrate/Glints2/dict_0002_0138.uasset" 7631
"../../../Engine/Content/EngineMaterials/Substrate/Glints2/dict_0002_0139.uasset" 7632
"../../../Engine/Content/EngineMaterials/Substrate/Glints2/dict_0002_0141.uasset" 7633
"/Engine/EngineMaterials/Substrate/Glints2/dict_0002_0131" 7634
"/Engine/EngineMaterials/Substrate/Glints2/dict_0002_0130" 7635
"/Engine/EngineMaterials/Substrate/Glints2/dict_0002_0129" 7636
"/Engine/EngineMaterials/Substrate/Glints2/dict_0002_0128" 7637
"/Engine/EngineMaterials/Substrate/Glints2/dict_0002_0127" 7638
"/Engine/EngineMaterials/Substrate/Glints2/dict_0002_0126" 7639
"/Engine/EngineMaterials/Substrate/Glints2/dict_0002_0125" 7640
"/Engine/EngineMaterials/Substrate/Glints2/dict_0002_0124" 7641
"/Engine/EngineMaterials/Substrate/Glints2/dict_0002_0123" 7642
"/Engine/EngineMaterials/Substrate/Glints2/dict_0002_0122" 7643
"/Engine/EngineMaterials/Substrate/Glints2/dict_0002_0121" 7644
"/Engine/EngineMaterials/Substrate/Glints2/dict_0002_0120" 7645
"/Engine/EngineMaterials/Substrate/Glints2/dict_0002_0119" 7646
"/Engine/EngineMaterials/Substrate/Glints2/dict_0002_0118" 7647
"/Engine/EngineMaterials/Substrate/Glints2/dict_0002_0117" 7648
"/Engine/EngineMaterials/Substrate/Glints2/dict_0002_0116" 7649
"/Engine/EngineMaterials/Substrate/Glints2/dict_0002_0115" 7650
"/Engine/EngineMaterials/Substrate/Glints2/dict_0002_0114" 7651
"/Engine/EngineMaterials/Substrate/Glints2/dict_0002_0113" 7652
"/Engine/EngineMaterials/Substrate/Glints2/dict_0002_0112" 7653
"/Engine/EngineMaterials/Substrate/Glints2/dict_0002_0111" 7654
"/Engine/EngineMaterials/Substrate/Glints2/dict_0002_0110" 7655
"/Engine/EngineMaterials/Substrate/Glints2/dict_0002_0141" 7656
"../../../Engine/Content/EngineMaterials/Substrate/Glints2/dict_0002_0142.uasset" 7657
"../../../Engine/Content/EngineMaterials/Substrate/Glints2/dict_0002_0143.uasset" 7658
"../../../Engine/Content/EngineMaterials/Substrate/Glints2/dict_0002_0144.uasset" 7659
"../../../Engine/Content/EngineMaterials/Substrate/Glints2/dict_0002_0146.uasset" 7660
"../../../Engine/Content/EngineMaterials/Substrate/Glints2/dict_0002_0145.uasset" 7661
"../../../Engine/Content/EngineMaterials/Substrate/Glints2/dict_0002_0147.uasset" 7662
"../../../Engine/Content/EngineMaterials/Substrate/Glints2/dict_0002_0149.uasset" 7663
"../../../Engine/Content/EngineMaterials/Substrate/Glints2/dict_0002_0151.uasset" 7664
"../../../Engine/Content/EngineMaterials/Substrate/Glints2/dict_0002_0153.uasset" 7665
"../../../Engine/Content/EngineMaterials/Substrate/Glints2/dict_0002_0155.uasset" 7666
"../../../Engine/Content/EngineMaterials/Substrate/Glints2/dict_0002_0148.uasset" 7667
"../../../Engine/Content/EngineMaterials/Substrate/Glints2/dict_0002_0152.uasset" 7668
"/Engine/EngineMaterials/Substrate/Glints2/dict_0002_0140" 7669
"../../../Engine/Content/EngineMaterials/Substrate/Glints2/dict_0002_0154.uasset" 7670
"../../../Engine/Content/EngineMaterials/Substrate/Glints2/dict_0002_0150.uasset" 7671
"../../../Engine/Content/EngineMaterials/Substrate/Glints2/dict_0002_0156.uasset" 7672
"../../../Engine/Content/EngineMaterials/Substrate/Glints2/dict_0002_0157.uasset" 7673
"../../../Engine/Content/EngineMaterials/Substrate/Glints2/dict_0002_0158.uasset" 7674
"../../../Engine/Content/EngineMaterials/Substrate/Glints2/dict_0002_0159.uasset" 7675
"../../../Engine/Content/EngineMaterials/Substrate/Glints2/dict_0002_0160.uasset" 7676
"../../../Engine/Content/EngineMaterials/Substrate/Glints2/dict_0002_0161.uasset" 7677
"../../../Engine/Content/EngineMaterials/Substrate/Glints2/dict_0002_0162.uasset" 7678
"../../../Engine/Content/EngineMaterials/Substrate/Glints2/dict_0002_0163.uasset" 7679
"../../../Engine/Content/EngineMaterials/Substrate/Glints2/dict_0002_0164.uasset" 7680
"/Engine/EngineMaterials/Substrate/Glints2/dict_0002_0139" 7681
"/Engine/EngineMaterials/Substrate/Glints2/dict_0002_0138" 7682
"/Engine/EngineMaterials/Substrate/Glints2/dict_0002_0137" 7683
"/Engine/EngineMaterials/Substrate/Glints2/dict_0002_0136" 7684
"/Engine/EngineMaterials/Substrate/Glints2/dict_0002_0135" 7685
"/Engine/EngineMaterials/Substrate/Glints2/dict_0002_0134" 7686
"/Engine/EngineMaterials/Substrate/Glints2/dict_0002_0133" 7687
"/Engine/EngineMaterials/Substrate/Glints2/dict_0002_0164" 7688
"../../../Engine/Content/EngineMaterials/Substrate/Glints2/dict_0002_0165.uasset" 7689
"../../../Engine/Content/EngineMaterials/Substrate/Glints2/dict_0002_0167.uasset" 7690
"../../../Engine/Content/EngineMaterials/Substrate/Glints2/dict_0002_0166.uasset" 7691
"../../../Engine/Content/EngineMaterials/Substrate/Glints2/dict_0002_0169.uasset" 7692
"../../../Engine/Content/EngineMaterials/Substrate/Glints2/dict_0002_0173.uasset" 7693
"../../../Engine/Content/EngineMaterials/Substrate/Glints2/dict_0002_0170.uasset" 7694
"../../../Engine/Content/EngineMaterials/Substrate/Glints2/dict_0002_0172.uasset" 7695
"../../../Engine/Content/EngineMaterials/Substrate/Glints2/dict_0002_0168.uasset" 7696
"../../../Engine/Content/EngineMaterials/Substrate/Glints2/dict_0002_0171.uasset" 7697
"/Engine/EngineMaterials/Substrate/Glints2/dict_0002_0163" 7698
"/Engine/EngineMaterials/Substrate/Glints2/dict_0002_0162" 7699
"/Engine/EngineMaterials/Substrate/Glints2/dict_0002_0161" 7700
"/Engine/EngineMaterials/Substrate/Glints2/dict_0002_0160" 7701
"/Engine/EngineMaterials/Substrate/Glints2/dict_0002_0159" 7702
"/Engine/EngineMaterials/Substrate/Glints2/dict_0002_0158" 7703
"/Engine/EngineMaterials/Substrate/Glints2/dict_0002_0157" 7704
"/Engine/EngineMaterials/Substrate/Glints2/dict_0002_0156" 7705
"/Engine/EngineMaterials/Substrate/Glints2/dict_0002_0155" 7706
"/Engine/EngineMaterials/Substrate/Glints2/dict_0002_0154" 7707
"/Engine/EngineMaterials/Substrate/Glints2/dict_0002_0153" 7708
"/Engine/EngineMaterials/Substrate/Glints2/dict_0002_0152" 7709
"/Engine/EngineMaterials/Substrate/Glints2/dict_0002_0151" 7710
"/Engine/EngineMaterials/Substrate/Glints2/dict_0002_0150" 7711
"/Engine/EngineMaterials/Substrate/Glints2/dict_0002_0149" 7712
"/Engine/EngineMaterials/Substrate/Glints2/dict_0002_0148" 7713
"/Engine/EngineMaterials/Substrate/Glints2/dict_0002_0147" 7714
"/Engine/EngineMaterials/Substrate/Glints2/dict_0002_0146" 7715
"/Engine/EngineMaterials/Substrate/Glints2/dict_0002_0145" 7716
"/Engine/EngineMaterials/Substrate/Glints2/dict_0002_0144" 7717
"/Engine/EngineMaterials/Substrate/Glints2/dict_0002_0143" 7718
"/Engine/EngineMaterials/Substrate/Glints2/dict_0002_0142" 7719
"/Engine/EngineMaterials/Substrate/Glints2/dict_0002_0173" 7720
"../../../Engine/Content/EngineMaterials/Substrate/Glints2/dict_0002_0174.uasset" 7721
"../../../Engine/Content/EngineMaterials/Substrate/Glints2/dict_0002_0176.uasset" 7722
"../../../Engine/Content/EngineMaterials/Substrate/Glints2/dict_0002_0175.uasset" 7723
"../../../Engine/Content/EngineMaterials/Substrate/Glints2/dict_0002_0177.uasset" 7724
"../../../Engine/Content/EngineMaterials/Substrate/Glints2/dict_0002_0179.uasset" 7725
"../../../Engine/Content/EngineMaterials/Substrate/Glints2/dict_0002_0180.uasset" 7726
"../../../Engine/Content/EngineMaterials/Substrate/Glints2/dict_0002_0181.uasset" 7727
"../../../Engine/Content/EngineMaterials/Substrate/Glints2/dict_0002_0184.uasset" 7728
"../../../Engine/Content/EngineMaterials/Substrate/Glints2/dict_0002_0186.uasset" 7729
"../../../Engine/Content/EngineMaterials/Substrate/Glints2/dict_0002_0183.uasset" 7730
"../../../Engine/Content/EngineMaterials/Substrate/Glints2/dict_0002_0185.uasset" 7731
"/Engine/EngineMaterials/Substrate/Glints2/dict_0002_0172" 7732
"../../../Engine/Content/EngineMaterials/Substrate/Glints2/dict_0002_0187.uasset" 7733
"../../../Engine/Content/EngineMaterials/Substrate/Glints2/dict_0002_0182.uasset" 7734
"../../../Engine/Content/EngineMaterials/Substrate/Glints2/dict_0002_0178.uasset" 7735
"../../../Engine/Content/EngineMaterials/Substrate/Glints2/dict_0002_0188.uasset" 7736
"../../../Engine/Content/EngineMaterials/Substrate/Glints2/dict_0002_0189.uasset" 7737
"../../../Engine/Content/EngineMaterials/Substrate/Glints2/dict_0002_0191.uasset" 7738
"../../../Engine/Content/EngineMaterials/Substrate/Glints2/dict_0002_0192.uasset" 7739
"../../../Engine/Content/EngineMaterials/Substrate/Glints2/dict_0002_0193.uasset" 7740
"../../../Engine/Content/EngineMaterials/Substrate/Glints2/dict_0002_0195.uasset" 7741
"../../../Engine/Content/EngineMaterials/Substrate/Glints2/dict_0002_0194.uasset" 7742
"../../../Engine/Content/EngineMaterials/Substrate/Glints2/dict_0002_0190.uasset" 7743
"../../../Engine/Content/EngineMaterials/Substrate/Glints2/dict_0002_0196.uasset" 7744
"/Engine/EngineMaterials/Substrate/Glints2/dict_0002_0171" 7745
"/Engine/EngineMaterials/Substrate/Glints2/dict_0002_0170" 7746
"/Engine/EngineMaterials/Substrate/Glints2/dict_0002_0169" 7747
"/Engine/EngineMaterials/Substrate/Glints2/dict_0002_0168" 7748
"/Engine/EngineMaterials/Substrate/Glints2/dict_0002_0167" 7749
"/Engine/EngineMaterials/Substrate/Glints2/dict_0002_0166" 7750
"/Engine/EngineMaterials/Substrate/Glints2/dict_0002_0165" 7751
"/Engine/EngineMaterials/Substrate/Glints2/dict_0002_0196" 7752
"../../../Engine/Content/EngineMaterials/Substrate/Glints2/dict_0002_0197.uasset" 7753
"../../../Engine/Content/EngineMaterials/Substrate/Glints2/dict_0002_0198.uasset" 7754
"../../../Engine/Content/EngineMaterials/Substrate/Glints2/dict_0002_0200.uasset" 7755
"../../../Engine/Content/EngineMaterials/Substrate/Glints2/dict_0002_0202.uasset" 7756
"../../../Engine/Content/EngineMaterials/Substrate/Glints2/dict_0002_0201.uasset" 7757
"../../../Engine/Content/EngineMaterials/Substrate/Glints2/dict_0002_0199.uasset" 7758
"../../../Engine/Content/EngineMaterials/Substrate/Glints2/dict_0002_0203.uasset" 7759
"../../../Engine/Content/EngineMaterials/Substrate/Glints2/dict_0002_0204.uasset" 7760
"../../../Engine/Content/EngineMaterials/Substrate/Glints2/dict_0002_0205.uasset" 7761
"/Engine/EngineMaterials/Substrate/Glints2/dict_0002_0195" 7762
"/Engine/EngineMaterials/Substrate/Glints2/dict_0002_0194" 7763
"/Engine/EngineMaterials/Substrate/Glints2/dict_0002_0193" 7764
"/Engine/EngineMaterials/Substrate/Glints2/dict_0002_0192" 7765
"/Engine/EngineMaterials/Substrate/Glints2/dict_0002_0191" 7766
"/Engine/EngineMaterials/Substrate/Glints2/dict_0002_0190" 7767
"/Engine/EngineMaterials/Substrate/Glints2/dict_0002_0189" 7768
"/Engine/EngineMaterials/Substrate/Glints2/dict_0002_0188" 7769
"/Engine/EngineMaterials/Substrate/Glints2/dict_0002_0187" 7770
"/Engine/EngineMaterials/Substrate/Glints2/dict_0002_0186" 7771
"/Engine/EngineMaterials/Substrate/Glints2/dict_0002_0185" 7772
"/Engine/EngineMaterials/Substrate/Glints2/dict_0002_0184" 7773
"/Engine/EngineMaterials/Substrate/Glints2/dict_0002_0183" 7774
"/Engine/EngineMaterials/Substrate/Glints2/dict_0002_0182" 7775
"/Engine/EngineMaterials/Substrate/Glints2/dict_0002_0181" 7776
"/Engine/EngineMaterials/Substrate/Glints2/dict_0002_0180" 7777
"/Engine/EngineMaterials/Substrate/Glints2/dict_0002_0179" 7778
"/Engine/EngineMaterials/Substrate/Glints2/dict_0002_0178" 7779
"/Engine/EngineMaterials/Substrate/Glints2/dict_0002_0177" 7780
"/Engine/EngineMaterials/Substrate/Glints2/dict_0002_0176" 7781
"/Engine/EngineMaterials/Substrate/Glints2/dict_0002_0175" 7782
"/Engine/EngineMaterials/Substrate/Glints2/dict_0002_0174" 7783
"/Engine/EngineMaterials/Substrate/Glints2/dict_0002_0205" 7784
"../../../Engine/Content/EngineMaterials/Substrate/Glints2/dict_0002_0206.uasset" 7785
"../../../Engine/Content/EngineMaterials/Substrate/Glints2/dict_0002_0207.uasset" 7786
"/Engine/EngineMaterials/Substrate/Glints2/dict_0002_0204" 7787
"../../../Engine/Content/EngineMaterials/Substrate/Glints2/dict_0002_0216.uasset" 7788
"../../../Engine/Content/EngineMaterials/Substrate/Glints2/dict_0002_0214.uasset" 7789
"../../../Engine/Content/EngineMaterials/Substrate/Glints2/dict_0002_0208.uasset" 7790
"../../../Engine/Content/EngineMaterials/Substrate/Glints2/dict_0002_0213.uasset" 7791
"../../../Engine/Content/EngineMaterials/Substrate/Glints2/dict_0002_0219.uasset" 7792
"../../../Engine/Content/EngineMaterials/Substrate/Glints2/dict_0002_0212.uasset" 7793
"../../../Engine/Content/EngineMaterials/Substrate/Glints2/dict_0002_0217.uasset" 7794
"../../../Engine/Content/EngineMaterials/Substrate/Glints2/dict_0002_0218.uasset" 7795
"../../../Engine/Content/EngineMaterials/Substrate/Glints2/dict_0002_0209.uasset" 7796
"../../../Engine/Content/EngineMaterials/Substrate/Glints2/dict_0002_0215.uasset" 7797
"../../../Engine/Content/EngineMaterials/Substrate/Glints2/dict_0002_0211.uasset" 7798
"../../../Engine/Content/EngineMaterials/Substrate/Glints2/dict_0002_0210.uasset" 7799
"/Engine/EngineMaterials/Substrate/Glints2/dict_0002_0203" 7800
"../../../Engine/Content/EngineMaterials/Substrate/Glints2/dict_0002_0220.uasset" 7801
"../../../Engine/Content/EngineMaterials/Substrate/Glints2/dict_0002_0224.uasset" 7802
"../../../Engine/Content/EngineMaterials/Substrate/Glints2/dict_0002_0222.uasset" 7803
"../../../Engine/Content/EngineMaterials/Substrate/Glints2/dict_0002_0225.uasset" 7804
"../../../Engine/Content/EngineMaterials/Substrate/Glints2/dict_0002_0223.uasset" 7805
"../../../Engine/Content/EngineMaterials/Substrate/Glints2/dict_0002_0226.uasset" 7806
"../../../Engine/Content/EngineMaterials/Substrate/Glints2/dict_0002_0227.uasset" 7807
"../../../Engine/Content/EngineMaterials/Substrate/Glints2/dict_0002_0221.uasset" 7808
"../../../Engine/Content/EngineMaterials/Substrate/Glints2/dict_0002_0228.uasset" 7809
"/Engine/EngineMaterials/Substrate/Glints2/dict_0002_0202" 7810
"/Engine/EngineMaterials/Substrate/Glints2/dict_0002_0201" 7811
"/Engine/EngineMaterials/Substrate/Glints2/dict_0002_0200" 7812
"/Engine/EngineMaterials/Substrate/Glints2/dict_0002_0199" 7813
"/Engine/EngineMaterials/Substrate/Glints2/dict_0002_0198" 7814
"/Engine/EngineMaterials/Substrate/Glints2/dict_0002_0197" 7815
"/Engine/EngineMaterials/Substrate/Glints2/dict_0002_0228" 7816
"../../../Engine/Content/EngineMaterials/Substrate/Glints2/dict_0002_0229.uasset" 7817
"../../../Engine/Content/EngineMaterials/Substrate/Glints2/dict_0002_0230.uasset" 7818
"../../../Engine/Content/EngineMaterials/Substrate/Glints2/dict_0002_0231.uasset" 7819
"../../../Engine/Content/EngineMaterials/Substrate/Glints2/dict_0002_0232.uasset" 7820
"../../../Engine/Content/EngineMaterials/Substrate/Glints2/dict_0002_0233.uasset" 7821
"../../../Engine/Content/EngineMaterials/Substrate/Glints2/dict_0002_0234.uasset" 7822
"../../../Engine/Content/EngineMaterials/Substrate/Glints2/dict_0002_0235.uasset" 7823
"../../../Engine/Content/EngineMaterials/Substrate/Glints2/dict_0002_0236.uasset" 7824
"../../../Engine/Content/EngineMaterials/Substrate/Glints2/dict_0002_0237.uasset" 7825
"/Engine/EngineMaterials/Substrate/Glints2/dict_0002_0227" 7826
"/Engine/EngineMaterials/Substrate/Glints2/dict_0002_0226" 7827
"/Engine/EngineMaterials/Substrate/Glints2/dict_0002_0225" 7828
"/Engine/EngineMaterials/Substrate/Glints2/dict_0002_0224" 7829
"/Engine/EngineMaterials/Substrate/Glints2/dict_0002_0223" 7830
"/Engine/EngineMaterials/Substrate/Glints2/dict_0002_0222" 7831
"/Engine/EngineMaterials/Substrate/Glints2/dict_0002_0221" 7832
"/Engine/EngineMaterials/Substrate/Glints2/dict_0002_0220" 7833
"/Engine/EngineMaterials/Substrate/Glints2/dict_0002_0219" 7834
"/Engine/EngineMaterials/Substrate/Glints2/dict_0002_0218" 7835
"/Engine/EngineMaterials/Substrate/Glints2/dict_0002_0217" 7836
"/Engine/EngineMaterials/Substrate/Glints2/dict_0002_0216" 7837
"/Engine/EngineMaterials/Substrate/Glints2/dict_0002_0215" 7838
"/Engine/EngineMaterials/Substrate/Glints2/dict_0002_0214" 7839
"/Engine/EngineMaterials/Substrate/Glints2/dict_0002_0213" 7840
"/Engine/EngineMaterials/Substrate/Glints2/dict_0002_0212" 7841
"/Engine/EngineMaterials/Substrate/Glints2/dict_0002_0211" 7842
"/Engine/EngineMaterials/Substrate/Glints2/dict_0002_0210" 7843
"/Engine/EngineMaterials/Substrate/Glints2/dict_0002_0209" 7844
"/Engine/EngineMaterials/Substrate/Glints2/dict_0002_0208" 7845
"/Engine/EngineMaterials/Substrate/Glints2/dict_0002_0207" 7846
"/Engine/EngineMaterials/Substrate/Glints2/dict_0002_0206" 7847
"/Engine/EngineMaterials/Substrate/Glints2/dict_0002_0237" 7848
"../../../Engine/Content/EngineMaterials/Substrate/Glints2/dict_0002_0239.uasset" 7849
"../../../Engine/Content/EngineMaterials/Substrate/Glints2/dict_0002_0240.uasset" 7850
"../../../Engine/Content/EngineMaterials/Substrate/Glints2/dict_0002_0246.uasset" 7851
"../../../Engine/Content/EngineMaterials/Substrate/Glints2/dict_0002_0248.uasset" 7852
"../../../Engine/Content/EngineMaterials/Substrate/Glints2/dict_0002_0244.uasset" 7853
"../../../Engine/Content/EngineMaterials/Substrate/Glints2/dict_0002_0249.uasset" 7854
"../../../Engine/Content/EngineMaterials/Substrate/Glints2/dict_0002_0251.uasset" 7855
"/Engine/EngineMaterials/Substrate/Glints2/dict_0002_0236" 7856
"../../../Engine/Content/EngineMaterials/Substrate/Glints2/dict_0002_0242.uasset" 7857
"../../../Engine/Content/EngineMaterials/Substrate/Glints2/dict_0002_0253.uasset" 7858
"../../../Engine/Content/EngineMaterials/Substrate/Glints2/dict_0002_0250.uasset" 7859
"../../../Engine/Content/EngineMaterials/Substrate/Glints2/dict_0002_0254.uasset" 7860
"../../../Engine/Content/EngineMaterials/Substrate/Glints2/dict_0002_0247.uasset" 7861
"../../../Engine/Content/EngineMaterials/Substrate/Glints2/dict_0002_0245.uasset" 7862
"../../../Engine/Content/EngineMaterials/Substrate/Glints2/dict_0002_0243.uasset" 7863
"../../../Engine/Content/EngineMaterials/Substrate/Glints2/dict_0002_0252.uasset" 7864
"../../../Engine/Content/EngineMaterials/Substrate/Glints2/dict_0002_0255.uasset" 7865
"../../../Engine/Content/EngineMaterials/Substrate/Glints2/dict_0003_0001.uasset" 7866
"../../../Engine/Content/EngineMaterials/Substrate/Glints2/dict_0002_0241.uasset" 7867
"../../../Engine/Content/EngineMaterials/Substrate/Glints2/dict_0002_0238.uasset" 7868
"../../../Engine/Content/EngineMaterials/Substrate/Glints2/dict_0003_0002.uasset" 7869
"../../../Engine/Content/EngineMaterials/Substrate/Glints2/dict_0003_0000.uasset" 7870
"../../../Engine/Content/EngineMaterials/Substrate/Glints2/dict_0003_0004.uasset" 7871
"../../../Engine/Content/EngineMaterials/Substrate/Glints2/dict_0003_0003.uasset" 7872
"/Engine/EngineMaterials/Substrate/Glints2/dict_0002_0235" 7873
"/Engine/EngineMaterials/Substrate/Glints2/dict_0002_0234" 7874
"/Engine/EngineMaterials/Substrate/Glints2/dict_0002_0233" 7875
"/Engine/EngineMaterials/Substrate/Glints2/dict_0002_0232" 7876
"/Engine/EngineMaterials/Substrate/Glints2/dict_0002_0231" 7877
"/Engine/EngineMaterials/Substrate/Glints2/dict_0002_0230" 7878
"/Engine/EngineMaterials/Substrate/Glints2/dict_0002_0229" 7879
"/Engine/EngineMaterials/Substrate/Glints2/dict_0003_0004" 7880
"../../../Engine/Content/EngineMaterials/Substrate/Glints2/dict_0003_0005.uasset" 7881
"../../../Engine/Content/EngineMaterials/Substrate/Glints2/dict_0003_0006.uasset" 7882
"../../../Engine/Content/EngineMaterials/Substrate/Glints2/dict_0003_0007.uasset" 7883
"../../../Engine/Content/EngineMaterials/Substrate/Glints2/dict_0003_0010.uasset" 7884
"../../../Engine/Content/EngineMaterials/Substrate/Glints2/dict_0003_0008.uasset" 7885
"../../../Engine/Content/EngineMaterials/Substrate/Glints2/dict_0003_0009.uasset" 7886
"/Engine/EngineMaterials/Substrate/Glints2/dict_0003_0003" 7887
"../../../Engine/Content/EngineMaterials/Substrate/Glints2/dict_0003_0011.uasset" 7888
"../../../Engine/Content/EngineMaterials/Substrate/Glints2/dict_0003_0012.uasset" 7889
"../../../Engine/Content/EngineMaterials/Substrate/Glints2/dict_0003_0013.uasset" 7890
"/Engine/EngineMaterials/Substrate/Glints2/dict_0003_0002" 7891
"/Engine/EngineMaterials/Substrate/Glints2/dict_0003_0001" 7892
"/Engine/EngineMaterials/Substrate/Glints2/dict_0003_0000" 7893
"/Engine/EngineMaterials/Substrate/Glints2/dict_0002_0255" 7894
"/Engine/EngineMaterials/Substrate/Glints2/dict_0002_0254" 7895
"/Engine/EngineMaterials/Substrate/Glints2/dict_0002_0253" 7896
"/Engine/EngineMaterials/Substrate/Glints2/dict_0002_0252" 7897
"/Engine/EngineMaterials/Substrate/Glints2/dict_0002_0251" 7898
"/Engine/EngineMaterials/Substrate/Glints2/dict_0002_0250" 7899
"/Engine/EngineMaterials/Substrate/Glints2/dict_0002_0249" 7900
"/Engine/EngineMaterials/Substrate/Glints2/dict_0002_0248" 7901
"/Engine/EngineMaterials/Substrate/Glints2/dict_0002_0247" 7902
"/Engine/EngineMaterials/Substrate/Glints2/dict_0002_0246" 7903
"/Engine/EngineMaterials/Substrate/Glints2/dict_0002_0245" 7904
"/Engine/EngineMaterials/Substrate/Glints2/dict_0002_0244" 7905
"/Engine/EngineMaterials/Substrate/Glints2/dict_0002_0243" 7906
"/Engine/EngineMaterials/Substrate/Glints2/dict_0002_0242" 7907
"/Engine/EngineMaterials/Substrate/Glints2/dict_0002_0241" 7908
"/Engine/EngineMaterials/Substrate/Glints2/dict_0002_0240" 7909
"/Engine/EngineMaterials/Substrate/Glints2/dict_0002_0239" 7910
"/Engine/EngineMaterials/Substrate/Glints2/dict_0002_0238" 7911
"/Engine/EngineMaterials/Substrate/Glints2/dict_0003_0013" 7912
"../../../Engine/Content/EngineMaterials/Substrate/Glints2/dict_0003_0014.uasset" 7913
"../../../Engine/Content/EngineMaterials/Substrate/Glints2/dict_0003_0015.uasset" 7914
"../../../Engine/Content/EngineMaterials/Substrate/Glints2/dict_0003_0017.uasset" 7915
"/Engine/EngineMaterials/Substrate/Glints2/dict_0003_0012" 7916
"../../../Engine/Content/EngineMaterials/Substrate/Glints2/dict_0003_0019.uasset" 7917
"../../../Engine/Content/EngineMaterials/Substrate/Glints2/dict_0003_0021.uasset" 7918
"../../../Engine/Content/EngineMaterials/Substrate/Glints2/dict_0003_0024.uasset" 7919
"../../../Engine/Content/EngineMaterials/Substrate/Glints2/dict_0003_0026.uasset" 7920
"../../../Engine/Content/EngineMaterials/Substrate/Glints2/dict_0003_0027.uasset" 7921
"../../../Engine/Content/EngineMaterials/Substrate/Glints2/dict_0003_0025.uasset" 7922
"../../../Engine/Content/EngineMaterials/Substrate/Glints2/dict_0003_0018.uasset" 7923
"../../../Engine/Content/EngineMaterials/Substrate/Glints2/dict_0003_0022.uasset" 7924
"../../../Engine/Content/EngineMaterials/Substrate/Glints2/dict_0003_0016.uasset" 7925
"../../../Engine/Content/EngineMaterials/Substrate/Glints2/dict_0003_0020.uasset" 7926
"../../../Engine/Content/EngineMaterials/Substrate/Glints2/dict_0003_0023.uasset" 7927
"/Engine/EngineMaterials/Substrate/Glints2/dict_0003_0011" 7928
"../../../Engine/Content/EngineMaterials/Substrate/Glints2/dict_0003_0029.uasset" 7929
"../../../Engine/Content/EngineMaterials/Substrate/Glints2/dict_0003_0028.uasset" 7930
"../../../Engine/Content/EngineMaterials/Substrate/Glints2/dict_0003_0034.uasset" 7931
"../../../Engine/Content/EngineMaterials/Substrate/Glints2/dict_0003_0035.uasset" 7932
"../../../Engine/Content/EngineMaterials/Substrate/Glints2/dict_0003_0033.uasset" 7933
"../../../Engine/Content/EngineMaterials/Substrate/Glints2/dict_0003_0036.uasset" 7934
"../../../Engine/Content/EngineMaterials/Substrate/Glints2/dict_0003_0030.uasset" 7935
"../../../Engine/Content/EngineMaterials/Substrate/Glints2/dict_0003_0031.uasset" 7936
"../../../Engine/Content/EngineMaterials/Substrate/Glints2/dict_0003_0032.uasset" 7937
"/Engine/EngineMaterials/Substrate/Glints2/dict_0003_0010" 7938
"/Engine/EngineMaterials/Substrate/Glints2/dict_0003_0009" 7939
"/Engine/EngineMaterials/Substrate/Glints2/dict_0003_0008" 7940
"/Engine/EngineMaterials/Substrate/Glints2/dict_0003_0007" 7941
"/Engine/EngineMaterials/Substrate/Glints2/dict_0003_0006" 7942
"/Engine/EngineMaterials/Substrate/Glints2/dict_0003_0005" 7943
"/Engine/EngineMaterials/Substrate/Glints2/dict_0003_0036" 7944
"../../../Engine/Content/EngineMaterials/Substrate/Glints2/dict_0003_0037.uasset" 7945
"../../../Engine/Content/EngineMaterials/Substrate/Glints2/dict_0003_0040.uasset" 7946
"../../../Engine/Content/EngineMaterials/Substrate/Glints2/dict_0003_0038.uasset" 7947
"../../../Engine/Content/EngineMaterials/Substrate/Glints2/dict_0003_0039.uasset" 7948
"../../../Engine/Content/EngineMaterials/Substrate/Glints2/dict_0003_0041.uasset" 7949
"../../../Engine/Content/EngineMaterials/Substrate/Glints2/dict_0003_0043.uasset" 7950
"../../../Engine/Content/EngineMaterials/Substrate/Glints2/dict_0003_0042.uasset" 7951
"../../../Engine/Content/EngineMaterials/Substrate/Glints2/dict_0003_0044.uasset" 7952
"../../../Engine/Content/EngineMaterials/Substrate/Glints2/dict_0003_0045.uasset" 7953
"/Engine/EngineMaterials/Substrate/Glints2/dict_0003_0035" 7954
"/Engine/EngineMaterials/Substrate/Glints2/dict_0003_0034" 7955
"/Engine/EngineMaterials/Substrate/Glints2/dict_0003_0033" 7956
"/Engine/EngineMaterials/Substrate/Glints2/dict_0003_0032" 7957
"/Engine/EngineMaterials/Substrate/Glints2/dict_0003_0031" 7958
"/Engine/EngineMaterials/Substrate/Glints2/dict_0003_0030" 7959
"/Engine/EngineMaterials/Substrate/Glints2/dict_0003_0029" 7960
"/Engine/EngineMaterials/Substrate/Glints2/dict_0003_0028" 7961
"/Engine/EngineMaterials/Substrate/Glints2/dict_0003_0027" 7962
"/Engine/EngineMaterials/Substrate/Glints2/dict_0003_0026" 7963
"/Engine/EngineMaterials/Substrate/Glints2/dict_0003_0025" 7964
"/Engine/EngineMaterials/Substrate/Glints2/dict_0003_0024" 7965
"/Engine/EngineMaterials/Substrate/Glints2/dict_0003_0023" 7966
"/Engine/EngineMaterials/Substrate/Glints2/dict_0003_0022" 7967
"/Engine/EngineMaterials/Substrate/Glints2/dict_0003_0021" 7968
"/Engine/EngineMaterials/Substrate/Glints2/dict_0003_0020" 7969
"/Engine/EngineMaterials/Substrate/Glints2/dict_0003_0019" 7970
"/Engine/EngineMaterials/Substrate/Glints2/dict_0003_0018" 7971
"/Engine/EngineMaterials/Substrate/Glints2/dict_0003_0017" 7972
"/Engine/EngineMaterials/Substrate/Glints2/dict_0003_0016" 7973
"/Engine/EngineMaterials/Substrate/Glints2/dict_0003_0015" 7974
"/Engine/EngineMaterials/Substrate/Glints2/dict_0003_0014" 7975
"/Engine/EngineMaterials/Substrate/Glints2/dict_0003_0045" 7976
"../../../Engine/Content/EngineMaterials/Substrate/Glints2/dict_0003_0047.uasset" 7977
"../../../Engine/Content/EngineMaterials/Substrate/Glints2/dict_0003_0046.uasset" 7978
"../../../Engine/Content/EngineMaterials/Substrate/Glints2/dict_0003_0048.uasset" 7979
"/Engine/EngineMaterials/Substrate/Glints2/dict_0003_0044" 7980
"../../../Engine/Content/EngineMaterials/Substrate/Glints2/dict_0003_0050.uasset" 7981
"../../../Engine/Content/EngineMaterials/Substrate/Glints2/dict_0003_0051.uasset" 7982
"../../../Engine/Content/EngineMaterials/Substrate/Glints2/dict_0003_0055.uasset" 7983
"../../../Engine/Content/EngineMaterials/Substrate/Glints2/dict_0003_0056.uasset" 7984
"../../../Engine/Content/EngineMaterials/Substrate/Glints2/dict_0003_0057.uasset" 7985
"../../../Engine/Content/EngineMaterials/Substrate/Glints2/dict_0003_0049.uasset" 7986
"../../../Engine/Content/EngineMaterials/Substrate/Glints2/dict_0003_0052.uasset" 7987
"../../../Engine/Content/EngineMaterials/Substrate/Glints2/dict_0003_0058.uasset" 7988
"../../../Engine/Content/EngineMaterials/Substrate/Glints2/dict_0003_0054.uasset" 7989
"../../../Engine/Content/EngineMaterials/Substrate/Glints2/dict_0003_0059.uasset" 7990
"../../../Engine/Content/EngineMaterials/Substrate/Glints2/dict_0003_0053.uasset" 7991
"../../../Engine/Content/EngineMaterials/Substrate/Glints2/dict_0003_0060.uasset" 7992
"../../../Engine/Content/EngineMaterials/Substrate/Glints2/dict_0003_0061.uasset" 7993
"../../../Engine/Content/EngineMaterials/Substrate/Glints2/dict_0003_0062.uasset" 7994
"../../../Engine/Content/EngineMaterials/Substrate/Glints2/dict_0003_0063.uasset" 7995
"../../../Engine/Content/EngineMaterials/Substrate/Glints2/dict_0003_0064.uasset" 7996
"../../../Engine/Content/EngineMaterials/Substrate/Glints2/dict_0003_0065.uasset" 7997
"../../../Engine/Content/EngineMaterials/Substrate/Glints2/dict_0003_0067.uasset" 7998
"/Engine/EngineMaterials/Substrate/Glints2/dict_0003_0043" 7999
"../../../Engine/Content/EngineMaterials/Substrate/Glints2/dict_0003_0066.uasset" 8000
"../../../Engine/Content/EngineMaterials/Substrate/Glints2/dict_0003_0068.uasset" 8001
"/Engine/EngineMaterials/Substrate/Glints2/dict_0003_0042" 8002
"/Engine/EngineMaterials/Substrate/Glints2/dict_0003_0041" 8003
"/Engine/EngineMaterials/Substrate/Glints2/dict_0003_0040" 8004
"/Engine/EngineMaterials/Substrate/Glints2/dict_0003_0039" 8005
"/Engine/EngineMaterials/Substrate/Glints2/dict_0003_0038" 8006
"/Engine/EngineMaterials/Substrate/Glints2/dict_0003_0037" 8007
"/Engine/EngineMaterials/Substrate/Glints2/dict_0003_0068" 8008
"../../../Engine/Content/EngineMaterials/Substrate/Glints2/dict_0003_0069.uasset" 8009
"../../../Engine/Content/EngineMaterials/Substrate/Glints2/dict_0003_0070.uasset" 8010
"../../../Engine/Content/EngineMaterials/Substrate/Glints2/dict_0003_0071.uasset" 8011
"../../../Engine/Content/EngineMaterials/Substrate/Glints2/dict_0003_0073.uasset" 8012
"../../../Engine/Content/EngineMaterials/Substrate/Glints2/dict_0003_0072.uasset" 8013
"../../../Engine/Content/EngineMaterials/Substrate/Glints2/dict_0003_0075.uasset" 8014
"../../../Engine/Content/EngineMaterials/Substrate/Glints2/dict_0003_0077.uasset" 8015
"../../../Engine/Content/EngineMaterials/Substrate/Glints2/dict_0003_0074.uasset" 8016
"../../../Engine/Content/EngineMaterials/Substrate/Glints2/dict_0003_0076.uasset" 8017
"/Engine/EngineMaterials/Substrate/Glints2/dict_0003_0067" 8018
"/Engine/EngineMaterials/Substrate/Glints2/dict_0003_0066" 8019
"/Engine/EngineMaterials/Substrate/Glints2/dict_0003_0065" 8020
"/Engine/EngineMaterials/Substrate/Glints2/dict_0003_0064" 8021
"/Engine/EngineMaterials/Substrate/Glints2/dict_0003_0063" 8022
"/Engine/EngineMaterials/Substrate/Glints2/dict_0003_0062" 8023
"/Engine/EngineMaterials/Substrate/Glints2/dict_0003_0061" 8024
"/Engine/EngineMaterials/Substrate/Glints2/dict_0003_0060" 8025
"/Engine/EngineMaterials/Substrate/Glints2/dict_0003_0059" 8026
"/Engine/EngineMaterials/Substrate/Glints2/dict_0003_0058" 8027
"/Engine/EngineMaterials/Substrate/Glints2/dict_0003_0057" 8028
"/Engine/EngineMaterials/Substrate/Glints2/dict_0003_0056" 8029
"/Engine/EngineMaterials/Substrate/Glints2/dict_0003_0055" 8030
"/Engine/EngineMaterials/Substrate/Glints2/dict_0003_0054" 8031
"/Engine/EngineMaterials/Substrate/Glints2/dict_0003_0053" 8032
"/Engine/EngineMaterials/Substrate/Glints2/dict_0003_0052" 8033
"/Engine/EngineMaterials/Substrate/Glints2/dict_0003_0051" 8034
"/Engine/EngineMaterials/Substrate/Glints2/dict_0003_0050" 8035
"/Engine/EngineMaterials/Substrate/Glints2/dict_0003_0049" 8036
"/Engine/EngineMaterials/Substrate/Glints2/dict_0003_0048" 8037
"/Engine/EngineMaterials/Substrate/Glints2/dict_0003_0047" 8038
"/Engine/EngineMaterials/Substrate/Glints2/dict_0003_0046" 8039
"/Engine/EngineMaterials/Substrate/Glints2/dict_0003_0077" 8040
"../../../Engine/Content/EngineMaterials/Substrate/Glints2/dict_0003_0080.uasset" 8041
"../../../Engine/Content/EngineMaterials/Substrate/Glints2/dict_0003_0079.uasset" 8042
"../../../Engine/Content/EngineMaterials/Substrate/Glints2/dict_0003_0078.uasset" 8043
"../../../Engine/Content/EngineMaterials/Substrate/Glints2/dict_0003_0081.uasset" 8044
"../../../Engine/Content/EngineMaterials/Substrate/Glints2/dict_0003_0082.uasset" 8045
"/Engine/EngineMaterials/Substrate/Glints2/dict_0003_0076" 8046
"../../../Engine/Content/EngineMaterials/Substrate/Glints2/dict_0003_0083.uasset" 8047
"../../../Engine/Content/EngineMaterials/Substrate/Glints2/dict_0003_0085.uasset" 8048
"../../../Engine/Content/EngineMaterials/Substrate/Glints2/dict_0003_0087.uasset" 8049
"../../../Engine/Content/EngineMaterials/Substrate/Glints2/dict_0003_0086.uasset" 8050
"../../../Engine/Content/EngineMaterials/Substrate/Glints2/dict_0003_0091.uasset" 8051
"../../../Engine/Content/EngineMaterials/Substrate/Glints2/dict_0003_0088.uasset" 8052
"../../../Engine/Content/EngineMaterials/Substrate/Glints2/dict_0003_0084.uasset" 8053
"../../../Engine/Content/EngineMaterials/Substrate/Glints2/dict_0003_0090.uasset" 8054
"../../../Engine/Content/EngineMaterials/Substrate/Glints2/dict_0003_0093.uasset" 8055
"../../../Engine/Content/EngineMaterials/Substrate/Glints2/dict_0003_0089.uasset" 8056
"../../../Engine/Content/EngineMaterials/Substrate/Glints2/dict_0003_0094.uasset" 8057
"../../../Engine/Content/EngineMaterials/Substrate/Glints2/dict_0003_0095.uasset" 8058
"../../../Engine/Content/EngineMaterials/Substrate/Glints2/dict_0003_0096.uasset" 8059
"../../../Engine/Content/EngineMaterials/Substrate/Glints2/dict_0003_0092.uasset" 8060
"/Engine/EngineMaterials/Substrate/Glints2/dict_0003_0075" 8061
"../../../Engine/Content/EngineMaterials/Substrate/Glints2/dict_0003_0097.uasset" 8062
"../../../Engine/Content/EngineMaterials/Substrate/Glints2/dict_0003_0099.uasset" 8063
"../../../Engine/Content/EngineMaterials/Substrate/Glints2/dict_0003_0100.uasset" 8064
"../../../Engine/Content/EngineMaterials/Substrate/Glints2/dict_0003_0098.uasset" 8065
"/Engine/EngineMaterials/Substrate/Glints2/dict_0003_0074" 8066
"/Engine/EngineMaterials/Substrate/Glints2/dict_0003_0073" 8067
"/Engine/EngineMaterials/Substrate/Glints2/dict_0003_0072" 8068
"/Engine/EngineMaterials/Substrate/Glints2/dict_0003_0071" 8069
"/Engine/EngineMaterials/Substrate/Glints2/dict_0003_0070" 8070
"/Engine/EngineMaterials/Substrate/Glints2/dict_0003_0069" 8071
"/Engine/EngineMaterials/Substrate/Glints2/dict_0003_0100" 8072
"../../../Engine/Content/EngineMaterials/Substrate/Glints2/dict_0003_0101.uasset" 8073
"../../../Engine/Content/EngineMaterials/Substrate/Glints2/dict_0003_0102.uasset" 8074
"../../../Engine/Content/EngineMaterials/Substrate/Glints2/dict_0003_0104.uasset" 8075
"../../../Engine/Content/EngineMaterials/Substrate/Glints2/dict_0003_0105.uasset" 8076
"../../../Engine/Content/EngineMaterials/Substrate/Glints2/dict_0003_0106.uasset" 8077
"../../../Engine/Content/EngineMaterials/Substrate/Glints2/dict_0003_0103.uasset" 8078
"../../../Engine/Content/EngineMaterials/Substrate/Glints2/dict_0003_0107.uasset" 8079
"../../../Engine/Content/EngineMaterials/Substrate/Glints2/dict_0003_0109.uasset" 8080
"../../../Engine/Content/EngineMaterials/Substrate/Glints2/dict_0003_0108.uasset" 8081
"/Engine/EngineMaterials/Substrate/Glints2/dict_0003_0099" 8082
"/Engine/EngineMaterials/Substrate/Glints2/dict_0003_0098" 8083
"/Engine/EngineMaterials/Substrate/Glints2/dict_0003_0097" 8084
"/Engine/EngineMaterials/Substrate/Glints2/dict_0003_0096" 8085
"/Engine/EngineMaterials/Substrate/Glints2/dict_0003_0095" 8086
"/Engine/EngineMaterials/Substrate/Glints2/dict_0003_0094" 8087
"/Engine/EngineMaterials/Substrate/Glints2/dict_0003_0093" 8088
"/Engine/EngineMaterials/Substrate/Glints2/dict_0003_0092" 8089
"/Engine/EngineMaterials/Substrate/Glints2/dict_0003_0091" 8090
"/Engine/EngineMaterials/Substrate/Glints2/dict_0003_0090" 8091
"/Engine/EngineMaterials/Substrate/Glints2/dict_0003_0089" 8092
"/Engine/EngineMaterials/Substrate/Glints2/dict_0003_0088" 8093
"/Engine/EngineMaterials/Substrate/Glints2/dict_0003_0087" 8094
"/Engine/EngineMaterials/Substrate/Glints2/dict_0003_0086" 8095
"/Engine/EngineMaterials/Substrate/Glints2/dict_0003_0085" 8096
"/Engine/EngineMaterials/Substrate/Glints2/dict_0003_0084" 8097
"/Engine/EngineMaterials/Substrate/Glints2/dict_0003_0083" 8098
"/Engine/EngineMaterials/Substrate/Glints2/dict_0003_0082" 8099
"/Engine/EngineMaterials/Substrate/Glints2/dict_0003_0081" 8100
"/Engine/EngineMaterials/Substrate/Glints2/dict_0003_0080" 8101
"/Engine/EngineMaterials/Substrate/Glints2/dict_0003_0079" 8102
"/Engine/EngineMaterials/Substrate/Glints2/dict_0003_0078" 8103
"/Engine/EngineMaterials/Substrate/Glints2/dict_0003_0109" 8104
"../../../Engine/Content/EngineMaterials/Substrate/Glints2/dict_0003_0110.uasset" 8105
"../../../Engine/Content/EngineMaterials/Substrate/Glints2/dict_0003_0112.uasset" 8106
"../../../Engine/Content/EngineMaterials/Substrate/Glints2/dict_0003_0113.uasset" 8107
"../../../Engine/Content/EngineMaterials/Substrate/Glints2/dict_0003_0111.uasset" 8108
"../../../Engine/Content/EngineMaterials/Substrate/Glints2/dict_0003_0114.uasset" 8109
"../../../Engine/Content/EngineMaterials/Substrate/Glints2/dict_0003_0118.uasset" 8110
"../../../Engine/Content/EngineMaterials/Substrate/Glints2/dict_0003_0119.uasset" 8111
"../../../Engine/Content/EngineMaterials/Substrate/Glints2/dict_0003_0115.uasset" 8112
"/Engine/EngineMaterials/Substrate/Glints2/dict_0003_0108" 8113
"../../../Engine/Content/EngineMaterials/Substrate/Glints2/dict_0003_0117.uasset" 8114
"../../../Engine/Content/EngineMaterials/Substrate/Glints2/dict_0003_0121.uasset" 8115
"../../../Engine/Content/EngineMaterials/Substrate/Glints2/dict_0003_0122.uasset" 8116
"../../../Engine/Content/EngineMaterials/Substrate/Glints2/dict_0003_0120.uasset" 8117
"../../../Engine/Content/EngineMaterials/Substrate/Glints2/dict_0003_0116.uasset" 8118
"../../../Engine/Content/EngineMaterials/Substrate/Glints2/dict_0003_0124.uasset" 8119
"../../../Engine/Content/EngineMaterials/Substrate/Glints2/dict_0003_0123.uasset" 8120
"../../../Engine/Content/EngineMaterials/Substrate/Glints2/dict_0003_0126.uasset" 8121
"../../../Engine/Content/EngineMaterials/Substrate/Glints2/dict_0003_0127.uasset" 8122
"../../../Engine/Content/EngineMaterials/Substrate/Glints2/dict_0003_0125.uasset" 8123
"../../../Engine/Content/EngineMaterials/Substrate/Glints2/dict_0003_0130.uasset" 8124
"../../../Engine/Content/EngineMaterials/Substrate/Glints2/dict_0003_0132.uasset" 8125
"../../../Engine/Content/EngineMaterials/Substrate/Glints2/dict_0003_0131.uasset" 8126
"../../../Engine/Content/EngineMaterials/Substrate/Glints2/dict_0003_0129.uasset" 8127
"/Engine/EngineMaterials/Substrate/Glints2/dict_0003_0107" 8128
"../../../Engine/Content/EngineMaterials/Substrate/Glints2/dict_0003_0128.uasset" 8129
"/Engine/EngineMaterials/Substrate/Glints2/dict_0003_0106" 8130
"/Engine/EngineMaterials/Substrate/Glints2/dict_0003_0105" 8131
"/Engine/EngineMaterials/Substrate/Glints2/dict_0003_0104" 8132
"/Engine/EngineMaterials/Substrate/Glints2/dict_0003_0103" 8133
"/Engine/EngineMaterials/Substrate/Glints2/dict_0003_0102" 8134
"/Engine/EngineMaterials/Substrate/Glints2/dict_0003_0101" 8135
"/Engine/EngineMaterials/Substrate/Glints2/dict_0003_0132" 8136
"../../../Engine/Content/EngineMaterials/Substrate/Glints2/dict_0003_0133.uasset" 8137
"../../../Engine/Content/EngineMaterials/Substrate/Glints2/dict_0003_0134.uasset" 8138
"../../../Engine/Content/EngineMaterials/Substrate/Glints2/dict_0003_0135.uasset" 8139
"../../../Engine/Content/EngineMaterials/Substrate/Glints2/dict_0003_0136.uasset" 8140
"../../../Engine/Content/EngineMaterials/Substrate/Glints2/dict_0003_0138.uasset" 8141
"../../../Engine/Content/EngineMaterials/Substrate/Glints2/dict_0003_0141.uasset" 8142
"../../../Engine/Content/EngineMaterials/Substrate/Glints2/dict_0003_0137.uasset" 8143
"../../../Engine/Content/EngineMaterials/Substrate/Glints2/dict_0003_0140.uasset" 8144
"../../../Engine/Content/EngineMaterials/Substrate/Glints2/dict_0003_0139.uasset" 8145
"/Engine/EngineMaterials/Substrate/Glints2/dict_0003_0131" 8146
"/Engine/EngineMaterials/Substrate/Glints2/dict_0003_0130" 8147
"/Engine/EngineMaterials/Substrate/Glints2/dict_0003_0129" 8148
"/Engine/EngineMaterials/Substrate/Glints2/dict_0003_0128" 8149
"/Engine/EngineMaterials/Substrate/Glints2/dict_0003_0127" 8150
"/Engine/EngineMaterials/Substrate/Glints2/dict_0003_0126" 8151
"/Engine/EngineMaterials/Substrate/Glints2/dict_0003_0125" 8152
"/Engine/EngineMaterials/Substrate/Glints2/dict_0003_0124" 8153
"/Engine/EngineMaterials/Substrate/Glints2/dict_0003_0123" 8154
"/Engine/EngineMaterials/Substrate/Glints2/dict_0003_0122" 8155
"/Engine/EngineMaterials/Substrate/Glints2/dict_0003_0121" 8156
"/Engine/EngineMaterials/Substrate/Glints2/dict_0003_0120" 8157
"/Engine/EngineMaterials/Substrate/Glints2/dict_0003_0119" 8158
"/Engine/EngineMaterials/Substrate/Glints2/dict_0003_0118" 8159
"/Engine/EngineMaterials/Substrate/Glints2/dict_0003_0117" 8160
"/Engine/EngineMaterials/Substrate/Glints2/dict_0003_0116" 8161
"/Engine/EngineMaterials/Substrate/Glints2/dict_0003_0115" 8162
"/Engine/EngineMaterials/Substrate/Glints2/dict_0003_0114" 8163
"/Engine/EngineMaterials/Substrate/Glints2/dict_0003_0113" 8164
"/Engine/EngineMaterials/Substrate/Glints2/dict_0003_0112" 8165
"/Engine/EngineMaterials/Substrate/Glints2/dict_0003_0111" 8166
"/Engine/EngineMaterials/Substrate/Glints2/dict_0003_0110" 8167
"/Engine/EngineMaterials/Substrate/Glints2/dict_0003_0141" 8168
"../../../Engine/Content/EngineMaterials/Substrate/Glints2/dict_0003_0142.uasset" 8169
"../../../Engine/Content/EngineMaterials/Substrate/Glints2/dict_0003_0145.uasset" 8170
"../../../Engine/Content/EngineMaterials/Substrate/Glints2/dict_0003_0143.uasset" 8171
"../../../Engine/Content/EngineMaterials/Substrate/Glints2/dict_0003_0144.uasset" 8172
"../../../Engine/Content/EngineMaterials/Substrate/Glints2/dict_0003_0150.uasset" 8173
"../../../Engine/Content/EngineMaterials/Substrate/Glints2/dict_0003_0152.uasset" 8174
"../../../Engine/Content/EngineMaterials/Substrate/Glints2/dict_0003_0153.uasset" 8175
"../../../Engine/Content/EngineMaterials/Substrate/Glints2/dict_0003_0155.uasset" 8176
"../../../Engine/Content/EngineMaterials/Substrate/Glints2/dict_0003_0147.uasset" 8177
"../../../Engine/Content/EngineMaterials/Substrate/Glints2/dict_0003_0154.uasset" 8178
"../../../Engine/Content/EngineMaterials/Substrate/Glints2/dict_0003_0151.uasset" 8179
"../../../Engine/Content/EngineMaterials/Substrate/Glints2/dict_0003_0148.uasset" 8180
"../../../Engine/Content/EngineMaterials/Substrate/Glints2/dict_0003_0149.uasset" 8181
"../../../Engine/Content/EngineMaterials/Substrate/Glints2/dict_0003_0146.uasset" 8182
"/Engine/EngineMaterials/Substrate/Glints2/dict_0003_0140" 8183
"../../../Engine/Content/EngineMaterials/Substrate/Glints2/dict_0003_0156.uasset" 8184
"../../../Engine/Content/EngineMaterials/Substrate/Glints2/dict_0003_0157.uasset" 8185
"../../../Engine/Content/EngineMaterials/Substrate/Glints2/dict_0003_0158.uasset" 8186
"../../../Engine/Content/EngineMaterials/Substrate/Glints2/dict_0003_0160.uasset" 8187
"../../../Engine/Content/EngineMaterials/Substrate/Glints2/dict_0003_0159.uasset" 8188
"../../../Engine/Content/EngineMaterials/Substrate/Glints2/dict_0003_0161.uasset" 8189
"../../../Engine/Content/EngineMaterials/Substrate/Glints2/dict_0003_0163.uasset" 8190
"../../../Engine/Content/EngineMaterials/Substrate/Glints2/dict_0003_0162.uasset" 8191
"../../../Engine/Content/EngineMaterials/Substrate/Glints2/dict_0003_0164.uasset" 8192
"/Engine/EngineMaterials/Substrate/Glints2/dict_0003_0139" 8193
"/Engine/EngineMaterials/Substrate/Glints2/dict_0003_0138" 8194
"/Engine/EngineMaterials/Substrate/Glints2/dict_0003_0137" 8195
"/Engine/EngineMaterials/Substrate/Glints2/dict_0003_0136" 8196
"/Engine/EngineMaterials/Substrate/Glints2/dict_0003_0135" 8197
"/Engine/EngineMaterials/Substrate/Glints2/dict_0003_0134" 8198
"/Engine/EngineMaterials/Substrate/Glints2/dict_0003_0133" 8199
"/Engine/EngineMaterials/Substrate/Glints2/dict_0003_0164" 8200
"../../../Engine/Content/EngineMaterials/Substrate/Glints2/dict_0003_0166.uasset" 8201
"../../../Engine/Content/EngineMaterials/Substrate/Glints2/dict_0003_0165.uasset" 8202
"../../../Engine/Content/EngineMaterials/Substrate/Glints2/dict_0003_0167.uasset" 8203
"../../../Engine/Content/EngineMaterials/Substrate/Glints2/dict_0003_0170.uasset" 8204
"../../../Engine/Content/EngineMaterials/Substrate/Glints2/dict_0003_0173.uasset" 8205
"../../../Engine/Content/EngineMaterials/Substrate/Glints2/dict_0003_0168.uasset" 8206
"../../../Engine/Content/EngineMaterials/Substrate/Glints2/dict_0003_0169.uasset" 8207
"/Engine/EngineMaterials/Substrate/Glints2/dict_0003_0163" 8208
"../../../Engine/Content/EngineMaterials/Substrate/Glints2/dict_0003_0171.uasset" 8209
"../../../Engine/Content/EngineMaterials/Substrate/Glints2/dict_0003_0172.uasset" 8210
"/Engine/EngineMaterials/Substrate/Glints2/dict_0003_0162" 8211
"/Engine/EngineMaterials/Substrate/Glints2/dict_0003_0161" 8212
"/Engine/EngineMaterials/Substrate/Glints2/dict_0003_0160" 8213
"/Engine/EngineMaterials/Substrate/Glints2/dict_0003_0159" 8214
"/Engine/EngineMaterials/Substrate/Glints2/dict_0003_0158" 8215
"/Engine/EngineMaterials/Substrate/Glints2/dict_0003_0157" 8216
"/Engine/EngineMaterials/Substrate/Glints2/dict_0003_0156" 8217
"/Engine/EngineMaterials/Substrate/Glints2/dict_0003_0155" 8218
"/Engine/EngineMaterials/Substrate/Glints2/dict_0003_0154" 8219
"/Engine/EngineMaterials/Substrate/Glints2/dict_0003_0153" 8220
"/Engine/EngineMaterials/Substrate/Glints2/dict_0003_0152" 8221
"/Engine/EngineMaterials/Substrate/Glints2/dict_0003_0151" 8222
"/Engine/EngineMaterials/Substrate/Glints2/dict_0003_0150" 8223
"/Engine/EngineMaterials/Substrate/Glints2/dict_0003_0149" 8224
"/Engine/EngineMaterials/Substrate/Glints2/dict_0003_0148" 8225
"/Engine/EngineMaterials/Substrate/Glints2/dict_0003_0147" 8226
"/Engine/EngineMaterials/Substrate/Glints2/dict_0003_0146" 8227
"/Engine/EngineMaterials/Substrate/Glints2/dict_0003_0145" 8228
"/Engine/EngineMaterials/Substrate/Glints2/dict_0003_0144" 8229
"/Engine/EngineMaterials/Substrate/Glints2/dict_0003_0143" 8230
"/Engine/EngineMaterials/Substrate/Glints2/dict_0003_0142" 8231
"/Engine/EngineMaterials/Substrate/Glints2/dict_0003_0173" 8232
"../../../Engine/Content/EngineMaterials/Substrate/Glints2/dict_0003_0174.uasset" 8233
"../../../Engine/Content/EngineMaterials/Substrate/Glints2/dict_0003_0176.uasset" 8234
"../../../Engine/Content/EngineMaterials/Substrate/Glints2/dict_0003_0177.uasset" 8235
"../../../Engine/Content/EngineMaterials/Substrate/Glints2/dict_0003_0175.uasset" 8236
"../../../Engine/Content/EngineMaterials/Substrate/Glints2/dict_0003_0178.uasset" 8237
"../../../Engine/Content/EngineMaterials/Substrate/Glints2/dict_0003_0184.uasset" 8238
"../../../Engine/Content/EngineMaterials/Substrate/Glints2/dict_0003_0180.uasset" 8239
"../../../Engine/Content/EngineMaterials/Substrate/Glints2/dict_0003_0187.uasset" 8240
"/Engine/EngineMaterials/Substrate/Glints2/dict_0003_0172" 8241
"../../../Engine/Content/EngineMaterials/Substrate/Glints2/dict_0003_0185.uasset" 8242
"../../../Engine/Content/EngineMaterials/Substrate/Glints2/dict_0003_0179.uasset" 8243
"../../../Engine/Content/EngineMaterials/Substrate/Glints2/dict_0003_0186.uasset" 8244
"../../../Engine/Content/EngineMaterials/Substrate/Glints2/dict_0003_0183.uasset" 8245
"../../../Engine/Content/EngineMaterials/Substrate/Glints2/dict_0003_0181.uasset" 8246
"../../../Engine/Content/EngineMaterials/Substrate/Glints2/dict_0003_0182.uasset" 8247
"../../../Engine/Content/EngineMaterials/Substrate/Glints2/dict_0003_0189.uasset" 8248
"../../../Engine/Content/EngineMaterials/Substrate/Glints2/dict_0003_0195.uasset" 8249
"../../../Engine/Content/EngineMaterials/Substrate/Glints2/dict_0003_0191.uasset" 8250
"../../../Engine/Content/EngineMaterials/Substrate/Glints2/dict_0003_0194.uasset" 8251
"../../../Engine/Content/EngineMaterials/Substrate/Glints2/dict_0003_0193.uasset" 8252
"/Engine/EngineMaterials/Substrate/Glints2/dict_0003_0171" 8253
"../../../Engine/Content/EngineMaterials/Substrate/Glints2/dict_0003_0192.uasset" 8254
"../../../Engine/Content/EngineMaterials/Substrate/Glints2/dict_0003_0188.uasset" 8255
"../../../Engine/Content/EngineMaterials/Substrate/Glints2/dict_0003_0190.uasset" 8256
"../../../Engine/Content/EngineMaterials/Substrate/Glints2/dict_0003_0196.uasset" 8257
"/Engine/EngineMaterials/Substrate/Glints2/dict_0003_0170" 8258
"/Engine/EngineMaterials/Substrate/Glints2/dict_0003_0169" 8259
"/Engine/EngineMaterials/Substrate/Glints2/dict_0003_0168" 8260
"/Engine/EngineMaterials/Substrate/Glints2/dict_0003_0167" 8261
"/Engine/EngineMaterials/Substrate/Glints2/dict_0003_0166" 8262
"/Engine/EngineMaterials/Substrate/Glints2/dict_0003_0165" 8263
"/Engine/EngineMaterials/Substrate/Glints2/dict_0003_0196" 8264
"../../../Engine/Content/EngineMaterials/Substrate/Glints2/dict_0003_0197.uasset" 8265
"../../../Engine/Content/EngineMaterials/Substrate/Glints2/dict_0003_0198.uasset" 8266
"../../../Engine/Content/EngineMaterials/Substrate/Glints2/dict_0003_0199.uasset" 8267
"../../../Engine/Content/EngineMaterials/Substrate/Glints2/dict_0003_0200.uasset" 8268
"../../../Engine/Content/EngineMaterials/Substrate/Glints2/dict_0003_0205.uasset" 8269
"../../../Engine/Content/EngineMaterials/Substrate/Glints2/dict_0003_0201.uasset" 8270
"../../../Engine/Content/EngineMaterials/Substrate/Glints2/dict_0003_0204.uasset" 8271
"../../../Engine/Content/EngineMaterials/Substrate/Glints2/dict_0003_0203.uasset" 8272
"../../../Engine/Content/EngineMaterials/Substrate/Glints2/dict_0003_0202.uasset" 8273
"/Engine/EngineMaterials/Substrate/Glints2/dict_0003_0195" 8274
"/Engine/EngineMaterials/Substrate/Glints2/dict_0003_0194" 8275
"/Engine/EngineMaterials/Substrate/Glints2/dict_0003_0193" 8276
"/Engine/EngineMaterials/Substrate/Glints2/dict_0003_0192" 8277
"/Engine/EngineMaterials/Substrate/Glints2/dict_0003_0191" 8278
"/Engine/EngineMaterials/Substrate/Glints2/dict_0003_0190" 8279
"/Engine/EngineMaterials/Substrate/Glints2/dict_0003_0189" 8280
"/Engine/EngineMaterials/Substrate/Glints2/dict_0003_0188" 8281
"/Engine/EngineMaterials/Substrate/Glints2/dict_0003_0187" 8282
"/Engine/EngineMaterials/Substrate/Glints2/dict_0003_0186" 8283
"/Engine/EngineMaterials/Substrate/Glints2/dict_0003_0185" 8284
"/Engine/EngineMaterials/Substrate/Glints2/dict_0003_0184" 8285
"/Engine/EngineMaterials/Substrate/Glints2/dict_0003_0183" 8286
"/Engine/EngineMaterials/Substrate/Glints2/dict_0003_0182" 8287
"/Engine/EngineMaterials/Substrate/Glints2/dict_0003_0181" 8288
"/Engine/EngineMaterials/Substrate/Glints2/dict_0003_0180" 8289
"/Engine/EngineMaterials/Substrate/Glints2/dict_0003_0179" 8290
"/Engine/EngineMaterials/Substrate/Glints2/dict_0003_0178" 8291
"/Engine/EngineMaterials/Substrate/Glints2/dict_0003_0177" 8292
"/Engine/EngineMaterials/Substrate/Glints2/dict_0003_0176" 8293
"/Engine/EngineMaterials/Substrate/Glints2/dict_0003_0175" 8294
"/Engine/EngineMaterials/Substrate/Glints2/dict_0003_0174" 8295
"/Engine/EngineMaterials/Substrate/Glints2/dict_0003_0205" 8296
"../../../Engine/Content/EngineMaterials/Substrate/Glints2/dict_0003_0206.uasset" 8297
"../../../Engine/Content/EngineMaterials/Substrate/Glints2/dict_0003_0207.uasset" 8298
"../../../Engine/Content/EngineMaterials/Substrate/Glints2/dict_0003_0208.uasset" 8299
"../../../Engine/Content/EngineMaterials/Substrate/Glints2/dict_0003_0210.uasset" 8300
"../../../Engine/Content/EngineMaterials/Substrate/Glints2/dict_0003_0211.uasset" 8301
"../../../Engine/Content/EngineMaterials/Substrate/Glints2/dict_0003_0212.uasset" 8302
"../../../Engine/Content/EngineMaterials/Substrate/Glints2/dict_0003_0215.uasset" 8303
"../../../Engine/Content/EngineMaterials/Substrate/Glints2/dict_0003_0218.uasset" 8304
"../../../Engine/Content/EngineMaterials/Substrate/Glints2/dict_0003_0213.uasset" 8305
"../../../Engine/Content/EngineMaterials/Substrate/Glints2/dict_0003_0216.uasset" 8306
"../../../Engine/Content/EngineMaterials/Substrate/Glints2/dict_0003_0217.uasset" 8307
"../../../Engine/Content/EngineMaterials/Substrate/Glints2/dict_0003_0219.uasset" 8308
"../../../Engine/Content/EngineMaterials/Substrate/Glints2/dict_0003_0214.uasset" 8309
"/Engine/EngineMaterials/Substrate/Glints2/dict_0003_0204" 8310
"../../../Engine/Content/EngineMaterials/Substrate/Glints2/dict_0003_0209.uasset" 8311
"../../../Engine/Content/EngineMaterials/Substrate/Glints2/dict_0003_0220.uasset" 8312
"../../../Engine/Content/EngineMaterials/Substrate/Glints2/dict_0003_0221.uasset" 8313
"../../../Engine/Content/EngineMaterials/Substrate/Glints2/dict_0003_0222.uasset" 8314
"../../../Engine/Content/EngineMaterials/Substrate/Glints2/dict_0003_0224.uasset" 8315
"../../../Engine/Content/EngineMaterials/Substrate/Glints2/dict_0003_0225.uasset" 8316
"../../../Engine/Content/EngineMaterials/Substrate/Glints2/dict_0003_0223.uasset" 8317
"../../../Engine/Content/EngineMaterials/Substrate/Glints2/dict_0003_0226.uasset" 8318
"../../../Engine/Content/EngineMaterials/Substrate/Glints2/dict_0003_0227.uasset" 8319
"../../../Engine/Content/EngineMaterials/Substrate/Glints2/dict_0003_0228.uasset" 8320
"/Engine/EngineMaterials/Substrate/Glints2/dict_0003_0203" 8321
"/Engine/EngineMaterials/Substrate/Glints2/dict_0003_0202" 8322
"/Engine/EngineMaterials/Substrate/Glints2/dict_0003_0201" 8323
"/Engine/EngineMaterials/Substrate/Glints2/dict_0003_0200" 8324
"/Engine/EngineMaterials/Substrate/Glints2/dict_0003_0199" 8325
"/Engine/EngineMaterials/Substrate/Glints2/dict_0003_0198" 8326
"/Engine/EngineMaterials/Substrate/Glints2/dict_0003_0197" 8327
"/Engine/EngineMaterials/Substrate/Glints2/dict_0003_0228" 8328
"../../../Engine/Content/EngineMaterials/Substrate/Glints2/dict_0003_0229.uasset" 8329
"../../../Engine/Content/EngineMaterials/Substrate/Glints2/dict_0003_0230.uasset" 8330
"../../../Engine/Content/EngineMaterials/Substrate/Glints2/dict_0003_0233.uasset" 8331
"../../../Engine/Content/EngineMaterials/Substrate/Glints2/dict_0003_0231.uasset" 8332
"../../../Engine/Content/EngineMaterials/Substrate/Glints2/dict_0003_0234.uasset" 8333
"../../../Engine/Content/EngineMaterials/Substrate/Glints2/dict_0003_0232.uasset" 8334
"../../../Engine/Content/EngineMaterials/Substrate/Glints2/dict_0003_0237.uasset" 8335
"../../../Engine/Content/EngineMaterials/Substrate/Glints2/dict_0003_0235.uasset" 8336
"../../../Engine/Content/EngineMaterials/Substrate/Glints2/dict_0003_0236.uasset" 8337
"/Engine/EngineMaterials/Substrate/Glints2/dict_0003_0227" 8338
"/Engine/EngineMaterials/Substrate/Glints2/dict_0003_0226" 8339
"/Engine/EngineMaterials/Substrate/Glints2/dict_0003_0225" 8340
"/Engine/EngineMaterials/Substrate/Glints2/dict_0003_0224" 8341
"/Engine/EngineMaterials/Substrate/Glints2/dict_0003_0223" 8342
"/Engine/EngineMaterials/Substrate/Glints2/dict_0003_0222" 8343
"/Engine/EngineMaterials/Substrate/Glints2/dict_0003_0221" 8344
"/Engine/EngineMaterials/Substrate/Glints2/dict_0003_0220" 8345
"/Engine/EngineMaterials/Substrate/Glints2/dict_0003_0219" 8346
"/Engine/EngineMaterials/Substrate/Glints2/dict_0003_0218" 8347
"/Engine/EngineMaterials/Substrate/Glints2/dict_0003_0217" 8348
"/Engine/EngineMaterials/Substrate/Glints2/dict_0003_0216" 8349
"/Engine/EngineMaterials/Substrate/Glints2/dict_0003_0215" 8350
"/Engine/EngineMaterials/Substrate/Glints2/dict_0003_0214" 8351
"/Engine/EngineMaterials/Substrate/Glints2/dict_0003_0213" 8352
"/Engine/EngineMaterials/Substrate/Glints2/dict_0003_0212" 8353
"/Engine/EngineMaterials/Substrate/Glints2/dict_0003_0211" 8354
"/Engine/EngineMaterials/Substrate/Glints2/dict_0003_0210" 8355
"/Engine/EngineMaterials/Substrate/Glints2/dict_0003_0209" 8356
"/Engine/EngineMaterials/Substrate/Glints2/dict_0003_0208" 8357
"/Engine/EngineMaterials/Substrate/Glints2/dict_0003_0207" 8358
"/Engine/EngineMaterials/Substrate/Glints2/dict_0003_0206" 8359
"/Engine/EngineMaterials/Substrate/Glints2/dict_0003_0237" 8360
"../../../Engine/Content/EngineMaterials/Substrate/Glints2/dict_0003_0238.uasset" 8361
"../../../Engine/Content/EngineMaterials/Substrate/Glints2/dict_0003_0239.uasset" 8362
"../../../Engine/Content/EngineMaterials/Substrate/Glints2/dict_0003_0240.uasset" 8363
"../../../Engine/Content/EngineMaterials/Substrate/Glints2/dict_0003_0245.uasset" 8364
"../../../Engine/Content/EngineMaterials/Substrate/Glints2/dict_0003_0242.uasset" 8365
"../../../Engine/Content/EngineMaterials/Substrate/Glints2/dict_0003_0247.uasset" 8366
"/Engine/EngineMaterials/Substrate/Glints2/dict_0003_0236" 8367
"../../../Engine/Content/EngineMaterials/Substrate/Glints2/dict_0003_0241.uasset" 8368
"../../../Engine/Content/EngineMaterials/Substrate/Glints2/dict_0003_0244.uasset" 8369
"../../../Engine/Content/EngineMaterials/Substrate/Glints2/dict_0003_0251.uasset" 8370
"../../../Engine/Content/EngineMaterials/Substrate/Glints2/dict_0003_0250.uasset" 8371
"../../../Engine/Content/EngineMaterials/Substrate/Glints2/dict_0003_0252.uasset" 8372
"../../../Engine/Content/EngineMaterials/Substrate/Glints2/dict_0003_0243.uasset" 8373
"../../../Engine/Content/EngineMaterials/Substrate/Glints2/dict_0003_0248.uasset" 8374
"../../../Engine/Content/EngineMaterials/Substrate/Glints2/dict_0003_0253.uasset" 8375
"../../../Engine/Content/EngineMaterials/Substrate/Glints2/dict_0003_0249.uasset" 8376
"../../../Engine/Content/EngineMaterials/Substrate/Glints2/dict_0003_0246.uasset" 8377
"../../../Engine/Content/EngineMaterials/Substrate/Glints2/dict_0003_0254.uasset" 8378
"../../../Engine/Content/EngineMaterials/Substrate/Glints2/dict_0003_0255.uasset" 8379
"../../../Engine/Content/EngineMaterials/Substrate/Glints2/dict_0004_0000.uasset" 8380
"../../../Engine/Content/EngineMaterials/Substrate/Glints2/dict_0004_0001.uasset" 8381
"../../../Engine/Content/EngineMaterials/Substrate/Glints2/dict_0004_0002.uasset" 8382
"../../../Engine/Content/EngineMaterials/Substrate/Glints2/dict_0004_0004.uasset" 8383
"../../../Engine/Content/EngineMaterials/Substrate/Glints2/dict_0004_0003.uasset" 8384
"/Engine/EngineMaterials/Substrate/Glints2/dict_0003_0235" 8385
"/Engine/EngineMaterials/Substrate/Glints2/dict_0003_0234" 8386
"/Engine/EngineMaterials/Substrate/Glints2/dict_0003_0233" 8387
"/Engine/EngineMaterials/Substrate/Glints2/dict_0003_0232" 8388
"/Engine/EngineMaterials/Substrate/Glints2/dict_0003_0231" 8389
"/Engine/EngineMaterials/Substrate/Glints2/dict_0003_0230" 8390
"/Engine/EngineMaterials/Substrate/Glints2/dict_0003_0229" 8391
"/Engine/EngineMaterials/Substrate/Glints2/dict_0004_0004" 8392
"../../../Engine/Content/EngineMaterials/Substrate/Glints2/dict_0004_0008.uasset" 8393
"../../../Engine/Content/EngineMaterials/Substrate/Glints2/dict_0004_0005.uasset" 8394
"../../../Engine/Content/EngineMaterials/Substrate/Glints2/dict_0004_0006.uasset" 8395
"../../../Engine/Content/EngineMaterials/Substrate/Glints2/dict_0004_0007.uasset" 8396
"../../../Engine/Content/EngineMaterials/Substrate/Glints2/dict_0004_0010.uasset" 8397
"../../../Engine/Content/EngineMaterials/Substrate/Glints2/dict_0004_0009.uasset" 8398
"../../../Engine/Content/EngineMaterials/Substrate/Glints2/dict_0004_0013.uasset" 8399
"../../../Engine/Content/EngineMaterials/Substrate/Glints2/dict_0004_0011.uasset" 8400
"../../../Engine/Content/EngineMaterials/Substrate/Glints2/dict_0004_0012.uasset" 8401
"/Engine/EngineMaterials/Substrate/Glints2/dict_0004_0003" 8402
"/Engine/EngineMaterials/Substrate/Glints2/dict_0004_0002" 8403
"/Engine/EngineMaterials/Substrate/Glints2/dict_0004_0001" 8404
"/Engine/EngineMaterials/Substrate/Glints2/dict_0004_0000" 8405
"/Engine/EngineMaterials/Substrate/Glints2/dict_0003_0255" 8406
"/Engine/EngineMaterials/Substrate/Glints2/dict_0003_0254" 8407
"/Engine/EngineMaterials/Substrate/Glints2/dict_0003_0253" 8408
"/Engine/EngineMaterials/Substrate/Glints2/dict_0003_0252" 8409
"/Engine/EngineMaterials/Substrate/Glints2/dict_0003_0251" 8410
"/Engine/EngineMaterials/Substrate/Glints2/dict_0003_0250" 8411
"/Engine/EngineMaterials/Substrate/Glints2/dict_0003_0249" 8412
"/Engine/EngineMaterials/Substrate/Glints2/dict_0003_0248" 8413
"/Engine/EngineMaterials/Substrate/Glints2/dict_0003_0247" 8414
"/Engine/EngineMaterials/Substrate/Glints2/dict_0003_0246" 8415
"/Engine/EngineMaterials/Substrate/Glints2/dict_0003_0245" 8416
"/Engine/EngineMaterials/Substrate/Glints2/dict_0003_0244" 8417
"/Engine/EngineMaterials/Substrate/Glints2/dict_0003_0243" 8418
"/Engine/EngineMaterials/Substrate/Glints2/dict_0003_0242" 8419
"/Engine/EngineMaterials/Substrate/Glints2/dict_0003_0241" 8420
"/Engine/EngineMaterials/Substrate/Glints2/dict_0003_0240" 8421
"/Engine/EngineMaterials/Substrate/Glints2/dict_0003_0239" 8422
"/Engine/EngineMaterials/Substrate/Glints2/dict_0003_0238" 8423
"/Engine/EngineMaterials/Substrate/Glints2/dict_0004_0013" 8424
"../../../Engine/Content/EngineMaterials/Substrate/Glints2/dict_0004_0014.uasset" 8425
"../../../Engine/Content/EngineMaterials/Substrate/Glints2/dict_0004_0015.uasset" 8426
"/Engine/EngineMaterials/Substrate/Glints2/dict_0004_0012" 8427
"../../../Engine/Content/EngineMaterials/Substrate/Glints2/dict_0004_0018.uasset" 8428
"../../../Engine/Content/EngineMaterials/Substrate/Glints2/dict_0004_0019.uasset" 8429
"../../../Engine/Content/EngineMaterials/Substrate/Glints2/dict_0004_0017.uasset" 8430
"../../../Engine/Content/EngineMaterials/Substrate/Glints2/dict_0004_0023.uasset" 8431
"../../../Engine/Content/EngineMaterials/Substrate/Glints2/dict_0004_0022.uasset" 8432
"../../../Engine/Content/EngineMaterials/Substrate/Glints2/dict_0004_0025.uasset" 8433
"../../../Engine/Content/EngineMaterials/Substrate/Glints2/dict_0004_0028.uasset" 8434
"../../../Engine/Content/EngineMaterials/Substrate/Glints2/dict_0004_0026.uasset" 8435
"../../../Engine/Content/EngineMaterials/Substrate/Glints2/dict_0004_0024.uasset" 8436
"../../../Engine/Content/EngineMaterials/Substrate/Glints2/dict_0004_0020.uasset" 8437
"../../../Engine/Content/EngineMaterials/Substrate/Glints2/dict_0004_0021.uasset" 8438
"../../../Engine/Content/EngineMaterials/Substrate/Glints2/dict_0004_0016.uasset" 8439
"/Engine/EngineMaterials/Substrate/Glints2/dict_0004_0011" 8440
"../../../Engine/Content/EngineMaterials/Substrate/Glints2/dict_0004_0029.uasset" 8441
"../../../Engine/Content/EngineMaterials/Substrate/Glints2/dict_0004_0030.uasset" 8442
"../../../Engine/Content/EngineMaterials/Substrate/Glints2/dict_0004_0031.uasset" 8443
"../../../Engine/Content/EngineMaterials/Substrate/Glints2/dict_0004_0032.uasset" 8444
"../../../Engine/Content/EngineMaterials/Substrate/Glints2/dict_0004_0027.uasset" 8445
"../../../Engine/Content/EngineMaterials/Substrate/Glints2/dict_0004_0033.uasset" 8446
"../../../Engine/Content/EngineMaterials/Substrate/Glints2/dict_0004_0034.uasset" 8447
"../../../Engine/Content/EngineMaterials/Substrate/Glints2/dict_0004_0035.uasset" 8448
"../../../Engine/Content/EngineMaterials/Substrate/Glints2/dict_0004_0036.uasset" 8449
"/Engine/EngineMaterials/Substrate/Glints2/dict_0004_0010" 8450
"/Engine/EngineMaterials/Substrate/Glints2/dict_0004_0009" 8451
"/Engine/EngineMaterials/Substrate/Glints2/dict_0004_0008" 8452
"/Engine/EngineMaterials/Substrate/Glints2/dict_0004_0007" 8453
"/Engine/EngineMaterials/Substrate/Glints2/dict_0004_0006" 8454
"/Engine/EngineMaterials/Substrate/Glints2/dict_0004_0005" 8455
"/Engine/EngineMaterials/Substrate/Glints2/dict_0004_0036" 8456
"../../../Engine/Content/EngineMaterials/Substrate/Glints2/dict_0004_0037.uasset" 8457
"../../../Engine/Content/EngineMaterials/Substrate/Glints2/dict_0004_0040.uasset" 8458
"../../../Engine/Content/EngineMaterials/Substrate/Glints2/dict_0004_0038.uasset" 8459
"../../../Engine/Content/EngineMaterials/Substrate/Glints2/dict_0004_0039.uasset" 8460
"../../../Engine/Content/EngineMaterials/Substrate/Glints2/dict_0004_0041.uasset" 8461
"../../../Engine/Content/EngineMaterials/Substrate/Glints2/dict_0004_0042.uasset" 8462
"../../../Engine/Content/EngineMaterials/Substrate/Glints2/dict_0004_0044.uasset" 8463
"../../../Engine/Content/EngineMaterials/Substrate/Glints2/dict_0004_0045.uasset" 8464
"../../../Engine/Content/EngineMaterials/Substrate/Glints2/dict_0004_0043.uasset" 8465
"/Engine/EngineMaterials/Substrate/Glints2/dict_0004_0035" 8466
"/Engine/EngineMaterials/Substrate/Glints2/dict_0004_0034" 8467
"/Engine/EngineMaterials/Substrate/Glints2/dict_0004_0033" 8468
"/Engine/EngineMaterials/Substrate/Glints2/dict_0004_0032" 8469
"/Engine/EngineMaterials/Substrate/Glints2/dict_0004_0031" 8470
"/Engine/EngineMaterials/Substrate/Glints2/dict_0004_0030" 8471
"/Engine/EngineMaterials/Substrate/Glints2/dict_0004_0029" 8472
"/Engine/EngineMaterials/Substrate/Glints2/dict_0004_0028" 8473
"/Engine/EngineMaterials/Substrate/Glints2/dict_0004_0027" 8474
"/Engine/EngineMaterials/Substrate/Glints2/dict_0004_0026" 8475
"/Engine/EngineMaterials/Substrate/Glints2/dict_0004_0025" 8476
"/Engine/EngineMaterials/Substrate/Glints2/dict_0004_0024" 8477
"/Engine/EngineMaterials/Substrate/Glints2/dict_0004_0023" 8478
"/Engine/EngineMaterials/Substrate/Glints2/dict_0004_0022" 8479
"/Engine/EngineMaterials/Substrate/Glints2/dict_0004_0021" 8480
"/Engine/EngineMaterials/Substrate/Glints2/dict_0004_0020" 8481
"/Engine/EngineMaterials/Substrate/Glints2/dict_0004_0019" 8482
"/Engine/EngineMaterials/Substrate/Glints2/dict_0004_0018" 8483
"/Engine/EngineMaterials/Substrate/Glints2/dict_0004_0017" 8484
"/Engine/EngineMaterials/Substrate/Glints2/dict_0004_0016" 8485
"/Engine/EngineMaterials/Substrate/Glints2/dict_0004_0015" 8486
"/Engine/EngineMaterials/Substrate/Glints2/dict_0004_0014" 8487
"/Engine/EngineMaterials/Substrate/Glints2/dict_0004_0045" 8488
"../../../Engine/Content/EngineMaterials/Substrate/Glints2/dict_0004_0046.uasset" 8489
"../../../Engine/Content/EngineMaterials/Substrate/Glints2/dict_0004_0048.uasset" 8490
"../../../Engine/Content/EngineMaterials/Substrate/Glints2/dict_0004_0047.uasset" 8491
"../../../Engine/Content/EngineMaterials/Substrate/Glints2/dict_0004_0050.uasset" 8492
"/Engine/EngineMaterials/Substrate/Glints2/dict_0004_0044" 8493
"../../../Engine/Content/EngineMaterials/Substrate/Glints2/dict_0004_0052.uasset" 8494
"../../../Engine/Content/EngineMaterials/Substrate/Glints2/dict_0004_0049.uasset" 8495
"../../../Engine/Content/EngineMaterials/Substrate/Glints2/dict_0004_0059.uasset" 8496
"../../../Engine/Content/EngineMaterials/Substrate/Glints2/dict_0004_0056.uasset" 8497
"../../../Engine/Content/EngineMaterials/Substrate/Glints2/dict_0004_0055.uasset" 8498
"../../../Engine/Content/EngineMaterials/Substrate/Glints2/dict_0004_0053.uasset" 8499
"../../../Engine/Content/EngineMaterials/Substrate/Glints2/dict_0004_0058.uasset" 8500
"../../../Engine/Content/EngineMaterials/Substrate/Glints2/dict_0004_0051.uasset" 8501
"../../../Engine/Content/EngineMaterials/Substrate/Glints2/dict_0004_0057.uasset" 8502
"../../../Engine/Content/EngineMaterials/Substrate/Glints2/dict_0004_0061.uasset" 8503
"../../../Engine/Content/EngineMaterials/Substrate/Glints2/dict_0004_0054.uasset" 8504
"../../../Engine/Content/EngineMaterials/Substrate/Glints2/dict_0004_0060.uasset" 8505
"../../../Engine/Content/EngineMaterials/Substrate/Glints2/dict_0004_0062.uasset" 8506
"/Engine/EngineMaterials/Substrate/Glints2/dict_0004_0043" 8507
"../../../Engine/Content/EngineMaterials/Substrate/Glints2/dict_0004_0063.uasset" 8508
"../../../Engine/Content/EngineMaterials/Substrate/Glints2/dict_0004_0065.uasset" 8509
"../../../Engine/Content/EngineMaterials/Substrate/Glints2/dict_0004_0066.uasset" 8510
"../../../Engine/Content/EngineMaterials/Substrate/Glints2/dict_0004_0067.uasset" 8511
"../../../Engine/Content/EngineMaterials/Substrate/Glints2/dict_0004_0068.uasset" 8512
"../../../Engine/Content/EngineMaterials/Substrate/Glints2/dict_0004_0064.uasset" 8513
"/Engine/EngineMaterials/Substrate/Glints2/dict_0004_0042" 8514
"/Engine/EngineMaterials/Substrate/Glints2/dict_0004_0041" 8515
"/Engine/EngineMaterials/Substrate/Glints2/dict_0004_0040" 8516
"/Engine/EngineMaterials/Substrate/Glints2/dict_0004_0039" 8517
"/Engine/EngineMaterials/Substrate/Glints2/dict_0004_0038" 8518
"/Engine/EngineMaterials/Substrate/Glints2/dict_0004_0037" 8519
"/Engine/EngineMaterials/Substrate/Glints2/dict_0004_0068" 8520
"../../../Engine/Content/EngineMaterials/Substrate/Glints2/dict_0004_0069.uasset" 8521
"../../../Engine/Content/EngineMaterials/Substrate/Glints2/dict_0004_0070.uasset" 8522
"../../../Engine/Content/EngineMaterials/Substrate/Glints2/dict_0004_0072.uasset" 8523
"../../../Engine/Content/EngineMaterials/Substrate/Glints2/dict_0004_0071.uasset" 8524
"../../../Engine/Content/EngineMaterials/Substrate/Glints2/dict_0004_0074.uasset" 8525
"../../../Engine/Content/EngineMaterials/Substrate/Glints2/dict_0004_0077.uasset" 8526
"../../../Engine/Content/EngineMaterials/Substrate/Glints2/dict_0004_0073.uasset" 8527
"../../../Engine/Content/EngineMaterials/Substrate/Glints2/dict_0004_0075.uasset" 8528
"../../../Engine/Content/EngineMaterials/Substrate/Glints2/dict_0004_0076.uasset" 8529
"/Engine/EngineMaterials/Substrate/Glints2/dict_0004_0067" 8530
"/Engine/EngineMaterials/Substrate/Glints2/dict_0004_0066" 8531
"/Engine/EngineMaterials/Substrate/Glints2/dict_0004_0065" 8532
"/Engine/EngineMaterials/Substrate/Glints2/dict_0004_0064" 8533
"/Engine/EngineMaterials/Substrate/Glints2/dict_0004_0063" 8534
"/Engine/EngineMaterials/Substrate/Glints2/dict_0004_0062" 8535
"/Engine/EngineMaterials/Substrate/Glints2/dict_0004_0061" 8536
"/Engine/EngineMaterials/Substrate/Glints2/dict_0004_0060" 8537
"/Engine/EngineMaterials/Substrate/Glints2/dict_0004_0059" 8538
"/Engine/EngineMaterials/Substrate/Glints2/dict_0004_0058" 8539
"/Engine/EngineMaterials/Substrate/Glints2/dict_0004_0057" 8540
"/Engine/EngineMaterials/Substrate/Glints2/dict_0004_0056" 8541
"/Engine/EngineMaterials/Substrate/Glints2/dict_0004_0055" 8542
"/Engine/EngineMaterials/Substrate/Glints2/dict_0004_0054" 8543
"/Engine/EngineMaterials/Substrate/Glints2/dict_0004_0053" 8544
"/Engine/EngineMaterials/Substrate/Glints2/dict_0004_0052" 8545
"/Engine/EngineMaterials/Substrate/Glints2/dict_0004_0051" 8546
"/Engine/EngineMaterials/Substrate/Glints2/dict_0004_0050" 8547
"/Engine/EngineMaterials/Substrate/Glints2/dict_0004_0049" 8548
"/Engine/EngineMaterials/Substrate/Glints2/dict_0004_0048" 8549
"/Engine/EngineMaterials/Substrate/Glints2/dict_0004_0047" 8550
"/Engine/EngineMaterials/Substrate/Glints2/dict_0004_0046" 8551
"/Engine/EngineMaterials/Substrate/Glints2/dict_0004_0077" 8552
"../../../Engine/Content/EngineMaterials/Substrate/Glints2/dict_0004_0078.uasset" 8553
"../../../Engine/Content/EngineMaterials/Substrate/Glints2/dict_0004_0080.uasset" 8554
"../../../Engine/Content/EngineMaterials/Substrate/Glints2/dict_0004_0079.uasset" 8555
"../../../Engine/Content/EngineMaterials/Substrate/Glints2/dict_0004_0082.uasset" 8556
"../../../Engine/Content/EngineMaterials/Substrate/Glints2/dict_0004_0083.uasset" 8557
"../../../Engine/Content/EngineMaterials/Substrate/Glints2/dict_0004_0087.uasset" 8558
"../../../Engine/Content/EngineMaterials/Substrate/Glints2/dict_0004_0089.uasset" 8559
"../../../Engine/Content/EngineMaterials/Substrate/Glints2/dict_0004_0090.uasset" 8560
"../../../Engine/Content/EngineMaterials/Substrate/Glints2/dict_0004_0091.uasset" 8561
"/Engine/EngineMaterials/Substrate/Glints2/dict_0004_0076" 8562
"../../../Engine/Content/EngineMaterials/Substrate/Glints2/dict_0004_0085.uasset" 8563
"../../../Engine/Content/EngineMaterials/Substrate/Glints2/dict_0004_0088.uasset" 8564
"../../../Engine/Content/EngineMaterials/Substrate/Glints2/dict_0004_0084.uasset" 8565
"../../../Engine/Content/EngineMaterials/Substrate/Glints2/dict_0004_0086.uasset" 8566
"../../../Engine/Content/EngineMaterials/Substrate/Glints2/dict_0004_0081.uasset" 8567
"../../../Engine/Content/EngineMaterials/Substrate/Glints2/dict_0004_0092.uasset" 8568
"../../../Engine/Content/EngineMaterials/Substrate/Glints2/dict_0004_0093.uasset" 8569
"../../../Engine/Content/EngineMaterials/Substrate/Glints2/dict_0004_0095.uasset" 8570
"../../../Engine/Content/EngineMaterials/Substrate/Glints2/dict_0004_0096.uasset" 8571
"../../../Engine/Content/EngineMaterials/Substrate/Glints2/dict_0004_0094.uasset" 8572
"../../../Engine/Content/EngineMaterials/Substrate/Glints2/dict_0004_0097.uasset" 8573
"../../../Engine/Content/EngineMaterials/Substrate/Glints2/dict_0004_0098.uasset" 8574
"../../../Engine/Content/EngineMaterials/Substrate/Glints2/dict_0004_0099.uasset" 8575
"../../../Engine/Content/EngineMaterials/Substrate/Glints2/dict_0004_0100.uasset" 8576
"/Engine/EngineMaterials/Substrate/Glints2/dict_0004_0075" 8577
"/Engine/EngineMaterials/Substrate/Glints2/dict_0004_0074" 8578
"/Engine/EngineMaterials/Substrate/Glints2/dict_0004_0073" 8579
"/Engine/EngineMaterials/Substrate/Glints2/dict_0004_0072" 8580
"/Engine/EngineMaterials/Substrate/Glints2/dict_0004_0071" 8581
"/Engine/EngineMaterials/Substrate/Glints2/dict_0004_0070" 8582
"/Engine/EngineMaterials/Substrate/Glints2/dict_0004_0069" 8583
"/Engine/EngineMaterials/Substrate/Glints2/dict_0004_0100" 8584
"../../../Engine/Content/EngineMaterials/Substrate/Glints2/dict_0004_0101.uasset" 8585
"../../../Engine/Content/EngineMaterials/Substrate/Glints2/dict_0004_0102.uasset" 8586
"../../../Engine/Content/EngineMaterials/Substrate/Glints2/dict_0004_0103.uasset" 8587
"../../../Engine/Content/EngineMaterials/Substrate/Glints2/dict_0004_0104.uasset" 8588
"../../../Engine/Content/EngineMaterials/Substrate/Glints2/dict_0004_0105.uasset" 8589
"../../../Engine/Content/EngineMaterials/Substrate/Glints2/dict_0004_0108.uasset" 8590
"../../../Engine/Content/EngineMaterials/Substrate/Glints2/dict_0004_0106.uasset" 8591
"../../../Engine/Content/EngineMaterials/Substrate/Glints2/dict_0004_0109.uasset" 8592
"../../../Engine/Content/EngineMaterials/Substrate/Glints2/dict_0004_0107.uasset" 8593
"/Engine/EngineMaterials/Substrate/Glints2/dict_0004_0099" 8594
"/Engine/EngineMaterials/Substrate/Glints2/dict_0004_0098" 8595
"/Engine/EngineMaterials/Substrate/Glints2/dict_0004_0097" 8596
"/Engine/EngineMaterials/Substrate/Glints2/dict_0004_0096" 8597
"/Engine/EngineMaterials/Substrate/Glints2/dict_0004_0095" 8598
"/Engine/EngineMaterials/Substrate/Glints2/dict_0004_0094" 8599
"/Engine/EngineMaterials/Substrate/Glints2/dict_0004_0093" 8600
"/Engine/EngineMaterials/Substrate/Glints2/dict_0004_0092" 8601
"/Engine/EngineMaterials/Substrate/Glints2/dict_0004_0091" 8602
"/Engine/EngineMaterials/Substrate/Glints2/dict_0004_0090" 8603
"/Engine/EngineMaterials/Substrate/Glints2/dict_0004_0089" 8604
"/Engine/EngineMaterials/Substrate/Glints2/dict_0004_0088" 8605
"/Engine/EngineMaterials/Substrate/Glints2/dict_0004_0087" 8606
"/Engine/EngineMaterials/Substrate/Glints2/dict_0004_0086" 8607
"/Engine/EngineMaterials/Substrate/Glints2/dict_0004_0085" 8608
"/Engine/EngineMaterials/Substrate/Glints2/dict_0004_0084" 8609
"/Engine/EngineMaterials/Substrate/Glints2/dict_0004_0083" 8610
"/Engine/EngineMaterials/Substrate/Glints2/dict_0004_0082" 8611
"/Engine/EngineMaterials/Substrate/Glints2/dict_0004_0081" 8612
"/Engine/EngineMaterials/Substrate/Glints2/dict_0004_0080" 8613
"/Engine/EngineMaterials/Substrate/Glints2/dict_0004_0079" 8614
"/Engine/EngineMaterials/Substrate/Glints2/dict_0004_0078" 8615
"/Engine/EngineMaterials/Substrate/Glints2/dict_0004_0109" 8616
"../../../Engine/Content/EngineMaterials/Substrate/Glints2/dict_0004_0110.uasset" 8617
"../../../Engine/Content/EngineMaterials/Substrate/Glints2/dict_0004_0111.uasset" 8618
"../../../Engine/Content/EngineMaterials/Substrate/Glints2/dict_0004_0113.uasset" 8619
"../../../Engine/Content/EngineMaterials/Substrate/Glints2/dict_0004_0112.uasset" 8620
"../../../Engine/Content/EngineMaterials/Substrate/Glints2/dict_0004_0120.uasset" 8621
"../../../Engine/Content/EngineMaterials/Substrate/Glints2/dict_0004_0114.uasset" 8622
"/Engine/EngineMaterials/Substrate/Glints2/dict_0004_0108" 8623
"../../../Engine/Content/EngineMaterials/Substrate/Glints2/dict_0004_0118.uasset" 8624
"../../../Engine/Content/EngineMaterials/Substrate/Glints2/dict_0004_0121.uasset" 8625
"../../../Engine/Content/EngineMaterials/Substrate/Glints2/dict_0004_0119.uasset" 8626
"../../../Engine/Content/EngineMaterials/Substrate/Glints2/dict_0004_0116.uasset" 8627
"../../../Engine/Content/EngineMaterials/Substrate/Glints2/dict_0004_0117.uasset" 8628
"../../../Engine/Content/EngineMaterials/Substrate/Glints2/dict_0004_0122.uasset" 8629
"../../../Engine/Content/EngineMaterials/Substrate/Glints2/dict_0004_0123.uasset" 8630
"../../../Engine/Content/EngineMaterials/Substrate/Glints2/dict_0004_0115.uasset" 8631
"../../../Engine/Content/EngineMaterials/Substrate/Glints2/dict_0004_0125.uasset" 8632
"/Engine/EngineMaterials/Substrate/Glints2/dict_0004_0107" 8633
"../../../Engine/Content/EngineMaterials/Substrate/Glints2/dict_0004_0126.uasset" 8634
"../../../Engine/Content/EngineMaterials/Substrate/Glints2/dict_0004_0124.uasset" 8635
"../../../Engine/Content/EngineMaterials/Substrate/Glints2/dict_0004_0127.uasset" 8636
"../../../Engine/Content/EngineMaterials/Substrate/Glints2/dict_0004_0129.uasset" 8637
"../../../Engine/Content/EngineMaterials/Substrate/Glints2/dict_0004_0131.uasset" 8638
"../../../Engine/Content/EngineMaterials/Substrate/Glints2/dict_0004_0130.uasset" 8639
"../../../Engine/Content/EngineMaterials/Substrate/Glints2/dict_0004_0128.uasset" 8640
"../../../Engine/Content/EngineMaterials/Substrate/Glints2/dict_0004_0132.uasset" 8641
"/Engine/EngineMaterials/Substrate/Glints2/dict_0004_0106" 8642
"/Engine/EngineMaterials/Substrate/Glints2/dict_0004_0105" 8643
"/Engine/EngineMaterials/Substrate/Glints2/dict_0004_0104" 8644
"/Engine/EngineMaterials/Substrate/Glints2/dict_0004_0103" 8645
"/Engine/EngineMaterials/Substrate/Glints2/dict_0004_0102" 8646
"/Engine/EngineMaterials/Substrate/Glints2/dict_0004_0101" 8647
"/Engine/EngineMaterials/Substrate/Glints2/dict_0004_0132" 8648
"../../../Engine/Content/EngineMaterials/Substrate/Glints2/dict_0004_0134.uasset" 8649
"../../../Engine/Content/EngineMaterials/Substrate/Glints2/dict_0004_0133.uasset" 8650
"../../../Engine/Content/EngineMaterials/Substrate/Glints2/dict_0004_0135.uasset" 8651
"../../../Engine/Content/EngineMaterials/Substrate/Glints2/dict_0004_0137.uasset" 8652
"../../../Engine/Content/EngineMaterials/Substrate/Glints2/dict_0004_0141.uasset" 8653
"../../../Engine/Content/EngineMaterials/Substrate/Glints2/dict_0004_0136.uasset" 8654
"../../../Engine/Content/EngineMaterials/Substrate/Glints2/dict_0004_0139.uasset" 8655
"../../../Engine/Content/EngineMaterials/Substrate/Glints2/dict_0004_0138.uasset" 8656
"../../../Engine/Content/EngineMaterials/Substrate/Glints2/dict_0004_0140.uasset" 8657
"/Engine/EngineMaterials/Substrate/Glints2/dict_0004_0131" 8658
"/Engine/EngineMaterials/Substrate/Glints2/dict_0004_0130" 8659
"/Engine/EngineMaterials/Substrate/Glints2/dict_0004_0129" 8660
"/Engine/EngineMaterials/Substrate/Glints2/dict_0004_0128" 8661
"/Engine/EngineMaterials/Substrate/Glints2/dict_0004_0127" 8662
"/Engine/EngineMaterials/Substrate/Glints2/dict_0004_0126" 8663
"/Engine/EngineMaterials/Substrate/Glints2/dict_0004_0125" 8664
"/Engine/EngineMaterials/Substrate/Glints2/dict_0004_0124" 8665
"/Engine/EngineMaterials/Substrate/Glints2/dict_0004_0123" 8666
"/Engine/EngineMaterials/Substrate/Glints2/dict_0004_0122" 8667
"/Engine/EngineMaterials/Substrate/Glints2/dict_0004_0121" 8668
"/Engine/EngineMaterials/Substrate/Glints2/dict_0004_0120" 8669
"/Engine/EngineMaterials/Substrate/Glints2/dict_0004_0119" 8670
"/Engine/EngineMaterials/Substrate/Glints2/dict_0004_0118" 8671
"/Engine/EngineMaterials/Substrate/Glints2/dict_0004_0117" 8672
"/Engine/EngineMaterials/Substrate/Glints2/dict_0004_0116" 8673
"/Engine/EngineMaterials/Substrate/Glints2/dict_0004_0115" 8674
"/Engine/EngineMaterials/Substrate/Glints2/dict_0004_0114" 8675
"/Engine/EngineMaterials/Substrate/Glints2/dict_0004_0113" 8676
"/Engine/EngineMaterials/Substrate/Glints2/dict_0004_0112" 8677
"/Engine/EngineMaterials/Substrate/Glints2/dict_0004_0111" 8678
"/Engine/EngineMaterials/Substrate/Glints2/dict_0004_0110" 8679
"../../../Engine/Content/EngineMaterials/Substrate/Glints2/dict_0004_0142.uasset" 8680
"/Engine/EngineMaterials/Substrate/Glints2/dict_0004_0141" 8681
"../../../Engine/Content/EngineMaterials/Substrate/Glints2/dict_0004_0143.uasset" 8682
"../../../Engine/Content/EngineMaterials/Substrate/Glints2/dict_0004_0144.uasset" 8683
"../../../Engine/Content/EngineMaterials/Substrate/Glints2/dict_0004_0145.uasset" 8684
"../../../Engine/Content/EngineMaterials/Substrate/Glints2/dict_0004_0151.uasset" 8685
"../../../Engine/Content/EngineMaterials/Substrate/Glints2/dict_0004_0146.uasset" 8686
"../../../Engine/Content/EngineMaterials/Substrate/Glints2/dict_0004_0153.uasset" 8687
"../../../Engine/Content/EngineMaterials/Substrate/Glints2/dict_0004_0150.uasset" 8688
"../../../Engine/Content/EngineMaterials/Substrate/Glints2/dict_0004_0156.uasset" 8689
"/Engine/EngineMaterials/Substrate/Glints2/dict_0004_0140" 8690
"../../../Engine/Content/EngineMaterials/Substrate/Glints2/dict_0004_0158.uasset" 8691
"../../../Engine/Content/EngineMaterials/Substrate/Glints2/dict_0004_0149.uasset" 8692
"../../../Engine/Content/EngineMaterials/Substrate/Glints2/dict_0004_0155.uasset" 8693
"../../../Engine/Content/EngineMaterials/Substrate/Glints2/dict_0004_0147.uasset" 8694
"../../../Engine/Content/EngineMaterials/Substrate/Glints2/dict_0004_0152.uasset" 8695
"../../../Engine/Content/EngineMaterials/Substrate/Glints2/dict_0004_0148.uasset" 8696
"../../../Engine/Content/EngineMaterials/Substrate/Glints2/dict_0004_0157.uasset" 8697
"../../../Engine/Content/EngineMaterials/Substrate/Glints2/dict_0004_0154.uasset" 8698
"../../../Engine/Content/EngineMaterials/Substrate/Glints2/dict_0004_0160.uasset" 8699
"../../../Engine/Content/EngineMaterials/Substrate/Glints2/dict_0004_0159.uasset" 8700
"../../../Engine/Content/EngineMaterials/Substrate/Glints2/dict_0004_0161.uasset" 8701
"../../../Engine/Content/EngineMaterials/Substrate/Glints2/dict_0004_0162.uasset" 8702
"../../../Engine/Content/EngineMaterials/Substrate/Glints2/dict_0004_0163.uasset" 8703
"../../../Engine/Content/EngineMaterials/Substrate/Glints2/dict_0004_0164.uasset" 8704
"/Engine/EngineMaterials/Substrate/Glints2/dict_0004_0139" 8705
"/Engine/EngineMaterials/Substrate/Glints2/dict_0004_0138" 8706
"/Engine/EngineMaterials/Substrate/Glints2/dict_0004_0137" 8707
"/Engine/EngineMaterials/Substrate/Glints2/dict_0004_0136" 8708
"/Engine/EngineMaterials/Substrate/Glints2/dict_0004_0135" 8709
"/Engine/EngineMaterials/Substrate/Glints2/dict_0004_0134" 8710
"/Engine/EngineMaterials/Substrate/Glints2/dict_0004_0133" 8711
"/Engine/EngineMaterials/Substrate/Glints2/dict_0004_0164" 8712
"../../../Engine/Content/EngineMaterials/Substrate/Glints2/dict_0004_0165.uasset" 8713
"../../../Engine/Content/EngineMaterials/Substrate/Glints2/dict_0004_0166.uasset" 8714
"../../../Engine/Content/EngineMaterials/Substrate/Glints2/dict_0004_0167.uasset" 8715
"../../../Engine/Content/EngineMaterials/Substrate/Glints2/dict_0004_0169.uasset" 8716
"../../../Engine/Content/EngineMaterials/Substrate/Glints2/dict_0004_0170.uasset" 8717
"../../../Engine/Content/EngineMaterials/Substrate/Glints2/dict_0004_0171.uasset" 8718
"../../../Engine/Content/EngineMaterials/Substrate/Glints2/dict_0004_0168.uasset" 8719
"../../../Engine/Content/EngineMaterials/Substrate/Glints2/dict_0004_0173.uasset" 8720
"../../../Engine/Content/EngineMaterials/Substrate/Glints2/dict_0004_0172.uasset" 8721
"/Engine/EngineMaterials/Substrate/Glints2/dict_0004_0163" 8722
"/Engine/EngineMaterials/Substrate/Glints2/dict_0004_0162" 8723
"/Engine/EngineMaterials/Substrate/Glints2/dict_0004_0161" 8724
"/Engine/EngineMaterials/Substrate/Glints2/dict_0004_0160" 8725
"/Engine/EngineMaterials/Substrate/Glints2/dict_0004_0159" 8726
"/Engine/EngineMaterials/Substrate/Glints2/dict_0004_0158" 8727
"/Engine/EngineMaterials/Substrate/Glints2/dict_0004_0157" 8728
"/Engine/EngineMaterials/Substrate/Glints2/dict_0004_0156" 8729
"/Engine/EngineMaterials/Substrate/Glints2/dict_0004_0155" 8730
"/Engine/EngineMaterials/Substrate/Glints2/dict_0004_0154" 8731
"/Engine/EngineMaterials/Substrate/Glints2/dict_0004_0153" 8732
"/Engine/EngineMaterials/Substrate/Glints2/dict_0004_0152" 8733
"/Engine/EngineMaterials/Substrate/Glints2/dict_0004_0151" 8734
"/Engine/EngineMaterials/Substrate/Glints2/dict_0004_0150" 8735
"/Engine/EngineMaterials/Substrate/Glints2/dict_0004_0149" 8736
"/Engine/EngineMaterials/Substrate/Glints2/dict_0004_0148" 8737
"/Engine/EngineMaterials/Substrate/Glints2/dict_0004_0147" 8738
"/Engine/EngineMaterials/Substrate/Glints2/dict_0004_0146" 8739
"/Engine/EngineMaterials/Substrate/Glints2/dict_0004_0145" 8740
"/Engine/EngineMaterials/Substrate/Glints2/dict_0004_0144" 8741
"/Engine/EngineMaterials/Substrate/Glints2/dict_0004_0143" 8742
"/Engine/EngineMaterials/Substrate/Glints2/dict_0004_0142" 8743
"/Engine/EngineMaterials/Substrate/Glints2/dict_0004_0173" 8744
"../../../Engine/Content/EngineMaterials/Substrate/Glints2/dict_0004_0174.uasset" 8745
"../../../Engine/Content/EngineMaterials/Substrate/Glints2/dict_0004_0175.uasset" 8746
"../../../Engine/Content/EngineMaterials/Substrate/Glints2/dict_0004_0176.uasset" 8747
"../../../Engine/Content/EngineMaterials/Substrate/Glints2/dict_0004_0177.uasset" 8748
"../../../Engine/Content/EngineMaterials/Substrate/Glints2/dict_0004_0178.uasset" 8749
"../../../Engine/Content/EngineMaterials/Substrate/Glints2/dict_0004_0180.uasset" 8750
"../../../Engine/Content/EngineMaterials/Substrate/Glints2/dict_0004_0182.uasset" 8751
"../../../Engine/Content/EngineMaterials/Substrate/Glints2/dict_0004_0186.uasset" 8752
"../../../Engine/Content/EngineMaterials/Substrate/Glints2/dict_0004_0187.uasset" 8753
"../../../Engine/Content/EngineMaterials/Substrate/Glints2/dict_0004_0181.uasset" 8754
"../../../Engine/Content/EngineMaterials/Substrate/Glints2/dict_0004_0185.uasset" 8755
"../../../Engine/Content/EngineMaterials/Substrate/Glints2/dict_0004_0179.uasset" 8756
"../../../Engine/Content/EngineMaterials/Substrate/Glints2/dict_0004_0188.uasset" 8757
"../../../Engine/Content/EngineMaterials/Substrate/Glints2/dict_0004_0184.uasset" 8758
"/Engine/EngineMaterials/Substrate/Glints2/dict_0004_0172" 8759
"../../../Engine/Content/EngineMaterials/Substrate/Glints2/dict_0004_0183.uasset" 8760
"../../../Engine/Content/EngineMaterials/Substrate/Glints2/dict_0004_0189.uasset" 8761
"../../../Engine/Content/EngineMaterials/Substrate/Glints2/dict_0004_0190.uasset" 8762
"../../../Engine/Content/EngineMaterials/Substrate/Glints2/dict_0004_0192.uasset" 8763
"../../../Engine/Content/EngineMaterials/Substrate/Glints2/dict_0004_0191.uasset" 8764
"../../../Engine/Content/EngineMaterials/Substrate/Glints2/dict_0004_0193.uasset" 8765
"../../../Engine/Content/EngineMaterials/Substrate/Glints2/dict_0004_0195.uasset" 8766
"../../../Engine/Content/EngineMaterials/Substrate/Glints2/dict_0004_0194.uasset" 8767
"../../../Engine/Content/EngineMaterials/Substrate/Glints2/dict_0004_0196.uasset" 8768
"/Engine/EngineMaterials/Substrate/Glints2/dict_0004_0171" 8769
"/Engine/EngineMaterials/Substrate/Glints2/dict_0004_0170" 8770
"/Engine/EngineMaterials/Substrate/Glints2/dict_0004_0169" 8771
"/Engine/EngineMaterials/Substrate/Glints2/dict_0004_0168" 8772
"/Engine/EngineMaterials/Substrate/Glints2/dict_0004_0167" 8773
"/Engine/EngineMaterials/Substrate/Glints2/dict_0004_0166" 8774
"/Engine/EngineMaterials/Substrate/Glints2/dict_0004_0165" 8775
"/Engine/EngineMaterials/Substrate/Glints2/dict_0004_0196" 8776
"../../../Engine/Content/EngineMaterials/Substrate/Glints2/dict_0004_0197.uasset" 8777
"../../../Engine/Content/EngineMaterials/Substrate/Glints2/dict_0004_0199.uasset" 8778
"../../../Engine/Content/EngineMaterials/Substrate/Glints2/dict_0004_0198.uasset" 8779
"../../../Engine/Content/EngineMaterials/Substrate/Glints2/dict_0004_0205.uasset" 8780
"../../../Engine/Content/EngineMaterials/Substrate/Glints2/dict_0004_0203.uasset" 8781
"../../../Engine/Content/EngineMaterials/Substrate/Glints2/dict_0004_0201.uasset" 8782
"../../../Engine/Content/EngineMaterials/Substrate/Glints2/dict_0004_0200.uasset" 8783
"../../../Engine/Content/EngineMaterials/Substrate/Glints2/dict_0004_0202.uasset" 8784
"/Engine/EngineMaterials/Substrate/Glints2/dict_0004_0195" 8785
"../../../Engine/Content/EngineMaterials/Substrate/Glints2/dict_0004_0204.uasset" 8786
"/Engine/EngineMaterials/Substrate/Glints2/dict_0004_0194" 8787
"/Engine/EngineMaterials/Substrate/Glints2/dict_0004_0193" 8788
"/Engine/EngineMaterials/Substrate/Glints2/dict_0004_0192" 8789
"/Engine/EngineMaterials/Substrate/Glints2/dict_0004_0191" 8790
"/Engine/EngineMaterials/Substrate/Glints2/dict_0004_0190" 8791
"/Engine/EngineMaterials/Substrate/Glints2/dict_0004_0189" 8792
"/Engine/EngineMaterials/Substrate/Glints2/dict_0004_0188" 8793
"/Engine/EngineMaterials/Substrate/Glints2/dict_0004_0187" 8794
"/Engine/EngineMaterials/Substrate/Glints2/dict_0004_0186" 8795
"/Engine/EngineMaterials/Substrate/Glints2/dict_0004_0185" 8796
"/Engine/EngineMaterials/Substrate/Glints2/dict_0004_0184" 8797
"/Engine/EngineMaterials/Substrate/Glints2/dict_0004_0183" 8798
"/Engine/EngineMaterials/Substrate/Glints2/dict_0004_0182" 8799
"/Engine/EngineMaterials/Substrate/Glints2/dict_0004_0181" 8800
"/Engine/EngineMaterials/Substrate/Glints2/dict_0004_0180" 8801
"/Engine/EngineMaterials/Substrate/Glints2/dict_0004_0179" 8802
"/Engine/EngineMaterials/Substrate/Glints2/dict_0004_0178" 8803
"/Engine/EngineMaterials/Substrate/Glints2/dict_0004_0177" 8804
"/Engine/EngineMaterials/Substrate/Glints2/dict_0004_0176" 8805
"/Engine/EngineMaterials/Substrate/Glints2/dict_0004_0175" 8806
"/Engine/EngineMaterials/Substrate/Glints2/dict_0004_0174" 8807
"/Engine/EngineMaterials/Substrate/Glints2/dict_0004_0205" 8808
"../../../Engine/Content/EngineMaterials/Substrate/Glints2/dict_0004_0206.uasset" 8809
"../../../Engine/Content/EngineMaterials/Substrate/Glints2/dict_0004_0208.uasset" 8810
"../../../Engine/Content/EngineMaterials/Substrate/Glints2/dict_0004_0207.uasset" 8811
"../../../Engine/Content/EngineMaterials/Substrate/Glints2/dict_0004_0209.uasset" 8812
"../../../Engine/Content/EngineMaterials/Substrate/Glints2/dict_0004_0210.uasset" 8813
"../../../Engine/Content/EngineMaterials/Substrate/Glints2/dict_0004_0212.uasset" 8814
"../../../Engine/Content/EngineMaterials/Substrate/Glints2/dict_0004_0217.uasset" 8815
"../../../Engine/Content/EngineMaterials/Substrate/Glints2/dict_0004_0216.uasset" 8816
"../../../Engine/Content/EngineMaterials/Substrate/Glints2/dict_0004_0214.uasset" 8817
"../../../Engine/Content/EngineMaterials/Substrate/Glints2/dict_0004_0211.uasset" 8818
"/Engine/EngineMaterials/Substrate/Glints2/dict_0004_0204" 8819
"../../../Engine/Content/EngineMaterials/Substrate/Glints2/dict_0004_0213.uasset" 8820
"../../../Engine/Content/EngineMaterials/Substrate/Glints2/dict_0004_0219.uasset" 8821
"../../../Engine/Content/EngineMaterials/Substrate/Glints2/dict_0004_0215.uasset" 8822
"../../../Engine/Content/EngineMaterials/Substrate/Glints2/dict_0004_0218.uasset" 8823
"../../../Engine/Content/EngineMaterials/Substrate/Glints2/dict_0004_0220.uasset" 8824
"../../../Engine/Content/EngineMaterials/Substrate/Glints2/dict_0004_0221.uasset" 8825
"../../../Engine/Content/EngineMaterials/Substrate/Glints2/dict_0004_0222.uasset" 8826
"../../../Engine/Content/EngineMaterials/Substrate/Glints2/dict_0004_0224.uasset" 8827
"../../../Engine/Content/EngineMaterials/Substrate/Glints2/dict_0004_0225.uasset" 8828
"../../../Engine/Content/EngineMaterials/Substrate/Glints2/dict_0004_0228.uasset" 8829
"../../../Engine/Content/EngineMaterials/Substrate/Glints2/dict_0004_0227.uasset" 8830
"../../../Engine/Content/EngineMaterials/Substrate/Glints2/dict_0004_0226.uasset" 8831
"../../../Engine/Content/EngineMaterials/Substrate/Glints2/dict_0004_0223.uasset" 8832
"/Engine/EngineMaterials/Substrate/Glints2/dict_0004_0203" 8833
"/Engine/EngineMaterials/Substrate/Glints2/dict_0004_0202" 8834
"/Engine/EngineMaterials/Substrate/Glints2/dict_0004_0201" 8835
"/Engine/EngineMaterials/Substrate/Glints2/dict_0004_0200" 8836
"/Engine/EngineMaterials/Substrate/Glints2/dict_0004_0199" 8837
"/Engine/EngineMaterials/Substrate/Glints2/dict_0004_0198" 8838
"/Engine/EngineMaterials/Substrate/Glints2/dict_0004_0197" 8839
"/Engine/EngineMaterials/Substrate/Glints2/dict_0004_0228" 8840
"../../../Engine/Content/EngineMaterials/Substrate/Glints2/dict_0004_0229.uasset" 8841
"../../../Engine/Content/EngineMaterials/Substrate/Glints2/dict_0004_0230.uasset" 8842
"../../../Engine/Content/EngineMaterials/Substrate/Glints2/dict_0004_0234.uasset" 8843
"../../../Engine/Content/EngineMaterials/Substrate/Glints2/dict_0004_0237.uasset" 8844
"../../../Engine/Content/EngineMaterials/Substrate/Glints2/dict_0004_0236.uasset" 8845
"../../../Engine/Content/EngineMaterials/Substrate/Glints2/dict_0004_0231.uasset" 8846
"../../../Engine/Content/EngineMaterials/Substrate/Glints2/dict_0004_0233.uasset" 8847
"../../../Engine/Content/EngineMaterials/Substrate/Glints2/dict_0004_0235.uasset" 8848
"../../../Engine/Content/EngineMaterials/Substrate/Glints2/dict_0004_0232.uasset" 8849
"/Engine/EngineMaterials/Substrate/Glints2/dict_0004_0227" 8850
"/Engine/EngineMaterials/Substrate/Glints2/dict_0004_0226" 8851
"/Engine/EngineMaterials/Substrate/Glints2/dict_0004_0225" 8852
"/Engine/EngineMaterials/Substrate/Glints2/dict_0004_0224" 8853
"/Engine/EngineMaterials/Substrate/Glints2/dict_0004_0223" 8854
"/Engine/EngineMaterials/Substrate/Glints2/dict_0004_0222" 8855
"/Engine/EngineMaterials/Substrate/Glints2/dict_0004_0221" 8856
"/Engine/EngineMaterials/Substrate/Glints2/dict_0004_0220" 8857
"/Engine/EngineMaterials/Substrate/Glints2/dict_0004_0219" 8858
"/Engine/EngineMaterials/Substrate/Glints2/dict_0004_0218" 8859
"/Engine/EngineMaterials/Substrate/Glints2/dict_0004_0217" 8860
"/Engine/EngineMaterials/Substrate/Glints2/dict_0004_0216" 8861
"/Engine/EngineMaterials/Substrate/Glints2/dict_0004_0215" 8862
"/Engine/EngineMaterials/Substrate/Glints2/dict_0004_0214" 8863
"/Engine/EngineMaterials/Substrate/Glints2/dict_0004_0213" 8864
"/Engine/EngineMaterials/Substrate/Glints2/dict_0004_0212" 8865
"/Engine/EngineMaterials/Substrate/Glints2/dict_0004_0211" 8866
"/Engine/EngineMaterials/Substrate/Glints2/dict_0004_0210" 8867
"/Engine/EngineMaterials/Substrate/Glints2/dict_0004_0209" 8868
"/Engine/EngineMaterials/Substrate/Glints2/dict_0004_0208" 8869
"/Engine/EngineMaterials/Substrate/Glints2/dict_0004_0207" 8870
"/Engine/EngineMaterials/Substrate/Glints2/dict_0004_0206" 8871
"/Engine/EngineMaterials/Substrate/Glints2/dict_0004_0237" 8872
"../../../Engine/Content/EngineMaterials/Substrate/Glints2/dict_0004_0238.uasset" 8873
"../../../Engine/Content/EngineMaterials/Substrate/Glints2/dict_0004_0240.uasset" 8874
"../../../Engine/Content/EngineMaterials/Substrate/Glints2/dict_0004_0239.uasset" 8875
"../../../Engine/Content/EngineMaterials/Substrate/Glints2/dict_0004_0241.uasset" 8876
"../../../Engine/Content/EngineMaterials/Substrate/Glints2/dict_0004_0242.uasset" 8877
"/Engine/EngineMaterials/Substrate/Glints2/dict_0004_0236" 8878
"../../../Engine/Content/EngineMaterials/Substrate/Glints2/dict_0004_0243.uasset" 8879
"../../../Engine/Content/EngineMaterials/Substrate/Glints2/dict_0004_0246.uasset" 8880
"../../../Engine/Content/EngineMaterials/Substrate/Glints2/dict_0004_0250.uasset" 8881
"../../../Engine/Content/EngineMaterials/Substrate/Glints2/dict_0004_0245.uasset" 8882
"../../../Engine/Content/EngineMaterials/Substrate/Glints2/dict_0004_0249.uasset" 8883
"../../../Engine/Content/EngineMaterials/Substrate/Glints2/dict_0004_0251.uasset" 8884
"../../../Engine/Content/EngineMaterials/Substrate/Glints2/dict_0004_0248.uasset" 8885
"../../../Engine/Content/EngineMaterials/Substrate/Glints2/dict_0004_0244.uasset" 8886
"../../../Engine/Content/EngineMaterials/Substrate/Glints2/dict_0004_0247.uasset" 8887
"../../../Engine/Content/EngineMaterials/Substrate/Glints2/dict_0004_0252.uasset" 8888
"../../../Engine/Content/EngineMaterials/Substrate/Glints2/dict_0004_0253.uasset" 8889
"../../../Engine/Content/EngineMaterials/Substrate/Glints2/dict_0004_0254.uasset" 8890
"../../../Engine/Content/EngineMaterials/Substrate/Glints2/dict_0004_0255.uasset" 8891
"../../../Engine/Content/EngineMaterials/Substrate/Glints2/dict_0005_0002.uasset" 8892
"/Engine/EngineMaterials/Substrate/Glints2/dict_0004_0235" 8893
"../../../Engine/Content/EngineMaterials/Substrate/Glints2/dict_0005_0001.uasset" 8894
"../../../Engine/Content/EngineMaterials/Substrate/Glints2/dict_0005_0004.uasset" 8895
"../../../Engine/Content/EngineMaterials/Substrate/Glints2/dict_0005_0003.uasset" 8896
"../../../Engine/Content/EngineMaterials/Substrate/Glints2/dict_0005_0000.uasset" 8897
"/Engine/EngineMaterials/Substrate/Glints2/dict_0004_0234" 8898
"/Engine/EngineMaterials/Substrate/Glints2/dict_0004_0233" 8899
"/Engine/EngineMaterials/Substrate/Glints2/dict_0004_0232" 8900
"/Engine/EngineMaterials/Substrate/Glints2/dict_0004_0231" 8901
"/Engine/EngineMaterials/Substrate/Glints2/dict_0004_0230" 8902
"/Engine/EngineMaterials/Substrate/Glints2/dict_0004_0229" 8903
"/Engine/EngineMaterials/Substrate/Glints2/dict_0005_0004" 8904
"../../../Engine/Content/EngineMaterials/Substrate/Glints2/dict_0005_0005.uasset" 8905
"../../../Engine/Content/EngineMaterials/Substrate/Glints2/dict_0005_0006.uasset" 8906
"../../../Engine/Content/EngineMaterials/Substrate/Glints2/dict_0005_0007.uasset" 8907
"../../../Engine/Content/EngineMaterials/Substrate/Glints2/dict_0005_0010.uasset" 8908
"../../../Engine/Content/EngineMaterials/Substrate/Glints2/dict_0005_0008.uasset" 8909
"../../../Engine/Content/EngineMaterials/Substrate/Glints2/dict_0005_0012.uasset" 8910
"../../../Engine/Content/EngineMaterials/Substrate/Glints2/dict_0005_0009.uasset" 8911
"../../../Engine/Content/EngineMaterials/Substrate/Glints2/dict_0005_0011.uasset" 8912
"../../../Engine/Content/EngineMaterials/Substrate/Glints2/dict_0005_0013.uasset" 8913
"/Engine/EngineMaterials/Substrate/Glints2/dict_0005_0003" 8914
"/Engine/EngineMaterials/Substrate/Glints2/dict_0005_0002" 8915
"/Engine/EngineMaterials/Substrate/Glints2/dict_0005_0001" 8916
"/Engine/EngineMaterials/Substrate/Glints2/dict_0005_0000" 8917
"/Engine/EngineMaterials/Substrate/Glints2/dict_0004_0255" 8918
"/Engine/EngineMaterials/Substrate/Glints2/dict_0004_0254" 8919
"/Engine/EngineMaterials/Substrate/Glints2/dict_0004_0253" 8920
"/Engine/EngineMaterials/Substrate/Glints2/dict_0004_0252" 8921
"/Engine/EngineMaterials/Substrate/Glints2/dict_0004_0251" 8922
"/Engine/EngineMaterials/Substrate/Glints2/dict_0004_0250" 8923
"/Engine/EngineMaterials/Substrate/Glints2/dict_0004_0249" 8924
"/Engine/EngineMaterials/Substrate/Glints2/dict_0004_0248" 8925
"/Engine/EngineMaterials/Substrate/Glints2/dict_0004_0247" 8926
"/Engine/EngineMaterials/Substrate/Glints2/dict_0004_0246" 8927
"/Engine/EngineMaterials/Substrate/Glints2/dict_0004_0245" 8928
"/Engine/EngineMaterials/Substrate/Glints2/dict_0004_0244" 8929
"/Engine/EngineMaterials/Substrate/Glints2/dict_0004_0243" 8930
"/Engine/EngineMaterials/Substrate/Glints2/dict_0004_0242" 8931
"/Engine/EngineMaterials/Substrate/Glints2/dict_0004_0241" 8932
"/Engine/EngineMaterials/Substrate/Glints2/dict_0004_0240" 8933
"/Engine/EngineMaterials/Substrate/Glints2/dict_0004_0239" 8934
"/Engine/EngineMaterials/Substrate/Glints2/dict_0004_0238" 8935
"/Engine/EngineMaterials/Substrate/Glints2/dict_0005_0013" 8936
"../../../Engine/Content/EngineMaterials/Substrate/Glints2/dict_0005_0014.uasset" 8937
"../../../Engine/Content/EngineMaterials/Substrate/Glints2/dict_0005_0015.uasset" 8938
"../../../Engine/Content/EngineMaterials/Substrate/Glints2/dict_0005_0016.uasset" 8939
"../../../Engine/Content/EngineMaterials/Substrate/Glints2/dict_0005_0021.uasset" 8940
"../../../Engine/Content/EngineMaterials/Substrate/Glints2/dict_0005_0019.uasset" 8941
"/Engine/EngineMaterials/Substrate/Glints2/dict_0005_0012" 8942
"../../../Engine/Content/EngineMaterials/Substrate/Glints2/dict_0005_0018.uasset" 8943
"../../../Engine/Content/EngineMaterials/Substrate/Glints2/dict_0005_0027.uasset" 8944
"../../../Engine/Content/EngineMaterials/Substrate/Glints2/dict_0005_0023.uasset" 8945
"../../../Engine/Content/EngineMaterials/Substrate/Glints2/dict_0005_0024.uasset" 8946
"../../../Engine/Content/EngineMaterials/Substrate/Glints2/dict_0005_0025.uasset" 8947
"../../../Engine/Content/EngineMaterials/Substrate/Glints2/dict_0005_0020.uasset" 8948
"../../../Engine/Content/EngineMaterials/Substrate/Glints2/dict_0005_0026.uasset" 8949
"../../../Engine/Content/EngineMaterials/Substrate/Glints2/dict_0005_0022.uasset" 8950
"../../../Engine/Content/EngineMaterials/Substrate/Glints2/dict_0005_0028.uasset" 8951
"../../../Engine/Content/EngineMaterials/Substrate/Glints2/dict_0005_0017.uasset" 8952
"../../../Engine/Content/EngineMaterials/Substrate/Glints2/dict_0005_0030.uasset" 8953
"../../../Engine/Content/EngineMaterials/Substrate/Glints2/dict_0005_0029.uasset" 8954
"../../../Engine/Content/EngineMaterials/Substrate/Glints2/dict_0005_0032.uasset" 8955
"../../../Engine/Content/EngineMaterials/Substrate/Glints2/dict_0005_0031.uasset" 8956
"../../../Engine/Content/EngineMaterials/Substrate/Glints2/dict_0005_0033.uasset" 8957
"../../../Engine/Content/EngineMaterials/Substrate/Glints2/dict_0005_0034.uasset" 8958
"../../../Engine/Content/EngineMaterials/Substrate/Glints2/dict_0005_0036.uasset" 8959
"../../../Engine/Content/EngineMaterials/Substrate/Glints2/dict_0005_0035.uasset" 8960
"/Engine/EngineMaterials/Substrate/Glints2/dict_0005_0011" 8961
"/Engine/EngineMaterials/Substrate/Glints2/dict_0005_0010" 8962
"/Engine/EngineMaterials/Substrate/Glints2/dict_0005_0009" 8963
"/Engine/EngineMaterials/Substrate/Glints2/dict_0005_0008" 8964
"/Engine/EngineMaterials/Substrate/Glints2/dict_0005_0007" 8965
"/Engine/EngineMaterials/Substrate/Glints2/dict_0005_0006" 8966
"/Engine/EngineMaterials/Substrate/Glints2/dict_0005_0005" 8967
"/Engine/EngineMaterials/Substrate/Glints2/dict_0005_0036" 8968
"../../../Engine/Content/EngineMaterials/Substrate/Glints2/dict_0005_0038.uasset" 8969
"../../../Engine/Content/EngineMaterials/Substrate/Glints2/dict_0005_0037.uasset" 8970
"../../../Engine/Content/EngineMaterials/Substrate/Glints2/dict_0005_0041.uasset" 8971
"../../../Engine/Content/EngineMaterials/Substrate/Glints2/dict_0005_0039.uasset" 8972
"../../../Engine/Content/EngineMaterials/Substrate/Glints2/dict_0005_0043.uasset" 8973
"../../../Engine/Content/EngineMaterials/Substrate/Glints2/dict_0005_0040.uasset" 8974
"../../../Engine/Content/EngineMaterials/Substrate/Glints2/dict_0005_0045.uasset" 8975
"../../../Engine/Content/EngineMaterials/Substrate/Glints2/dict_0005_0044.uasset" 8976
"../../../Engine/Content/EngineMaterials/Substrate/Glints2/dict_0005_0042.uasset" 8977
"/Engine/EngineMaterials/Substrate/Glints2/dict_0005_0035" 8978
"/Engine/EngineMaterials/Substrate/Glints2/dict_0005_0034" 8979
"/Engine/EngineMaterials/Substrate/Glints2/dict_0005_0033" 8980
"/Engine/EngineMaterials/Substrate/Glints2/dict_0005_0032" 8981
"/Engine/EngineMaterials/Substrate/Glints2/dict_0005_0031" 8982
"/Engine/EngineMaterials/Substrate/Glints2/dict_0005_0030" 8983
"/Engine/EngineMaterials/Substrate/Glints2/dict_0005_0029" 8984
"/Engine/EngineMaterials/Substrate/Glints2/dict_0005_0028" 8985
"/Engine/EngineMaterials/Substrate/Glints2/dict_0005_0027" 8986
"/Engine/EngineMaterials/Substrate/Glints2/dict_0005_0026" 8987
"/Engine/EngineMaterials/Substrate/Glints2/dict_0005_0025" 8988
"/Engine/EngineMaterials/Substrate/Glints2/dict_0005_0024" 8989
"/Engine/EngineMaterials/Substrate/Glints2/dict_0005_0023" 8990
"/Engine/EngineMaterials/Substrate/Glints2/dict_0005_0022" 8991
"/Engine/EngineMaterials/Substrate/Glints2/dict_0005_0021" 8992
"/Engine/EngineMaterials/Substrate/Glints2/dict_0005_0020" 8993
"/Engine/EngineMaterials/Substrate/Glints2/dict_0005_0019" 8994
"/Engine/EngineMaterials/Substrate/Glints2/dict_0005_0018" 8995
"/Engine/EngineMaterials/Substrate/Glints2/dict_0005_0017" 8996
"/Engine/EngineMaterials/Substrate/Glints2/dict_0005_0016" 8997
"/Engine/EngineMaterials/Substrate/Glints2/dict_0005_0015" 8998
"/Engine/EngineMaterials/Substrate/Glints2/dict_0005_0014" 8999
"/Engine/EngineMaterials/Substrate/Glints2/dict_0005_0045" 9000
"../../../Engine/Content/EngineMaterials/Substrate/Glints2/dict_0005_0046.uasset" 9001
"../../../Engine/Content/EngineMaterials/Substrate/Glints2/dict_0005_0047.uasset" 9002
"../../../Engine/Content/EngineMaterials/Substrate/Glints2/dict_0005_0048.uasset" 9003
"/Engine/EngineMaterials/Substrate/Glints2/dict_0005_0044" 9004
"../../../Engine/Content/EngineMaterials/Substrate/Glints2/dict_0005_0049.uasset" 9005
"../../../Engine/Content/EngineMaterials/Substrate/Glints2/dict_0005_0053.uasset" 9006
"../../../Engine/Content/EngineMaterials/Substrate/Glints2/dict_0005_0052.uasset" 9007
"../../../Engine/Content/EngineMaterials/Substrate/Glints2/dict_0005_0059.uasset" 9008
"../../../Engine/Content/EngineMaterials/Substrate/Glints2/dict_0005_0056.uasset" 9009
"../../../Engine/Content/EngineMaterials/Substrate/Glints2/dict_0005_0051.uasset" 9010
"../../../Engine/Content/EngineMaterials/Substrate/Glints2/dict_0005_0050.uasset" 9011
"../../../Engine/Content/EngineMaterials/Substrate/Glints2/dict_0005_0055.uasset" 9012
"../../../Engine/Content/EngineMaterials/Substrate/Glints2/dict_0005_0061.uasset" 9013
"../../../Engine/Content/EngineMaterials/Substrate/Glints2/dict_0005_0057.uasset" 9014
"../../../Engine/Content/EngineMaterials/Substrate/Glints2/dict_0005_0058.uasset" 9015
"../../../Engine/Content/EngineMaterials/Substrate/Glints2/dict_0005_0060.uasset" 9016
"../../../Engine/Content/EngineMaterials/Substrate/Glints2/dict_0005_0062.uasset" 9017
"../../../Engine/Content/EngineMaterials/Substrate/Glints2/dict_0005_0054.uasset" 9018
"../../../Engine/Content/EngineMaterials/Substrate/Glints2/dict_0005_0063.uasset" 9019
"../../../Engine/Content/EngineMaterials/Substrate/Glints2/dict_0005_0064.uasset" 9020
"../../../Engine/Content/EngineMaterials/Substrate/Glints2/dict_0005_0065.uasset" 9021
"/Engine/EngineMaterials/Substrate/Glints2/dict_0005_0043" 9022
"../../../Engine/Content/EngineMaterials/Substrate/Glints2/dict_0005_0068.uasset" 9023
"../../../Engine/Content/EngineMaterials/Substrate/Glints2/dict_0005_0067.uasset" 9024
"../../../Engine/Content/EngineMaterials/Substrate/Glints2/dict_0005_0066.uasset" 9025
"/Engine/EngineMaterials/Substrate/Glints2/dict_0005_0042" 9026
"/Engine/EngineMaterials/Substrate/Glints2/dict_0005_0041" 9027
"/Engine/EngineMaterials/Substrate/Glints2/dict_0005_0040" 9028
"/Engine/EngineMaterials/Substrate/Glints2/dict_0005_0039" 9029
"/Engine/EngineMaterials/Substrate/Glints2/dict_0005_0038" 9030
"/Engine/EngineMaterials/Substrate/Glints2/dict_0005_0037" 9031
"/Engine/EngineMaterials/Substrate/Glints2/dict_0005_0068" 9032
"../../../Engine/Content/EngineMaterials/Substrate/Glints2/dict_0005_0070.uasset" 9033
"../../../Engine/Content/EngineMaterials/Substrate/Glints2/dict_0005_0069.uasset" 9034
"../../../Engine/Content/EngineMaterials/Substrate/Glints2/dict_0005_0071.uasset" 9035
"../../../Engine/Content/EngineMaterials/Substrate/Glints2/dict_0005_0072.uasset" 9036
"../../../Engine/Content/EngineMaterials/Substrate/Glints2/dict_0005_0075.uasset" 9037
"../../../Engine/Content/EngineMaterials/Substrate/Glints2/dict_0005_0076.uasset" 9038
"../../../Engine/Content/EngineMaterials/Substrate/Glints2/dict_0005_0074.uasset" 9039
"../../../Engine/Content/EngineMaterials/Substrate/Glints2/dict_0005_0077.uasset" 9040
"../../../Engine/Content/EngineMaterials/Substrate/Glints2/dict_0005_0073.uasset" 9041
"/Engine/EngineMaterials/Substrate/Glints2/dict_0005_0067" 9042
"/Engine/EngineMaterials/Substrate/Glints2/dict_0005_0066" 9043
"/Engine/EngineMaterials/Substrate/Glints2/dict_0005_0065" 9044
"/Engine/EngineMaterials/Substrate/Glints2/dict_0005_0064" 9045
"/Engine/EngineMaterials/Substrate/Glints2/dict_0005_0063" 9046
"/Engine/EngineMaterials/Substrate/Glints2/dict_0005_0062" 9047
"/Engine/EngineMaterials/Substrate/Glints2/dict_0005_0061" 9048
"/Engine/EngineMaterials/Substrate/Glints2/dict_0005_0060" 9049
"/Engine/EngineMaterials/Substrate/Glints2/dict_0005_0059" 9050
"/Engine/EngineMaterials/Substrate/Glints2/dict_0005_0058" 9051
"/Engine/EngineMaterials/Substrate/Glints2/dict_0005_0057" 9052
"/Engine/EngineMaterials/Substrate/Glints2/dict_0005_0056" 9053
"/Engine/EngineMaterials/Substrate/Glints2/dict_0005_0055" 9054
"/Engine/EngineMaterials/Substrate/Glints2/dict_0005_0054" 9055
"/Engine/EngineMaterials/Substrate/Glints2/dict_0005_0053" 9056
"/Engine/EngineMaterials/Substrate/Glints2/dict_0005_0052" 9057
"/Engine/EngineMaterials/Substrate/Glints2/dict_0005_0051" 9058
"/Engine/EngineMaterials/Substrate/Glints2/dict_0005_0050" 9059
"/Engine/EngineMaterials/Substrate/Glints2/dict_0005_0049" 9060
"/Engine/EngineMaterials/Substrate/Glints2/dict_0005_0048" 9061
"/Engine/EngineMaterials/Substrate/Glints2/dict_0005_0047" 9062
"/Engine/EngineMaterials/Substrate/Glints2/dict_0005_0046" 9063
"/Engine/EngineMaterials/Substrate/Glints2/dict_0005_0077" 9064
"../../../Engine/Content/EngineMaterials/Substrate/Glints2/dict_0005_0078.uasset" 9065
"../../../Engine/Content/EngineMaterials/Substrate/Glints2/dict_0005_0080.uasset" 9066
"../../../Engine/Content/EngineMaterials/Substrate/Glints2/dict_0005_0081.uasset" 9067
"../../../Engine/Content/EngineMaterials/Substrate/Glints2/dict_0005_0084.uasset" 9068
"../../../Engine/Content/EngineMaterials/Substrate/Glints2/dict_0005_0085.uasset" 9069
"../../../Engine/Content/EngineMaterials/Substrate/Glints2/dict_0005_0090.uasset" 9070
"../../../Engine/Content/EngineMaterials/Substrate/Glints2/dict_0005_0082.uasset" 9071
"../../../Engine/Content/EngineMaterials/Substrate/Glints2/dict_0005_0087.uasset" 9072
"../../../Engine/Content/EngineMaterials/Substrate/Glints2/dict_0005_0079.uasset" 9073
"../../../Engine/Content/EngineMaterials/Substrate/Glints2/dict_0005_0089.uasset" 9074
"../../../Engine/Content/EngineMaterials/Substrate/Glints2/dict_0005_0083.uasset" 9075
"/Engine/EngineMaterials/Substrate/Glints2/dict_0005_0076" 9076
"../../../Engine/Content/EngineMaterials/Substrate/Glints2/dict_0005_0086.uasset" 9077
"../../../Engine/Content/EngineMaterials/Substrate/Glints2/dict_0005_0088.uasset" 9078
"../../../Engine/Content/EngineMaterials/Substrate/Glints2/dict_0005_0093.uasset" 9079
"../../../Engine/Content/EngineMaterials/Substrate/Glints2/dict_0005_0094.uasset" 9080
"../../../Engine/Content/EngineMaterials/Substrate/Glints2/dict_0005_0092.uasset" 9081
"../../../Engine/Content/EngineMaterials/Substrate/Glints2/dict_0005_0096.uasset" 9082
"../../../Engine/Content/EngineMaterials/Substrate/Glints2/dict_0005_0091.uasset" 9083
"../../../Engine/Content/EngineMaterials/Substrate/Glints2/dict_0005_0100.uasset" 9084
"../../../Engine/Content/EngineMaterials/Substrate/Glints2/dict_0005_0095.uasset" 9085
"../../../Engine/Content/EngineMaterials/Substrate/Glints2/dict_0005_0099.uasset" 9086
"../../../Engine/Content/EngineMaterials/Substrate/Glints2/dict_0005_0098.uasset" 9087
"../../../Engine/Content/EngineMaterials/Substrate/Glints2/dict_0005_0097.uasset" 9088
"/Engine/EngineMaterials/Substrate/Glints2/dict_0005_0075" 9089
"/Engine/EngineMaterials/Substrate/Glints2/dict_0005_0074" 9090
"/Engine/EngineMaterials/Substrate/Glints2/dict_0005_0073" 9091
"/Engine/EngineMaterials/Substrate/Glints2/dict_0005_0072" 9092
"/Engine/EngineMaterials/Substrate/Glints2/dict_0005_0071" 9093
"/Engine/EngineMaterials/Substrate/Glints2/dict_0005_0070" 9094
"/Engine/EngineMaterials/Substrate/Glints2/dict_0005_0069" 9095
"/Engine/EngineMaterials/Substrate/Glints2/dict_0005_0100" 9096
"../../../Engine/Content/EngineMaterials/Substrate/Glints2/dict_0005_0101.uasset" 9097
"../../../Engine/Content/EngineMaterials/Substrate/Glints2/dict_0005_0103.uasset" 9098
"../../../Engine/Content/EngineMaterials/Substrate/Glints2/dict_0005_0102.uasset" 9099
"../../../Engine/Content/EngineMaterials/Substrate/Glints2/dict_0005_0104.uasset" 9100
"../../../Engine/Content/EngineMaterials/Substrate/Glints2/dict_0005_0105.uasset" 9101
"../../../Engine/Content/EngineMaterials/Substrate/Glints2/dict_0005_0107.uasset" 9102
"../../../Engine/Content/EngineMaterials/Substrate/Glints2/dict_0005_0108.uasset" 9103
"../../../Engine/Content/EngineMaterials/Substrate/Glints2/dict_0005_0106.uasset" 9104
"../../../Engine/Content/EngineMaterials/Substrate/Glints2/dict_0005_0109.uasset" 9105
"/Engine/EngineMaterials/Substrate/Glints2/dict_0005_0099" 9106
"/Engine/EngineMaterials/Substrate/Glints2/dict_0005_0098" 9107
"/Engine/EngineMaterials/Substrate/Glints2/dict_0005_0097" 9108
"/Engine/EngineMaterials/Substrate/Glints2/dict_0005_0096" 9109
"/Engine/EngineMaterials/Substrate/Glints2/dict_0005_0095" 9110
"/Engine/EngineMaterials/Substrate/Glints2/dict_0005_0094" 9111
"/Engine/EngineMaterials/Substrate/Glints2/dict_0005_0093" 9112
"/Engine/EngineMaterials/Substrate/Glints2/dict_0005_0092" 9113
"/Engine/EngineMaterials/Substrate/Glints2/dict_0005_0091" 9114
"/Engine/EngineMaterials/Substrate/Glints2/dict_0005_0090" 9115
"/Engine/EngineMaterials/Substrate/Glints2/dict_0005_0089" 9116
"/Engine/EngineMaterials/Substrate/Glints2/dict_0005_0088" 9117
"/Engine/EngineMaterials/Substrate/Glints2/dict_0005_0087" 9118
"/Engine/EngineMaterials/Substrate/Glints2/dict_0005_0086" 9119
"/Engine/EngineMaterials/Substrate/Glints2/dict_0005_0085" 9120
"/Engine/EngineMaterials/Substrate/Glints2/dict_0005_0084" 9121
"/Engine/EngineMaterials/Substrate/Glints2/dict_0005_0083" 9122
"/Engine/EngineMaterials/Substrate/Glints2/dict_0005_0082" 9123
"/Engine/EngineMaterials/Substrate/Glints2/dict_0005_0081" 9124
"/Engine/EngineMaterials/Substrate/Glints2/dict_0005_0080" 9125
"/Engine/EngineMaterials/Substrate/Glints2/dict_0005_0079" 9126
"/Engine/EngineMaterials/Substrate/Glints2/dict_0005_0078" 9127
"/Engine/EngineMaterials/Substrate/Glints2/dict_0005_0109" 9128
"../../../Engine/Content/EngineMaterials/Substrate/Glints2/dict_0005_0110.uasset" 9129
"../../../Engine/Content/EngineMaterials/Substrate/Glints2/dict_0005_0111.uasset" 9130
"../../../Engine/Content/EngineMaterials/Substrate/Glints2/dict_0005_0114.uasset" 9131
"../../../Engine/Content/EngineMaterials/Substrate/Glints2/dict_0005_0113.uasset" 9132
"/Engine/EngineMaterials/Substrate/Glints2/dict_0005_0108" 9133
"../../../Engine/Content/EngineMaterials/Substrate/Glints2/dict_0005_0117.uasset" 9134
"../../../Engine/Content/EngineMaterials/Substrate/Glints2/dict_0005_0119.uasset" 9135
"../../../Engine/Content/EngineMaterials/Substrate/Glints2/dict_0005_0112.uasset" 9136
"../../../Engine/Content/EngineMaterials/Substrate/Glints2/dict_0005_0120.uasset" 9137
"../../../Engine/Content/EngineMaterials/Substrate/Glints2/dict_0005_0121.uasset" 9138
"../../../Engine/Content/EngineMaterials/Substrate/Glints2/dict_0005_0116.uasset" 9139
"../../../Engine/Content/EngineMaterials/Substrate/Glints2/dict_0005_0123.uasset" 9140
"../../../Engine/Content/EngineMaterials/Substrate/Glints2/dict_0005_0115.uasset" 9141
"../../../Engine/Content/EngineMaterials/Substrate/Glints2/dict_0005_0122.uasset" 9142
"../../../Engine/Content/EngineMaterials/Substrate/Glints2/dict_0005_0118.uasset" 9143
"../../../Engine/Content/EngineMaterials/Substrate/Glints2/dict_0005_0124.uasset" 9144
"../../../Engine/Content/EngineMaterials/Substrate/Glints2/dict_0005_0125.uasset" 9145
"../../../Engine/Content/EngineMaterials/Substrate/Glints2/dict_0005_0126.uasset" 9146
"../../../Engine/Content/EngineMaterials/Substrate/Glints2/dict_0005_0127.uasset" 9147
"../../../Engine/Content/EngineMaterials/Substrate/Glints2/dict_0005_0128.uasset" 9148
"../../../Engine/Content/EngineMaterials/Substrate/Glints2/dict_0005_0131.uasset" 9149
"../../../Engine/Content/EngineMaterials/Substrate/Glints2/dict_0005_0129.uasset" 9150
"/Engine/EngineMaterials/Substrate/Glints2/dict_0005_0107" 9151
"../../../Engine/Content/EngineMaterials/Substrate/Glints2/dict_0005_0132.uasset" 9152
"../../../Engine/Content/EngineMaterials/Substrate/Glints2/dict_0005_0130.uasset" 9153
"/Engine/EngineMaterials/Substrate/Glints2/dict_0005_0106" 9154
"/Engine/EngineMaterials/Substrate/Glints2/dict_0005_0105" 9155
"/Engine/EngineMaterials/Substrate/Glints2/dict_0005_0104" 9156
"/Engine/EngineMaterials/Substrate/Glints2/dict_0005_0103" 9157
"/Engine/EngineMaterials/Substrate/Glints2/dict_0005_0102" 9158
"/Engine/EngineMaterials/Substrate/Glints2/dict_0005_0101" 9159
"/Engine/EngineMaterials/Substrate/Glints2/dict_0005_0132" 9160
"../../../Engine/Content/EngineMaterials/Substrate/Glints2/dict_0005_0133.uasset" 9161
"../../../Engine/Content/EngineMaterials/Substrate/Glints2/dict_0005_0134.uasset" 9162
"../../../Engine/Content/EngineMaterials/Substrate/Glints2/dict_0005_0136.uasset" 9163
"../../../Engine/Content/EngineMaterials/Substrate/Glints2/dict_0005_0137.uasset" 9164
"../../../Engine/Content/EngineMaterials/Substrate/Glints2/dict_0005_0139.uasset" 9165
"../../../Engine/Content/EngineMaterials/Substrate/Glints2/dict_0005_0140.uasset" 9166
"../../../Engine/Content/EngineMaterials/Substrate/Glints2/dict_0005_0138.uasset" 9167
"../../../Engine/Content/EngineMaterials/Substrate/Glints2/dict_0005_0141.uasset" 9168
"../../../Engine/Content/EngineMaterials/Substrate/Glints2/dict_0005_0135.uasset" 9169
"/Engine/EngineMaterials/Substrate/Glints2/dict_0005_0131" 9170
"/Engine/EngineMaterials/Substrate/Glints2/dict_0005_0130" 9171
"/Engine/EngineMaterials/Substrate/Glints2/dict_0005_0129" 9172
"/Engine/EngineMaterials/Substrate/Glints2/dict_0005_0128" 9173
"/Engine/EngineMaterials/Substrate/Glints2/dict_0005_0127" 9174
"/Engine/EngineMaterials/Substrate/Glints2/dict_0005_0126" 9175
"/Engine/EngineMaterials/Substrate/Glints2/dict_0005_0125" 9176
"/Engine/EngineMaterials/Substrate/Glints2/dict_0005_0124" 9177
"/Engine/EngineMaterials/Substrate/Glints2/dict_0005_0123" 9178
"/Engine/EngineMaterials/Substrate/Glints2/dict_0005_0122" 9179
"/Engine/EngineMaterials/Substrate/Glints2/dict_0005_0121" 9180
"/Engine/EngineMaterials/Substrate/Glints2/dict_0005_0120" 9181
"/Engine/EngineMaterials/Substrate/Glints2/dict_0005_0119" 9182
"/Engine/EngineMaterials/Substrate/Glints2/dict_0005_0118" 9183
"/Engine/EngineMaterials/Substrate/Glints2/dict_0005_0117" 9184
"/Engine/EngineMaterials/Substrate/Glints2/dict_0005_0116" 9185
"/Engine/EngineMaterials/Substrate/Glints2/dict_0005_0115" 9186
"/Engine/EngineMaterials/Substrate/Glints2/dict_0005_0114" 9187
"/Engine/EngineMaterials/Substrate/Glints2/dict_0005_0113" 9188
"/Engine/EngineMaterials/Substrate/Glints2/dict_0005_0112" 9189
"/Engine/EngineMaterials/Substrate/Glints2/dict_0005_0111" 9190
"/Engine/EngineMaterials/Substrate/Glints2/dict_0005_0110" 9191
"/Engine/EngineMaterials/Substrate/Glints2/dict_0005_0141" 9192
"../../../Engine/Content/EngineMaterials/Substrate/Glints2/dict_0005_0143.uasset" 9193
"../../../Engine/Content/EngineMaterials/Substrate/Glints2/dict_0005_0142.uasset" 9194
"../../../Engine/Content/EngineMaterials/Substrate/Glints2/dict_0005_0145.uasset" 9195
"../../../Engine/Content/EngineMaterials/Substrate/Glints2/dict_0005_0146.uasset" 9196
"../../../Engine/Content/EngineMaterials/Substrate/Glints2/dict_0005_0147.uasset" 9197
"../../../Engine/Content/EngineMaterials/Substrate/Glints2/dict_0005_0149.uasset" 9198
"../../../Engine/Content/EngineMaterials/Substrate/Glints2/dict_0005_0150.uasset" 9199
"/Engine/EngineMaterials/Substrate/Glints2/dict_0005_0140" 9200
"../../../Engine/Content/EngineMaterials/Substrate/Glints2/dict_0005_0151.uasset" 9201
"../../../Engine/Content/EngineMaterials/Substrate/Glints2/dict_0005_0154.uasset" 9202
"../../../Engine/Content/EngineMaterials/Substrate/Glints2/dict_0005_0153.uasset" 9203
"../../../Engine/Content/EngineMaterials/Substrate/Glints2/dict_0005_0144.uasset" 9204
"../../../Engine/Content/EngineMaterials/Substrate/Glints2/dict_0005_0155.uasset" 9205
"../../../Engine/Content/EngineMaterials/Substrate/Glints2/dict_0005_0152.uasset" 9206
"../../../Engine/Content/EngineMaterials/Substrate/Glints2/dict_0005_0148.uasset" 9207
"../../../Engine/Content/EngineMaterials/Substrate/Glints2/dict_0005_0156.uasset" 9208
"../../../Engine/Content/EngineMaterials/Substrate/Glints2/dict_0005_0157.uasset" 9209
"../../../Engine/Content/EngineMaterials/Substrate/Glints2/dict_0005_0159.uasset" 9210
"../../../Engine/Content/EngineMaterials/Substrate/Glints2/dict_0005_0160.uasset" 9211
"../../../Engine/Content/EngineMaterials/Substrate/Glints2/dict_0005_0161.uasset" 9212
"/Engine/EngineMaterials/Substrate/Glints2/dict_0005_0139" 9213
"../../../Engine/Content/EngineMaterials/Substrate/Glints2/dict_0005_0158.uasset" 9214
"../../../Engine/Content/EngineMaterials/Substrate/Glints2/dict_0005_0163.uasset" 9215
"../../../Engine/Content/EngineMaterials/Substrate/Glints2/dict_0005_0162.uasset" 9216
"../../../Engine/Content/EngineMaterials/Substrate/Glints2/dict_0005_0164.uasset" 9217
"/Engine/EngineMaterials/Substrate/Glints2/dict_0005_0138" 9218
"/Engine/EngineMaterials/Substrate/Glints2/dict_0005_0137" 9219
"/Engine/EngineMaterials/Substrate/Glints2/dict_0005_0136" 9220
"/Engine/EngineMaterials/Substrate/Glints2/dict_0005_0135" 9221
"/Engine/EngineMaterials/Substrate/Glints2/dict_0005_0134" 9222
"/Engine/EngineMaterials/Substrate/Glints2/dict_0005_0133" 9223
"/Engine/EngineMaterials/Substrate/Glints2/dict_0005_0164" 9224
"../../../Engine/Content/EngineMaterials/Substrate/Glints2/dict_0005_0165.uasset" 9225
"../../../Engine/Content/EngineMaterials/Substrate/Glints2/dict_0005_0166.uasset" 9226
"../../../Engine/Content/EngineMaterials/Substrate/Glints2/dict_0005_0167.uasset" 9227
"../../../Engine/Content/EngineMaterials/Substrate/Glints2/dict_0005_0168.uasset" 9228
"../../../Engine/Content/EngineMaterials/Substrate/Glints2/dict_0005_0169.uasset" 9229
"../../../Engine/Content/EngineMaterials/Substrate/Glints2/dict_0005_0171.uasset" 9230
"../../../Engine/Content/EngineMaterials/Substrate/Glints2/dict_0005_0173.uasset" 9231
"../../../Engine/Content/EngineMaterials/Substrate/Glints2/dict_0005_0170.uasset" 9232
"../../../Engine/Content/EngineMaterials/Substrate/Glints2/dict_0005_0172.uasset" 9233
"/Engine/EngineMaterials/Substrate/Glints2/dict_0005_0163" 9234
"/Engine/EngineMaterials/Substrate/Glints2/dict_0005_0162" 9235
"/Engine/EngineMaterials/Substrate/Glints2/dict_0005_0161" 9236
"/Engine/EngineMaterials/Substrate/Glints2/dict_0005_0160" 9237
"/Engine/EngineMaterials/Substrate/Glints2/dict_0005_0159" 9238
"/Engine/EngineMaterials/Substrate/Glints2/dict_0005_0158" 9239
"/Engine/EngineMaterials/Substrate/Glints2/dict_0005_0157" 9240
"/Engine/EngineMaterials/Substrate/Glints2/dict_0005_0156" 9241
"/Engine/EngineMaterials/Substrate/Glints2/dict_0005_0155" 9242
"/Engine/EngineMaterials/Substrate/Glints2/dict_0005_0154" 9243
"/Engine/EngineMaterials/Substrate/Glints2/dict_0005_0153" 9244
"/Engine/EngineMaterials/Substrate/Glints2/dict_0005_0152" 9245
"/Engine/EngineMaterials/Substrate/Glints2/dict_0005_0151" 9246
"/Engine/EngineMaterials/Substrate/Glints2/dict_0005_0150" 9247
"/Engine/EngineMaterials/Substrate/Glints2/dict_0005_0149" 9248
"/Engine/EngineMaterials/Substrate/Glints2/dict_0005_0148" 9249
"/Engine/EngineMaterials/Substrate/Glints2/dict_0005_0147" 9250
"/Engine/EngineMaterials/Substrate/Glints2/dict_0005_0146" 9251
"/Engine/EngineMaterials/Substrate/Glints2/dict_0005_0145" 9252
"/Engine/EngineMaterials/Substrate/Glints2/dict_0005_0144" 9253
"/Engine/EngineMaterials/Substrate/Glints2/dict_0005_0143" 9254
"/Engine/EngineMaterials/Substrate/Glints2/dict_0005_0142" 9255
"/Engine/EngineMaterials/Substrate/Glints2/dict_0005_0173" 9256
"../../../Engine/Content/EngineMaterials/Substrate/Glints2/dict_0005_0174.uasset" 9257
"../../../Engine/Content/EngineMaterials/Substrate/Glints2/dict_0005_0177.uasset" 9258
"../../../Engine/Content/EngineMaterials/Substrate/Glints2/dict_0005_0180.uasset" 9259
"../../../Engine/Content/EngineMaterials/Substrate/Glints2/dict_0005_0179.uasset" 9260
"/Engine/EngineMaterials/Substrate/Glints2/dict_0005_0172" 9261
"../../../Engine/Content/EngineMaterials/Substrate/Glints2/dict_0005_0181.uasset" 9262
"../../../Engine/Content/EngineMaterials/Substrate/Glints2/dict_0005_0183.uasset" 9263
"../../../Engine/Content/EngineMaterials/Substrate/Glints2/dict_0005_0185.uasset" 9264
"../../../Engine/Content/EngineMaterials/Substrate/Glints2/dict_0005_0175.uasset" 9265
"../../../Engine/Content/EngineMaterials/Substrate/Glints2/dict_0005_0182.uasset" 9266
"../../../Engine/Content/EngineMaterials/Substrate/Glints2/dict_0005_0176.uasset" 9267
"../../../Engine/Content/EngineMaterials/Substrate/Glints2/dict_0005_0186.uasset" 9268
"../../../Engine/Content/EngineMaterials/Substrate/Glints2/dict_0005_0187.uasset" 9269
"../../../Engine/Content/EngineMaterials/Substrate/Glints2/dict_0005_0178.uasset" 9270
"../../../Engine/Content/EngineMaterials/Substrate/Glints2/dict_0005_0184.uasset" 9271
"../../../Engine/Content/EngineMaterials/Substrate/Glints2/dict_0005_0190.uasset" 9272
"../../../Engine/Content/EngineMaterials/Substrate/Glints2/dict_0005_0189.uasset" 9273
"../../../Engine/Content/EngineMaterials/Substrate/Glints2/dict_0005_0188.uasset" 9274
"../../../Engine/Content/EngineMaterials/Substrate/Glints2/dict_0005_0192.uasset" 9275
"/Engine/EngineMaterials/Substrate/Glints2/dict_0005_0171" 9276
"../../../Engine/Content/EngineMaterials/Substrate/Glints2/dict_0005_0195.uasset" 9277
"../../../Engine/Content/EngineMaterials/Substrate/Glints2/dict_0005_0196.uasset" 9278
"../../../Engine/Content/EngineMaterials/Substrate/Glints2/dict_0005_0193.uasset" 9279
"../../../Engine/Content/EngineMaterials/Substrate/Glints2/dict_0005_0191.uasset" 9280
"../../../Engine/Content/EngineMaterials/Substrate/Glints2/dict_0005_0194.uasset" 9281
"/Engine/EngineMaterials/Substrate/Glints2/dict_0005_0170" 9282
"/Engine/EngineMaterials/Substrate/Glints2/dict_0005_0169" 9283
"/Engine/EngineMaterials/Substrate/Glints2/dict_0005_0168" 9284
"/Engine/EngineMaterials/Substrate/Glints2/dict_0005_0167" 9285
"/Engine/EngineMaterials/Substrate/Glints2/dict_0005_0166" 9286
"/Engine/EngineMaterials/Substrate/Glints2/dict_0005_0165" 9287
"../../../Engine/Content/EngineMaterials/Substrate/Glints2/dict_0005_0197.uasset" 9288
"/Engine/EngineMaterials/Substrate/Glints2/dict_0005_0196" 9289
"../../../Engine/Content/EngineMaterials/Substrate/Glints2/dict_0005_0200.uasset" 9290
"../../../Engine/Content/EngineMaterials/Substrate/Glints2/dict_0005_0199.uasset" 9291
"../../../Engine/Content/EngineMaterials/Substrate/Glints2/dict_0005_0198.uasset" 9292
"../../../Engine/Content/EngineMaterials/Substrate/Glints2/dict_0005_0201.uasset" 9293
"../../../Engine/Content/EngineMaterials/Substrate/Glints2/dict_0005_0204.uasset" 9294
"../../../Engine/Content/EngineMaterials/Substrate/Glints2/dict_0005_0202.uasset" 9295
"../../../Engine/Content/EngineMaterials/Substrate/Glints2/dict_0005_0205.uasset" 9296
"../../../Engine/Content/EngineMaterials/Substrate/Glints2/dict_0005_0203.uasset" 9297
"/Engine/EngineMaterials/Substrate/Glints2/dict_0005_0195" 9298
"/Engine/EngineMaterials/Substrate/Glints2/dict_0005_0194" 9299
"/Engine/EngineMaterials/Substrate/Glints2/dict_0005_0193" 9300
"/Engine/EngineMaterials/Substrate/Glints2/dict_0005_0192" 9301
"/Engine/EngineMaterials/Substrate/Glints2/dict_0005_0191" 9302
"/Engine/EngineMaterials/Substrate/Glints2/dict_0005_0190" 9303
"/Engine/EngineMaterials/Substrate/Glints2/dict_0005_0189" 9304
"/Engine/EngineMaterials/Substrate/Glints2/dict_0005_0188" 9305
"/Engine/EngineMaterials/Substrate/Glints2/dict_0005_0187" 9306
"/Engine/EngineMaterials/Substrate/Glints2/dict_0005_0186" 9307
"/Engine/EngineMaterials/Substrate/Glints2/dict_0005_0185" 9308
"/Engine/EngineMaterials/Substrate/Glints2/dict_0005_0184" 9309
"/Engine/EngineMaterials/Substrate/Glints2/dict_0005_0183" 9310
"/Engine/EngineMaterials/Substrate/Glints2/dict_0005_0182" 9311
"/Engine/EngineMaterials/Substrate/Glints2/dict_0005_0181" 9312
"/Engine/EngineMaterials/Substrate/Glints2/dict_0005_0180" 9313
"/Engine/EngineMaterials/Substrate/Glints2/dict_0005_0179" 9314
"/Engine/EngineMaterials/Substrate/Glints2/dict_0005_0178" 9315
"/Engine/EngineMaterials/Substrate/Glints2/dict_0005_0177" 9316
"/Engine/EngineMaterials/Substrate/Glints2/dict_0005_0176" 9317
"/Engine/EngineMaterials/Substrate/Glints2/dict_0005_0175" 9318
"/Engine/EngineMaterials/Substrate/Glints2/dict_0005_0174" 9319
"/Engine/EngineMaterials/Substrate/Glints2/dict_0005_0205" 9320
"../../../Engine/Content/EngineMaterials/Substrate/Glints2/dict_0005_0206.uasset" 9321
"../../../Engine/Content/EngineMaterials/Substrate/Glints2/dict_0005_0207.uasset" 9322
"../../../Engine/Content/EngineMaterials/Substrate/Glints2/dict_0005_0209.uasset" 9323
"../../../Engine/Content/EngineMaterials/Substrate/Glints2/dict_0005_0208.uasset" 9324
"../../../Engine/Content/EngineMaterials/Substrate/Glints2/dict_0005_0210.uasset" 9325
"../../../Engine/Content/EngineMaterials/Substrate/Glints2/dict_0005_0213.uasset" 9326
"../../../Engine/Content/EngineMaterials/Substrate/Glints2/dict_0005_0214.uasset" 9327
"../../../Engine/Content/EngineMaterials/Substrate/Glints2/dict_0005_0215.uasset" 9328
"/Engine/EngineMaterials/Substrate/Glints2/dict_0005_0204" 9329
"../../../Engine/Content/EngineMaterials/Substrate/Glints2/dict_0005_0217.uasset" 9330
"../../../Engine/Content/EngineMaterials/Substrate/Glints2/dict_0005_0216.uasset" 9331
"../../../Engine/Content/EngineMaterials/Substrate/Glints2/dict_0005_0219.uasset" 9332
"../../../Engine/Content/EngineMaterials/Substrate/Glints2/dict_0005_0211.uasset" 9333
"../../../Engine/Content/EngineMaterials/Substrate/Glints2/dict_0005_0218.uasset" 9334
"../../../Engine/Content/EngineMaterials/Substrate/Glints2/dict_0005_0212.uasset" 9335
"../../../Engine/Content/EngineMaterials/Substrate/Glints2/dict_0005_0220.uasset" 9336
"../../../Engine/Content/EngineMaterials/Substrate/Glints2/dict_0005_0221.uasset" 9337
"../../../Engine/Content/EngineMaterials/Substrate/Glints2/dict_0005_0222.uasset" 9338
"../../../Engine/Content/EngineMaterials/Substrate/Glints2/dict_0005_0223.uasset" 9339
"../../../Engine/Content/EngineMaterials/Substrate/Glints2/dict_0005_0224.uasset" 9340
"../../../Engine/Content/EngineMaterials/Substrate/Glints2/dict_0005_0226.uasset" 9341
"../../../Engine/Content/EngineMaterials/Substrate/Glints2/dict_0005_0225.uasset" 9342
"../../../Engine/Content/EngineMaterials/Substrate/Glints2/dict_0005_0228.uasset" 9343
"../../../Engine/Content/EngineMaterials/Substrate/Glints2/dict_0005_0227.uasset" 9344
"/Engine/EngineMaterials/Substrate/Glints2/dict_0005_0203" 9345
"/Engine/EngineMaterials/Substrate/Glints2/dict_0005_0202" 9346
"/Engine/EngineMaterials/Substrate/Glints2/dict_0005_0201" 9347
"/Engine/EngineMaterials/Substrate/Glints2/dict_0005_0200" 9348
"/Engine/EngineMaterials/Substrate/Glints2/dict_0005_0199" 9349
"/Engine/EngineMaterials/Substrate/Glints2/dict_0005_0198" 9350
"/Engine/EngineMaterials/Substrate/Glints2/dict_0005_0197" 9351
"/Engine/EngineMaterials/Substrate/Glints2/dict_0005_0228" 9352
"../../../Engine/Content/EngineMaterials/Substrate/Glints2/dict_0005_0229.uasset" 9353
"../../../Engine/Content/EngineMaterials/Substrate/Glints2/dict_0005_0230.uasset" 9354
"../../../Engine/Content/EngineMaterials/Substrate/Glints2/dict_0005_0231.uasset" 9355
"../../../Engine/Content/EngineMaterials/Substrate/Glints2/dict_0005_0233.uasset" 9356
"../../../Engine/Content/EngineMaterials/Substrate/Glints2/dict_0005_0235.uasset" 9357
"../../../Engine/Content/EngineMaterials/Substrate/Glints2/dict_0005_0232.uasset" 9358
"../../../Engine/Content/EngineMaterials/Substrate/Glints2/dict_0005_0237.uasset" 9359
"../../../Engine/Content/EngineMaterials/Substrate/Glints2/dict_0005_0234.uasset" 9360
"../../../Engine/Content/EngineMaterials/Substrate/Glints2/dict_0005_0236.uasset" 9361
"/Engine/EngineMaterials/Substrate/Glints2/dict_0005_0227" 9362
"/Engine/EngineMaterials/Substrate/Glints2/dict_0005_0226" 9363
"/Engine/EngineMaterials/Substrate/Glints2/dict_0005_0225" 9364
"/Engine/EngineMaterials/Substrate/Glints2/dict_0005_0224" 9365
"/Engine/EngineMaterials/Substrate/Glints2/dict_0005_0223" 9366
"/Engine/EngineMaterials/Substrate/Glints2/dict_0005_0222" 9367
"/Engine/EngineMaterials/Substrate/Glints2/dict_0005_0221" 9368
"/Engine/EngineMaterials/Substrate/Glints2/dict_0005_0220" 9369
"/Engine/EngineMaterials/Substrate/Glints2/dict_0005_0219" 9370
"/Engine/EngineMaterials/Substrate/Glints2/dict_0005_0218" 9371
"/Engine/EngineMaterials/Substrate/Glints2/dict_0005_0217" 9372
"/Engine/EngineMaterials/Substrate/Glints2/dict_0005_0216" 9373
"/Engine/EngineMaterials/Substrate/Glints2/dict_0005_0215" 9374
"/Engine/EngineMaterials/Substrate/Glints2/dict_0005_0214" 9375
"/Engine/EngineMaterials/Substrate/Glints2/dict_0005_0213" 9376
"/Engine/EngineMaterials/Substrate/Glints2/dict_0005_0212" 9377
"/Engine/EngineMaterials/Substrate/Glints2/dict_0005_0211" 9378
"/Engine/EngineMaterials/Substrate/Glints2/dict_0005_0210" 9379
"/Engine/EngineMaterials/Substrate/Glints2/dict_0005_0209" 9380
"/Engine/EngineMaterials/Substrate/Glints2/dict_0005_0208" 9381
"/Engine/EngineMaterials/Substrate/Glints2/dict_0005_0207" 9382
"/Engine/EngineMaterials/Substrate/Glints2/dict_0005_0206" 9383
"/Engine/EngineMaterials/Substrate/Glints2/dict_0005_0237" 9384
"../../../Engine/Content/EngineMaterials/Substrate/Glints2/dict_0005_0238.uasset" 9385
"../../../Engine/Content/EngineMaterials/Substrate/Glints2/dict_0005_0239.uasset" 9386
"../../../Engine/Content/EngineMaterials/Substrate/Glints2/dict_0005_0240.uasset" 9387
"../../../Engine/Content/EngineMaterials/Substrate/Glints2/dict_0005_0242.uasset" 9388
"../../../Engine/Content/EngineMaterials/Substrate/Glints2/dict_0005_0241.uasset" 9389
"../../../Engine/Content/EngineMaterials/Substrate/Glints2/dict_0005_0245.uasset" 9390
"../../../Engine/Content/EngineMaterials/Substrate/Glints2/dict_0005_0243.uasset" 9391
"../../../Engine/Content/EngineMaterials/Substrate/Glints2/dict_0005_0247.uasset" 9392
"../../../Engine/Content/EngineMaterials/Substrate/Glints2/dict_0005_0249.uasset" 9393
"../../../Engine/Content/EngineMaterials/Substrate/Glints2/dict_0005_0244.uasset" 9394
"../../../Engine/Content/EngineMaterials/Substrate/Glints2/dict_0005_0250.uasset" 9395
"../../../Engine/Content/EngineMaterials/Substrate/Glints2/dict_0005_0251.uasset" 9396
"../../../Engine/Content/EngineMaterials/Substrate/Glints2/dict_0005_0248.uasset" 9397
"../../../Engine/Content/EngineMaterials/Substrate/Glints2/dict_0005_0246.uasset" 9398
"/Engine/EngineMaterials/Substrate/Glints2/dict_0005_0236" 9399
"../../../Engine/Content/EngineMaterials/Substrate/Glints2/dict_0005_0252.uasset" 9400
"../../../Engine/Content/EngineMaterials/Substrate/Glints2/dict_0005_0253.uasset" 9401
"../../../Engine/Content/EngineMaterials/Substrate/Glints2/dict_0005_0255.uasset" 9402
"../../../Engine/Content/EngineMaterials/Substrate/Glints2/dict_0005_0254.uasset" 9403
"../../../Engine/Content/EngineMaterials/Substrate/Glints2/dict_0006_0001.uasset" 9404
"../../../Engine/Content/EngineMaterials/Substrate/Glints2/dict_0006_0002.uasset" 9405
"../../../Engine/Content/EngineMaterials/Substrate/Glints2/dict_0006_0004.uasset" 9406
"../../../Engine/Content/EngineMaterials/Substrate/Glints2/dict_0006_0000.uasset" 9407
"../../../Engine/Content/EngineMaterials/Substrate/Glints2/dict_0006_0003.uasset" 9408
"/Engine/EngineMaterials/Substrate/Glints2/dict_0005_0235" 9409
"/Engine/EngineMaterials/Substrate/Glints2/dict_0005_0234" 9410
"/Engine/EngineMaterials/Substrate/Glints2/dict_0005_0233" 9411
"/Engine/EngineMaterials/Substrate/Glints2/dict_0005_0232" 9412
"/Engine/EngineMaterials/Substrate/Glints2/dict_0005_0231" 9413
"/Engine/EngineMaterials/Substrate/Glints2/dict_0005_0230" 9414
"/Engine/EngineMaterials/Substrate/Glints2/dict_0005_0229" 9415
"/Engine/EngineMaterials/Substrate/Glints2/dict_0006_0004" 9416
"../../../Engine/Content/EngineMaterials/Substrate/Glints2/dict_0006_0005.uasset" 9417
"../../../Engine/Content/EngineMaterials/Substrate/Glints2/dict_0006_0006.uasset" 9418
"../../../Engine/Content/EngineMaterials/Substrate/Glints2/dict_0006_0007.uasset" 9419
"../../../Engine/Content/EngineMaterials/Substrate/Glints2/dict_0006_0010.uasset" 9420
"../../../Engine/Content/EngineMaterials/Substrate/Glints2/dict_0006_0011.uasset" 9421
"../../../Engine/Content/EngineMaterials/Substrate/Glints2/dict_0006_0009.uasset" 9422
"../../../Engine/Content/EngineMaterials/Substrate/Glints2/dict_0006_0013.uasset" 9423
"../../../Engine/Content/EngineMaterials/Substrate/Glints2/dict_0006_0008.uasset" 9424
"../../../Engine/Content/EngineMaterials/Substrate/Glints2/dict_0006_0012.uasset" 9425
"/Engine/EngineMaterials/Substrate/Glints2/dict_0006_0003" 9426
"/Engine/EngineMaterials/Substrate/Glints2/dict_0006_0002" 9427
"/Engine/EngineMaterials/Substrate/Glints2/dict_0006_0001" 9428
"/Engine/EngineMaterials/Substrate/Glints2/dict_0006_0000" 9429
"/Engine/EngineMaterials/Substrate/Glints2/dict_0005_0255" 9430
"/Engine/EngineMaterials/Substrate/Glints2/dict_0005_0254" 9431
"/Engine/EngineMaterials/Substrate/Glints2/dict_0005_0253" 9432
"/Engine/EngineMaterials/Substrate/Glints2/dict_0005_0252" 9433
"/Engine/EngineMaterials/Substrate/Glints2/dict_0005_0251" 9434
"/Engine/EngineMaterials/Substrate/Glints2/dict_0005_0250" 9435
"/Engine/EngineMaterials/Substrate/Glints2/dict_0005_0249" 9436
"/Engine/EngineMaterials/Substrate/Glints2/dict_0005_0248" 9437
"/Engine/EngineMaterials/Substrate/Glints2/dict_0005_0247" 9438
"/Engine/EngineMaterials/Substrate/Glints2/dict_0005_0246" 9439
"/Engine/EngineMaterials/Substrate/Glints2/dict_0005_0245" 9440
"/Engine/EngineMaterials/Substrate/Glints2/dict_0005_0244" 9441
"/Engine/EngineMaterials/Substrate/Glints2/dict_0005_0243" 9442
"/Engine/EngineMaterials/Substrate/Glints2/dict_0005_0242" 9443
"/Engine/EngineMaterials/Substrate/Glints2/dict_0005_0241" 9444
"/Engine/EngineMaterials/Substrate/Glints2/dict_0005_0240" 9445
"/Engine/EngineMaterials/Substrate/Glints2/dict_0005_0239" 9446
"/Engine/EngineMaterials/Substrate/Glints2/dict_0005_0238" 9447
"/Engine/EngineMaterials/Substrate/Glints2/dict_0006_0013" 9448
"../../../Engine/Content/EngineMaterials/Substrate/Glints2/dict_0006_0014.uasset" 9449
"../../../Engine/Content/EngineMaterials/Substrate/Glints2/dict_0006_0015.uasset" 9450
"../../../Engine/Content/EngineMaterials/Substrate/Glints2/dict_0006_0016.uasset" 9451
"../../../Engine/Content/EngineMaterials/Substrate/Glints2/dict_0006_0017.uasset" 9452
"../../../Engine/Content/EngineMaterials/Substrate/Glints2/dict_0006_0018.uasset" 9453
"../../../Engine/Content/EngineMaterials/Substrate/Glints2/dict_0006_0022.uasset" 9454
"../../../Engine/Content/EngineMaterials/Substrate/Glints2/dict_0006_0019.uasset" 9455
"../../../Engine/Content/EngineMaterials/Substrate/Glints2/dict_0006_0025.uasset" 9456
"../../../Engine/Content/EngineMaterials/Substrate/Glints2/dict_0006_0023.uasset" 9457
"../../../Engine/Content/EngineMaterials/Substrate/Glints2/dict_0006_0020.uasset" 9458
"../../../Engine/Content/EngineMaterials/Substrate/Glints2/dict_0006_0024.uasset" 9459
"../../../Engine/Content/EngineMaterials/Substrate/Glints2/dict_0006_0021.uasset" 9460
"../../../Engine/Content/EngineMaterials/Substrate/Glints2/dict_0006_0028.uasset" 9461
"../../../Engine/Content/EngineMaterials/Substrate/Glints2/dict_0006_0027.uasset" 9462
"../../../Engine/Content/EngineMaterials/Substrate/Glints2/dict_0006_0026.uasset" 9463
"/Engine/EngineMaterials/Substrate/Glints2/dict_0006_0012" 9464
"../../../Engine/Content/EngineMaterials/Substrate/Glints2/dict_0006_0029.uasset" 9465
"../../../Engine/Content/EngineMaterials/Substrate/Glints2/dict_0006_0030.uasset" 9466
"../../../Engine/Content/EngineMaterials/Substrate/Glints2/dict_0006_0031.uasset" 9467
"../../../Engine/Content/EngineMaterials/Substrate/Glints2/dict_0006_0032.uasset" 9468
"../../../Engine/Content/EngineMaterials/Substrate/Glints2/dict_0006_0034.uasset" 9469
"../../../Engine/Content/EngineMaterials/Substrate/Glints2/dict_0006_0033.uasset" 9470
"../../../Engine/Content/EngineMaterials/Substrate/Glints2/dict_0006_0035.uasset" 9471
"../../../Engine/Content/EngineMaterials/Substrate/Glints2/dict_0006_0036.uasset" 9472
"/Engine/EngineMaterials/Substrate/Glints2/dict_0006_0011" 9473
"/Engine/EngineMaterials/Substrate/Glints2/dict_0006_0010" 9474
"/Engine/EngineMaterials/Substrate/Glints2/dict_0006_0009" 9475
"/Engine/EngineMaterials/Substrate/Glints2/dict_0006_0008" 9476
"/Engine/EngineMaterials/Substrate/Glints2/dict_0006_0007" 9477
"/Engine/EngineMaterials/Substrate/Glints2/dict_0006_0006" 9478
"/Engine/EngineMaterials/Substrate/Glints2/dict_0006_0005" 9479
"/Engine/EngineMaterials/Substrate/Glints2/dict_0006_0036" 9480
"../../../Engine/Content/EngineMaterials/Substrate/Glints2/dict_0006_0038.uasset" 9481
"../../../Engine/Content/EngineMaterials/Substrate/Glints2/dict_0006_0037.uasset" 9482
"../../../Engine/Content/EngineMaterials/Substrate/Glints2/dict_0006_0039.uasset" 9483
"../../../Engine/Content/EngineMaterials/Substrate/Glints2/dict_0006_0042.uasset" 9484
"../../../Engine/Content/EngineMaterials/Substrate/Glints2/dict_0006_0045.uasset" 9485
"../../../Engine/Content/EngineMaterials/Substrate/Glints2/dict_0006_0040.uasset" 9486
"../../../Engine/Content/EngineMaterials/Substrate/Glints2/dict_0006_0043.uasset" 9487
"../../../Engine/Content/EngineMaterials/Substrate/Glints2/dict_0006_0041.uasset" 9488
"../../../Engine/Content/EngineMaterials/Substrate/Glints2/dict_0006_0044.uasset" 9489
"/Engine/EngineMaterials/Substrate/Glints2/dict_0006_0035" 9490
"/Engine/EngineMaterials/Substrate/Glints2/dict_0006_0034" 9491
"/Engine/EngineMaterials/Substrate/Glints2/dict_0006_0033" 9492
"/Engine/EngineMaterials/Substrate/Glints2/dict_0006_0032" 9493
"/Engine/EngineMaterials/Substrate/Glints2/dict_0006_0031" 9494
"/Engine/EngineMaterials/Substrate/Glints2/dict_0006_0030" 9495
"/Engine/EngineMaterials/Substrate/Glints2/dict_0006_0029" 9496
"/Engine/EngineMaterials/Substrate/Glints2/dict_0006_0028" 9497
"/Engine/EngineMaterials/Substrate/Glints2/dict_0006_0027" 9498
"/Engine/EngineMaterials/Substrate/Glints2/dict_0006_0026" 9499
"/Engine/EngineMaterials/Substrate/Glints2/dict_0006_0025" 9500
"/Engine/EngineMaterials/Substrate/Glints2/dict_0006_0024" 9501
"/Engine/EngineMaterials/Substrate/Glints2/dict_0006_0023" 9502
"/Engine/EngineMaterials/Substrate/Glints2/dict_0006_0022" 9503
"/Engine/EngineMaterials/Substrate/Glints2/dict_0006_0021" 9504
"/Engine/EngineMaterials/Substrate/Glints2/dict_0006_0020" 9505
"/Engine/EngineMaterials/Substrate/Glints2/dict_0006_0019" 9506
"/Engine/EngineMaterials/Substrate/Glints2/dict_0006_0018" 9507
"/Engine/EngineMaterials/Substrate/Glints2/dict_0006_0017" 9508
"/Engine/EngineMaterials/Substrate/Glints2/dict_0006_0016" 9509
"/Engine/EngineMaterials/Substrate/Glints2/dict_0006_0015" 9510
"/Engine/EngineMaterials/Substrate/Glints2/dict_0006_0014" 9511
"/Engine/EngineMaterials/Substrate/Glints2/dict_0006_0045" 9512
"../../../Engine/Content/EngineMaterials/Substrate/Glints2/dict_0006_0046.uasset" 9513
"../../../Engine/Content/EngineMaterials/Substrate/Glints2/dict_0006_0048.uasset" 9514
"../../../Engine/Content/EngineMaterials/Substrate/Glints2/dict_0006_0047.uasset" 9515
"/Engine/EngineMaterials/Substrate/Glints2/dict_0006_0044" 9516
"../../../Engine/Content/EngineMaterials/Substrate/Glints2/dict_0006_0051.uasset" 9517
"../../../Engine/Content/EngineMaterials/Substrate/Glints2/dict_0006_0053.uasset" 9518
"../../../Engine/Content/EngineMaterials/Substrate/Glints2/dict_0006_0050.uasset" 9519
"../../../Engine/Content/EngineMaterials/Substrate/Glints2/dict_0006_0058.uasset" 9520
"../../../Engine/Content/EngineMaterials/Substrate/Glints2/dict_0006_0049.uasset" 9521
"../../../Engine/Content/EngineMaterials/Substrate/Glints2/dict_0006_0056.uasset" 9522
"../../../Engine/Content/EngineMaterials/Substrate/Glints2/dict_0006_0052.uasset" 9523
"../../../Engine/Content/EngineMaterials/Substrate/Glints2/dict_0006_0060.uasset" 9524
"../../../Engine/Content/EngineMaterials/Substrate/Glints2/dict_0006_0057.uasset" 9525
"../../../Engine/Content/EngineMaterials/Substrate/Glints2/dict_0006_0055.uasset" 9526
"../../../Engine/Content/EngineMaterials/Substrate/Glints2/dict_0006_0061.uasset" 9527
"../../../Engine/Content/EngineMaterials/Substrate/Glints2/dict_0006_0059.uasset" 9528
"../../../Engine/Content/EngineMaterials/Substrate/Glints2/dict_0006_0054.uasset" 9529
"../../../Engine/Content/EngineMaterials/Substrate/Glints2/dict_0006_0062.uasset" 9530
"../../../Engine/Content/EngineMaterials/Substrate/Glints2/dict_0006_0063.uasset" 9531
"../../../Engine/Content/EngineMaterials/Substrate/Glints2/dict_0006_0065.uasset" 9532
"/Engine/EngineMaterials/Substrate/Glints2/dict_0006_0043" 9533
"../../../Engine/Content/EngineMaterials/Substrate/Glints2/dict_0006_0067.uasset" 9534
"../../../Engine/Content/EngineMaterials/Substrate/Glints2/dict_0006_0064.uasset" 9535
"../../../Engine/Content/EngineMaterials/Substrate/Glints2/dict_0006_0066.uasset" 9536
"../../../Engine/Content/EngineMaterials/Substrate/Glints2/dict_0006_0068.uasset" 9537
"/Engine/EngineMaterials/Substrate/Glints2/dict_0006_0042" 9538
"/Engine/EngineMaterials/Substrate/Glints2/dict_0006_0041" 9539
"/Engine/EngineMaterials/Substrate/Glints2/dict_0006_0040" 9540
"/Engine/EngineMaterials/Substrate/Glints2/dict_0006_0039" 9541
"/Engine/EngineMaterials/Substrate/Glints2/dict_0006_0038" 9542
"/Engine/EngineMaterials/Substrate/Glints2/dict_0006_0037" 9543
"/Engine/EngineMaterials/Substrate/Glints2/dict_0006_0068" 9544
"../../../Engine/Content/EngineMaterials/Substrate/Glints2/dict_0006_0069.uasset" 9545
"../../../Engine/Content/EngineMaterials/Substrate/Glints2/dict_0006_0070.uasset" 9546
"../../../Engine/Content/EngineMaterials/Substrate/Glints2/dict_0006_0072.uasset" 9547
"../../../Engine/Content/EngineMaterials/Substrate/Glints2/dict_0006_0076.uasset" 9548
"../../../Engine/Content/EngineMaterials/Substrate/Glints2/dict_0006_0077.uasset" 9549
"../../../Engine/Content/EngineMaterials/Substrate/Glints2/dict_0006_0074.uasset" 9550
"../../../Engine/Content/EngineMaterials/Substrate/Glints2/dict_0006_0075.uasset" 9551
"../../../Engine/Content/EngineMaterials/Substrate/Glints2/dict_0006_0073.uasset" 9552
"../../../Engine/Content/EngineMaterials/Substrate/Glints2/dict_0006_0071.uasset" 9553
"/Engine/EngineMaterials/Substrate/Glints2/dict_0006_0067" 9554
"/Engine/EngineMaterials/Substrate/Glints2/dict_0006_0066" 9555
"/Engine/EngineMaterials/Substrate/Glints2/dict_0006_0065" 9556
"/Engine/EngineMaterials/Substrate/Glints2/dict_0006_0064" 9557
"/Engine/EngineMaterials/Substrate/Glints2/dict_0006_0063" 9558
"/Engine/EngineMaterials/Substrate/Glints2/dict_0006_0062" 9559
"/Engine/EngineMaterials/Substrate/Glints2/dict_0006_0061" 9560
"/Engine/EngineMaterials/Substrate/Glints2/dict_0006_0060" 9561
"/Engine/EngineMaterials/Substrate/Glints2/dict_0006_0059" 9562
"/Engine/EngineMaterials/Substrate/Glints2/dict_0006_0058" 9563
"/Engine/EngineMaterials/Substrate/Glints2/dict_0006_0057" 9564
"/Engine/EngineMaterials/Substrate/Glints2/dict_0006_0056" 9565
"/Engine/EngineMaterials/Substrate/Glints2/dict_0006_0055" 9566
"/Engine/EngineMaterials/Substrate/Glints2/dict_0006_0054" 9567
"/Engine/EngineMaterials/Substrate/Glints2/dict_0006_0053" 9568
"/Engine/EngineMaterials/Substrate/Glints2/dict_0006_0052" 9569
"/Engine/EngineMaterials/Substrate/Glints2/dict_0006_0051" 9570
"/Engine/EngineMaterials/Substrate/Glints2/dict_0006_0050" 9571
"/Engine/EngineMaterials/Substrate/Glints2/dict_0006_0049" 9572
"/Engine/EngineMaterials/Substrate/Glints2/dict_0006_0048" 9573
"/Engine/EngineMaterials/Substrate/Glints2/dict_0006_0047" 9574
"/Engine/EngineMaterials/Substrate/Glints2/dict_0006_0046" 9575
"/Engine/EngineMaterials/Substrate/Glints2/dict_0006_0077" 9576
"../../../Engine/Content/EngineMaterials/Substrate/Glints2/dict_0006_0078.uasset" 9577
"../../../Engine/Content/EngineMaterials/Substrate/Glints2/dict_0006_0079.uasset" 9578
"../../../Engine/Content/EngineMaterials/Substrate/Glints2/dict_0006_0080.uasset" 9579
"/Engine/EngineMaterials/Substrate/Glints2/dict_0006_0076" 9580
"../../../Engine/Content/EngineMaterials/Substrate/Glints2/dict_0006_0081.uasset" 9581
"../../../Engine/Content/EngineMaterials/Substrate/Glints2/dict_0006_0082.uasset" 9582
"../../../Engine/Content/EngineMaterials/Substrate/Glints2/dict_0006_0083.uasset" 9583
"../../../Engine/Content/EngineMaterials/Substrate/Glints2/dict_0006_0085.uasset" 9584
"../../../Engine/Content/EngineMaterials/Substrate/Glints2/dict_0006_0087.uasset" 9585
"../../../Engine/Content/EngineMaterials/Substrate/Glints2/dict_0006_0090.uasset" 9586
"../../../Engine/Content/EngineMaterials/Substrate/Glints2/dict_0006_0093.uasset" 9587
"../../../Engine/Content/EngineMaterials/Substrate/Glints2/dict_0006_0094.uasset" 9588
"../../../Engine/Content/EngineMaterials/Substrate/Glints2/dict_0006_0091.uasset" 9589
"../../../Engine/Content/EngineMaterials/Substrate/Glints2/dict_0006_0084.uasset" 9590
"../../../Engine/Content/EngineMaterials/Substrate/Glints2/dict_0006_0088.uasset" 9591
"../../../Engine/Content/EngineMaterials/Substrate/Glints2/dict_0006_0092.uasset" 9592
"../../../Engine/Content/EngineMaterials/Substrate/Glints2/dict_0006_0086.uasset" 9593
"/Engine/EngineMaterials/Substrate/Glints2/dict_0006_0075" 9594
"../../../Engine/Content/EngineMaterials/Substrate/Glints2/dict_0006_0095.uasset" 9595
"../../../Engine/Content/EngineMaterials/Substrate/Glints2/dict_0006_0089.uasset" 9596
"../../../Engine/Content/EngineMaterials/Substrate/Glints2/dict_0006_0097.uasset" 9597
"../../../Engine/Content/EngineMaterials/Substrate/Glints2/dict_0006_0096.uasset" 9598
"../../../Engine/Content/EngineMaterials/Substrate/Glints2/dict_0006_0100.uasset" 9599
"../../../Engine/Content/EngineMaterials/Substrate/Glints2/dict_0006_0099.uasset" 9600
"../../../Engine/Content/EngineMaterials/Substrate/Glints2/dict_0006_0098.uasset" 9601
"/Engine/EngineMaterials/Substrate/Glints2/dict_0006_0074" 9602
"/Engine/EngineMaterials/Substrate/Glints2/dict_0006_0073" 9603
"/Engine/EngineMaterials/Substrate/Glints2/dict_0006_0072" 9604
"/Engine/EngineMaterials/Substrate/Glints2/dict_0006_0071" 9605
"/Engine/EngineMaterials/Substrate/Glints2/dict_0006_0070" 9606
"/Engine/EngineMaterials/Substrate/Glints2/dict_0006_0069" 9607
"/Engine/EngineMaterials/Substrate/Glints2/dict_0006_0100" 9608
"../../../Engine/Content/EngineMaterials/Substrate/Glints2/dict_0006_0101.uasset" 9609
"../../../Engine/Content/EngineMaterials/Substrate/Glints2/dict_0006_0102.uasset" 9610
"../../../Engine/Content/EngineMaterials/Substrate/Glints2/dict_0006_0103.uasset" 9611
"../../../Engine/Content/EngineMaterials/Substrate/Glints2/dict_0006_0104.uasset" 9612
"../../../Engine/Content/EngineMaterials/Substrate/Glints2/dict_0006_0105.uasset" 9613
"../../../Engine/Content/EngineMaterials/Substrate/Glints2/dict_0006_0106.uasset" 9614
"../../../Engine/Content/EngineMaterials/Substrate/Glints2/dict_0006_0109.uasset" 9615
"../../../Engine/Content/EngineMaterials/Substrate/Glints2/dict_0006_0107.uasset" 9616
"../../../Engine/Content/EngineMaterials/Substrate/Glints2/dict_0006_0108.uasset" 9617
"/Engine/EngineMaterials/Substrate/Glints2/dict_0006_0099" 9618
"/Engine/EngineMaterials/Substrate/Glints2/dict_0006_0098" 9619
"/Engine/EngineMaterials/Substrate/Glints2/dict_0006_0097" 9620
"/Engine/EngineMaterials/Substrate/Glints2/dict_0006_0096" 9621
"/Engine/EngineMaterials/Substrate/Glints2/dict_0006_0095" 9622
"/Engine/EngineMaterials/Substrate/Glints2/dict_0006_0094" 9623
"/Engine/EngineMaterials/Substrate/Glints2/dict_0006_0093" 9624
"/Engine/EngineMaterials/Substrate/Glints2/dict_0006_0092" 9625
"/Engine/EngineMaterials/Substrate/Glints2/dict_0006_0091" 9626
"/Engine/EngineMaterials/Substrate/Glints2/dict_0006_0090" 9627
"/Engine/EngineMaterials/Substrate/Glints2/dict_0006_0089" 9628
"/Engine/EngineMaterials/Substrate/Glints2/dict_0006_0088" 9629
"/Engine/EngineMaterials/Substrate/Glints2/dict_0006_0087" 9630
"/Engine/EngineMaterials/Substrate/Glints2/dict_0006_0086" 9631
"/Engine/EngineMaterials/Substrate/Glints2/dict_0006_0085" 9632
"/Engine/EngineMaterials/Substrate/Glints2/dict_0006_0084" 9633
"/Engine/EngineMaterials/Substrate/Glints2/dict_0006_0083" 9634
"/Engine/EngineMaterials/Substrate/Glints2/dict_0006_0082" 9635
"/Engine/EngineMaterials/Substrate/Glints2/dict_0006_0081" 9636
"/Engine/EngineMaterials/Substrate/Glints2/dict_0006_0080" 9637
"/Engine/EngineMaterials/Substrate/Glints2/dict_0006_0079" 9638
"/Engine/EngineMaterials/Substrate/Glints2/dict_0006_0078" 9639
"/Engine/EngineMaterials/Substrate/Glints2/dict_0006_0109" 9640
"../../../Engine/Content/EngineMaterials/Substrate/Glints2/dict_0006_0110.uasset" 9641
"../../../Engine/Content/EngineMaterials/Substrate/Glints2/dict_0006_0112.uasset" 9642
"../../../Engine/Content/EngineMaterials/Substrate/Glints2/dict_0006_0111.uasset" 9643
"../../../Engine/Content/EngineMaterials/Substrate/Glints2/dict_0006_0113.uasset" 9644
"../../../Engine/Content/EngineMaterials/Substrate/Glints2/dict_0006_0114.uasset" 9645
"../../../Engine/Content/EngineMaterials/Substrate/Glints2/dict_0006_0116.uasset" 9646
"../../../Engine/Content/EngineMaterials/Substrate/Glints2/dict_0006_0115.uasset" 9647
"../../../Engine/Content/EngineMaterials/Substrate/Glints2/dict_0006_0122.uasset" 9648
"/Engine/EngineMaterials/Substrate/Glints2/dict_0006_0108" 9649
"../../../Engine/Content/EngineMaterials/Substrate/Glints2/dict_0006_0118.uasset" 9650
"../../../Engine/Content/EngineMaterials/Substrate/Glints2/dict_0006_0121.uasset" 9651
"../../../Engine/Content/EngineMaterials/Substrate/Glints2/dict_0006_0119.uasset" 9652
"../../../Engine/Content/EngineMaterials/Substrate/Glints2/dict_0006_0123.uasset" 9653
"../../../Engine/Content/EngineMaterials/Substrate/Glints2/dict_0006_0120.uasset" 9654
"../../../Engine/Content/EngineMaterials/Substrate/Glints2/dict_0006_0117.uasset" 9655
"../../../Engine/Content/EngineMaterials/Substrate/Glints2/dict_0006_0125.uasset" 9656
"../../../Engine/Content/EngineMaterials/Substrate/Glints2/dict_0006_0124.uasset" 9657
"../../../Engine/Content/EngineMaterials/Substrate/Glints2/dict_0006_0126.uasset" 9658
"../../../Engine/Content/EngineMaterials/Substrate/Glints2/dict_0006_0127.uasset" 9659
"../../../Engine/Content/EngineMaterials/Substrate/Glints2/dict_0006_0128.uasset" 9660
"../../../Engine/Content/EngineMaterials/Substrate/Glints2/dict_0006_0129.uasset" 9661
"../../../Engine/Content/EngineMaterials/Substrate/Glints2/dict_0006_0130.uasset" 9662
"../../../Engine/Content/EngineMaterials/Substrate/Glints2/dict_0006_0131.uasset" 9663
"../../../Engine/Content/EngineMaterials/Substrate/Glints2/dict_0006_0132.uasset" 9664
"/Engine/EngineMaterials/Substrate/Glints2/dict_0006_0107" 9665
"/Engine/EngineMaterials/Substrate/Glints2/dict_0006_0106" 9666
"/Engine/EngineMaterials/Substrate/Glints2/dict_0006_0105" 9667
"/Engine/EngineMaterials/Substrate/Glints2/dict_0006_0104" 9668
"/Engine/EngineMaterials/Substrate/Glints2/dict_0006_0103" 9669
"/Engine/EngineMaterials/Substrate/Glints2/dict_0006_0102" 9670
"/Engine/EngineMaterials/Substrate/Glints2/dict_0006_0101" 9671
"/Engine/EngineMaterials/Substrate/Glints2/dict_0006_0132" 9672
"../../../Engine/Content/EngineMaterials/Substrate/Glints2/dict_0006_0133.uasset" 9673
"../../../Engine/Content/EngineMaterials/Substrate/Glints2/dict_0006_0134.uasset" 9674
"../../../Engine/Content/EngineMaterials/Substrate/Glints2/dict_0006_0135.uasset" 9675
"../../../Engine/Content/EngineMaterials/Substrate/Glints2/dict_0006_0136.uasset" 9676
"../../../Engine/Content/EngineMaterials/Substrate/Glints2/dict_0006_0141.uasset" 9677
"../../../Engine/Content/EngineMaterials/Substrate/Glints2/dict_0006_0137.uasset" 9678
"../../../Engine/Content/EngineMaterials/Substrate/Glints2/dict_0006_0138.uasset" 9679
"../../../Engine/Content/EngineMaterials/Substrate/Glints2/dict_0006_0139.uasset" 9680
"../../../Engine/Content/EngineMaterials/Substrate/Glints2/dict_0006_0140.uasset" 9681
"/Engine/EngineMaterials/Substrate/Glints2/dict_0006_0131" 9682
"/Engine/EngineMaterials/Substrate/Glints2/dict_0006_0130" 9683
"/Engine/EngineMaterials/Substrate/Glints2/dict_0006_0129" 9684
"/Engine/EngineMaterials/Substrate/Glints2/dict_0006_0128" 9685
"/Engine/EngineMaterials/Substrate/Glints2/dict_0006_0127" 9686
"/Engine/EngineMaterials/Substrate/Glints2/dict_0006_0126" 9687
"/Engine/EngineMaterials/Substrate/Glints2/dict_0006_0125" 9688
"/Engine/EngineMaterials/Substrate/Glints2/dict_0006_0124" 9689
"/Engine/EngineMaterials/Substrate/Glints2/dict_0006_0123" 9690
"/Engine/EngineMaterials/Substrate/Glints2/dict_0006_0122" 9691
"/Engine/EngineMaterials/Substrate/Glints2/dict_0006_0121" 9692
"/Engine/EngineMaterials/Substrate/Glints2/dict_0006_0120" 9693
"/Engine/EngineMaterials/Substrate/Glints2/dict_0006_0119" 9694
"/Engine/EngineMaterials/Substrate/Glints2/dict_0006_0118" 9695
"/Engine/EngineMaterials/Substrate/Glints2/dict_0006_0117" 9696
"/Engine/EngineMaterials/Substrate/Glints2/dict_0006_0116" 9697
"/Engine/EngineMaterials/Substrate/Glints2/dict_0006_0115" 9698
"/Engine/EngineMaterials/Substrate/Glints2/dict_0006_0114" 9699
"/Engine/EngineMaterials/Substrate/Glints2/dict_0006_0113" 9700
"/Engine/EngineMaterials/Substrate/Glints2/dict_0006_0112" 9701
"/Engine/EngineMaterials/Substrate/Glints2/dict_0006_0111" 9702
"/Engine/EngineMaterials/Substrate/Glints2/dict_0006_0110" 9703
"/Engine/EngineMaterials/Substrate/Glints2/dict_0006_0141" 9704
"../../../Engine/Content/EngineMaterials/Substrate/Glints2/dict_0006_0142.uasset" 9705
"../../../Engine/Content/EngineMaterials/Substrate/Glints2/dict_0006_0143.uasset" 9706
"../../../Engine/Content/EngineMaterials/Substrate/Glints2/dict_0006_0144.uasset" 9707
"../../../Engine/Content/EngineMaterials/Substrate/Glints2/dict_0006_0145.uasset" 9708
"../../../Engine/Content/EngineMaterials/Substrate/Glints2/dict_0006_0148.uasset" 9709
"../../../Engine/Content/EngineMaterials/Substrate/Glints2/dict_0006_0152.uasset" 9710
"../../../Engine/Content/EngineMaterials/Substrate/Glints2/dict_0006_0146.uasset" 9711
"../../../Engine/Content/EngineMaterials/Substrate/Glints2/dict_0006_0154.uasset" 9712
"../../../Engine/Content/EngineMaterials/Substrate/Glints2/dict_0006_0151.uasset" 9713
"/Engine/EngineMaterials/Substrate/Glints2/dict_0006_0140" 9714
"../../../Engine/Content/EngineMaterials/Substrate/Glints2/dict_0006_0153.uasset" 9715
"../../../Engine/Content/EngineMaterials/Substrate/Glints2/dict_0006_0157.uasset" 9716
"../../../Engine/Content/EngineMaterials/Substrate/Glints2/dict_0006_0147.uasset" 9717
"../../../Engine/Content/EngineMaterials/Substrate/Glints2/dict_0006_0155.uasset" 9718
"../../../Engine/Content/EngineMaterials/Substrate/Glints2/dict_0006_0149.uasset" 9719
"../../../Engine/Content/EngineMaterials/Substrate/Glints2/dict_0006_0156.uasset" 9720
"../../../Engine/Content/EngineMaterials/Substrate/Glints2/dict_0006_0159.uasset" 9721
"../../../Engine/Content/EngineMaterials/Substrate/Glints2/dict_0006_0150.uasset" 9722
"../../../Engine/Content/EngineMaterials/Substrate/Glints2/dict_0006_0158.uasset" 9723
"../../../Engine/Content/EngineMaterials/Substrate/Glints2/dict_0006_0161.uasset" 9724
"../../../Engine/Content/EngineMaterials/Substrate/Glints2/dict_0006_0160.uasset" 9725
"../../../Engine/Content/EngineMaterials/Substrate/Glints2/dict_0006_0162.uasset" 9726
"../../../Engine/Content/EngineMaterials/Substrate/Glints2/dict_0006_0163.uasset" 9727
"../../../Engine/Content/EngineMaterials/Substrate/Glints2/dict_0006_0164.uasset" 9728
"/Engine/EngineMaterials/Substrate/Glints2/dict_0006_0139" 9729
"/Engine/EngineMaterials/Substrate/Glints2/dict_0006_0138" 9730
"/Engine/EngineMaterials/Substrate/Glints2/dict_0006_0137" 9731
"/Engine/EngineMaterials/Substrate/Glints2/dict_0006_0136" 9732
"/Engine/EngineMaterials/Substrate/Glints2/dict_0006_0135" 9733
"/Engine/EngineMaterials/Substrate/Glints2/dict_0006_0134" 9734
"/Engine/EngineMaterials/Substrate/Glints2/dict_0006_0133" 9735
"/Engine/EngineMaterials/Substrate/Glints2/dict_0006_0164" 9736
"../../../Engine/Content/EngineMaterials/Substrate/Glints2/dict_0006_0165.uasset" 9737
"../../../Engine/Content/EngineMaterials/Substrate/Glints2/dict_0006_0167.uasset" 9738
"../../../Engine/Content/EngineMaterials/Substrate/Glints2/dict_0006_0169.uasset" 9739
"../../../Engine/Content/EngineMaterials/Substrate/Glints2/dict_0006_0170.uasset" 9740
"../../../Engine/Content/EngineMaterials/Substrate/Glints2/dict_0006_0166.uasset" 9741
"../../../Engine/Content/EngineMaterials/Substrate/Glints2/dict_0006_0173.uasset" 9742
"../../../Engine/Content/EngineMaterials/Substrate/Glints2/dict_0006_0168.uasset" 9743
"../../../Engine/Content/EngineMaterials/Substrate/Glints2/dict_0006_0172.uasset" 9744
"../../../Engine/Content/EngineMaterials/Substrate/Glints2/dict_0006_0171.uasset" 9745
"/Engine/EngineMaterials/Substrate/Glints2/dict_0006_0163" 9746
"/Engine/EngineMaterials/Substrate/Glints2/dict_0006_0162" 9747
"/Engine/EngineMaterials/Substrate/Glints2/dict_0006_0161" 9748
"/Engine/EngineMaterials/Substrate/Glints2/dict_0006_0160" 9749
"/Engine/EngineMaterials/Substrate/Glints2/dict_0006_0159" 9750
"/Engine/EngineMaterials/Substrate/Glints2/dict_0006_0158" 9751
"/Engine/EngineMaterials/Substrate/Glints2/dict_0006_0157" 9752
"/Engine/EngineMaterials/Substrate/Glints2/dict_0006_0156" 9753
"/Engine/EngineMaterials/Substrate/Glints2/dict_0006_0155" 9754
"/Engine/EngineMaterials/Substrate/Glints2/dict_0006_0154" 9755
"/Engine/EngineMaterials/Substrate/Glints2/dict_0006_0153" 9756
"/Engine/EngineMaterials/Substrate/Glints2/dict_0006_0152" 9757
"/Engine/EngineMaterials/Substrate/Glints2/dict_0006_0151" 9758
"/Engine/EngineMaterials/Substrate/Glints2/dict_0006_0150" 9759
"/Engine/EngineMaterials/Substrate/Glints2/dict_0006_0149" 9760
"/Engine/EngineMaterials/Substrate/Glints2/dict_0006_0148" 9761
"/Engine/EngineMaterials/Substrate/Glints2/dict_0006_0147" 9762
"/Engine/EngineMaterials/Substrate/Glints2/dict_0006_0146" 9763
"/Engine/EngineMaterials/Substrate/Glints2/dict_0006_0145" 9764
"/Engine/EngineMaterials/Substrate/Glints2/dict_0006_0144" 9765
"/Engine/EngineMaterials/Substrate/Glints2/dict_0006_0143" 9766
"/Engine/EngineMaterials/Substrate/Glints2/dict_0006_0142" 9767
"/Engine/EngineMaterials/Substrate/Glints2/dict_0006_0173" 9768
"../../../Engine/Content/EngineMaterials/Substrate/Glints2/dict_0006_0174.uasset" 9769
"../../../Engine/Content/EngineMaterials/Substrate/Glints2/dict_0006_0177.uasset" 9770
"../../../Engine/Content/EngineMaterials/Substrate/Glints2/dict_0006_0175.uasset" 9771
"../../../Engine/Content/EngineMaterials/Substrate/Glints2/dict_0006_0176.uasset" 9772
"../../../Engine/Content/EngineMaterials/Substrate/Glints2/dict_0006_0178.uasset" 9773
"../../../Engine/Content/EngineMaterials/Substrate/Glints2/dict_0006_0179.uasset" 9774
"../../../Engine/Content/EngineMaterials/Substrate/Glints2/dict_0006_0183.uasset" 9775
"../../../Engine/Content/EngineMaterials/Substrate/Glints2/dict_0006_0182.uasset" 9776
"../../../Engine/Content/EngineMaterials/Substrate/Glints2/dict_0006_0185.uasset" 9777
"../../../Engine/Content/EngineMaterials/Substrate/Glints2/dict_0006_0184.uasset" 9778
"../../../Engine/Content/EngineMaterials/Substrate/Glints2/dict_0006_0180.uasset" 9779
"../../../Engine/Content/EngineMaterials/Substrate/Glints2/dict_0006_0186.uasset" 9780
"../../../Engine/Content/EngineMaterials/Substrate/Glints2/dict_0006_0187.uasset" 9781
"../../../Engine/Content/EngineMaterials/Substrate/Glints2/dict_0006_0181.uasset" 9782
"/Engine/EngineMaterials/Substrate/Glints2/dict_0006_0172" 9783
"../../../Engine/Content/EngineMaterials/Substrate/Glints2/dict_0006_0188.uasset" 9784
"../../../Engine/Content/EngineMaterials/Substrate/Glints2/dict_0006_0189.uasset" 9785
"../../../Engine/Content/EngineMaterials/Substrate/Glints2/dict_0006_0190.uasset" 9786
"../../../Engine/Content/EngineMaterials/Substrate/Glints2/dict_0006_0193.uasset" 9787
"../../../Engine/Content/EngineMaterials/Substrate/Glints2/dict_0006_0196.uasset" 9788
"../../../Engine/Content/EngineMaterials/Substrate/Glints2/dict_0006_0195.uasset" 9789
"../../../Engine/Content/EngineMaterials/Substrate/Glints2/dict_0006_0192.uasset" 9790
"../../../Engine/Content/EngineMaterials/Substrate/Glints2/dict_0006_0191.uasset" 9791
"../../../Engine/Content/EngineMaterials/Substrate/Glints2/dict_0006_0194.uasset" 9792
"/Engine/EngineMaterials/Substrate/Glints2/dict_0006_0171" 9793
"/Engine/EngineMaterials/Substrate/Glints2/dict_0006_0170" 9794
"/Engine/EngineMaterials/Substrate/Glints2/dict_0006_0169" 9795
"/Engine/EngineMaterials/Substrate/Glints2/dict_0006_0168" 9796
"/Engine/EngineMaterials/Substrate/Glints2/dict_0006_0167" 9797
"/Engine/EngineMaterials/Substrate/Glints2/dict_0006_0166" 9798
"/Engine/EngineMaterials/Substrate/Glints2/dict_0006_0165" 9799
"/Engine/EngineMaterials/Substrate/Glints2/dict_0006_0196" 9800
"../../../Engine/Content/EngineMaterials/Substrate/Glints2/dict_0006_0198.uasset" 9801
"../../../Engine/Content/EngineMaterials/Substrate/Glints2/dict_0006_0199.uasset" 9802
"../../../Engine/Content/EngineMaterials/Substrate/Glints2/dict_0006_0197.uasset" 9803
"../../../Engine/Content/EngineMaterials/Substrate/Glints2/dict_0006_0201.uasset" 9804
"../../../Engine/Content/EngineMaterials/Substrate/Glints2/dict_0006_0200.uasset" 9805
"../../../Engine/Content/EngineMaterials/Substrate/Glints2/dict_0006_0202.uasset" 9806
"../../../Engine/Content/EngineMaterials/Substrate/Glints2/dict_0006_0203.uasset" 9807
"../../../Engine/Content/EngineMaterials/Substrate/Glints2/dict_0006_0205.uasset" 9808
"../../../Engine/Content/EngineMaterials/Substrate/Glints2/dict_0006_0204.uasset" 9809
"/Engine/EngineMaterials/Substrate/Glints2/dict_0006_0195" 9810
"/Engine/EngineMaterials/Substrate/Glints2/dict_0006_0194" 9811
"/Engine/EngineMaterials/Substrate/Glints2/dict_0006_0193" 9812
"/Engine/EngineMaterials/Substrate/Glints2/dict_0006_0192" 9813
"/Engine/EngineMaterials/Substrate/Glints2/dict_0006_0191" 9814
"/Engine/EngineMaterials/Substrate/Glints2/dict_0006_0190" 9815
"/Engine/EngineMaterials/Substrate/Glints2/dict_0006_0189" 9816
"/Engine/EngineMaterials/Substrate/Glints2/dict_0006_0188" 9817
"/Engine/EngineMaterials/Substrate/Glints2/dict_0006_0187" 9818
"/Engine/EngineMaterials/Substrate/Glints2/dict_0006_0186" 9819
"/Engine/EngineMaterials/Substrate/Glints2/dict_0006_0185" 9820
"/Engine/EngineMaterials/Substrate/Glints2/dict_0006_0184" 9821
"/Engine/EngineMaterials/Substrate/Glints2/dict_0006_0183" 9822
"/Engine/EngineMaterials/Substrate/Glints2/dict_0006_0182" 9823
"/Engine/EngineMaterials/Substrate/Glints2/dict_0006_0181" 9824
"/Engine/EngineMaterials/Substrate/Glints2/dict_0006_0180" 9825
"/Engine/EngineMaterials/Substrate/Glints2/dict_0006_0179" 9826
"/Engine/EngineMaterials/Substrate/Glints2/dict_0006_0178" 9827
"/Engine/EngineMaterials/Substrate/Glints2/dict_0006_0177" 9828
"/Engine/EngineMaterials/Substrate/Glints2/dict_0006_0176" 9829
"/Engine/EngineMaterials/Substrate/Glints2/dict_0006_0175" 9830
"/Engine/EngineMaterials/Substrate/Glints2/dict_0006_0174" 9831
"/Engine/EngineMaterials/Substrate/Glints2/dict_0006_0205" 9832
"../../../Engine/Content/EngineMaterials/Substrate/Glints2/dict_0006_0206.uasset" 9833
"../../../Engine/Content/EngineMaterials/Substrate/Glints2/dict_0006_0207.uasset" 9834
"../../../Engine/Content/EngineMaterials/Substrate/Glints2/dict_0006_0208.uasset" 9835
"../../../Engine/Content/EngineMaterials/Substrate/Glints2/dict_0006_0209.uasset" 9836
"../../../Engine/Content/EngineMaterials/Substrate/Glints2/dict_0006_0210.uasset" 9837
"../../../Engine/Content/EngineMaterials/Substrate/Glints2/dict_0006_0211.uasset" 9838
"../../../Engine/Content/EngineMaterials/Substrate/Glints2/dict_0006_0213.uasset" 9839
"../../../Engine/Content/EngineMaterials/Substrate/Glints2/dict_0006_0214.uasset" 9840
"../../../Engine/Content/EngineMaterials/Substrate/Glints2/dict_0006_0219.uasset" 9841
"../../../Engine/Content/EngineMaterials/Substrate/Glints2/dict_0006_0217.uasset" 9842
"../../../Engine/Content/EngineMaterials/Substrate/Glints2/dict_0006_0218.uasset" 9843
"/Engine/EngineMaterials/Substrate/Glints2/dict_0006_0204" 9844
"../../../Engine/Content/EngineMaterials/Substrate/Glints2/dict_0006_0212.uasset" 9845
"../../../Engine/Content/EngineMaterials/Substrate/Glints2/dict_0006_0216.uasset" 9846
"../../../Engine/Content/EngineMaterials/Substrate/Glints2/dict_0006_0215.uasset" 9847
"../../../Engine/Content/EngineMaterials/Substrate/Glints2/dict_0006_0220.uasset" 9848
"../../../Engine/Content/EngineMaterials/Substrate/Glints2/dict_0006_0221.uasset" 9849
"../../../Engine/Content/EngineMaterials/Substrate/Glints2/dict_0006_0223.uasset" 9850
"../../../Engine/Content/EngineMaterials/Substrate/Glints2/dict_0006_0224.uasset" 9851
"../../../Engine/Content/EngineMaterials/Substrate/Glints2/dict_0006_0226.uasset" 9852
"../../../Engine/Content/EngineMaterials/Substrate/Glints2/dict_0006_0228.uasset" 9853
"../../../Engine/Content/EngineMaterials/Substrate/Glints2/dict_0006_0225.uasset" 9854
"../../../Engine/Content/EngineMaterials/Substrate/Glints2/dict_0006_0222.uasset" 9855
"../../../Engine/Content/EngineMaterials/Substrate/Glints2/dict_0006_0227.uasset" 9856
"/Engine/EngineMaterials/Substrate/Glints2/dict_0006_0203" 9857
"/Engine/EngineMaterials/Substrate/Glints2/dict_0006_0202" 9858
"/Engine/EngineMaterials/Substrate/Glints2/dict_0006_0201" 9859
"/Engine/EngineMaterials/Substrate/Glints2/dict_0006_0200" 9860
"/Engine/EngineMaterials/Substrate/Glints2/dict_0006_0199" 9861
"/Engine/EngineMaterials/Substrate/Glints2/dict_0006_0198" 9862
"/Engine/EngineMaterials/Substrate/Glints2/dict_0006_0197" 9863
"/Engine/EngineMaterials/Substrate/Glints2/dict_0006_0228" 9864
"../../../Engine/Content/EngineMaterials/Substrate/Glints2/dict_0006_0230.uasset" 9865
"../../../Engine/Content/EngineMaterials/Substrate/Glints2/dict_0006_0232.uasset" 9866
"../../../Engine/Content/EngineMaterials/Substrate/Glints2/dict_0006_0231.uasset" 9867
"../../../Engine/Content/EngineMaterials/Substrate/Glints2/dict_0006_0233.uasset" 9868
"../../../Engine/Content/EngineMaterials/Substrate/Glints2/dict_0006_0235.uasset" 9869
"../../../Engine/Content/EngineMaterials/Substrate/Glints2/dict_0006_0236.uasset" 9870
"../../../Engine/Content/EngineMaterials/Substrate/Glints2/dict_0006_0237.uasset" 9871
"../../../Engine/Content/EngineMaterials/Substrate/Glints2/dict_0006_0229.uasset" 9872
"../../../Engine/Content/EngineMaterials/Substrate/Glints2/dict_0006_0234.uasset" 9873
"/Engine/EngineMaterials/Substrate/Glints2/dict_0006_0227" 9874
"/Engine/EngineMaterials/Substrate/Glints2/dict_0006_0226" 9875
"/Engine/EngineMaterials/Substrate/Glints2/dict_0006_0225" 9876
"/Engine/EngineMaterials/Substrate/Glints2/dict_0006_0224" 9877
"/Engine/EngineMaterials/Substrate/Glints2/dict_0006_0223" 9878
"/Engine/EngineMaterials/Substrate/Glints2/dict_0006_0222" 9879
"/Engine/EngineMaterials/Substrate/Glints2/dict_0006_0221" 9880
"/Engine/EngineMaterials/Substrate/Glints2/dict_0006_0220" 9881
"/Engine/EngineMaterials/Substrate/Glints2/dict_0006_0219" 9882
"/Engine/EngineMaterials/Substrate/Glints2/dict_0006_0218" 9883
"/Engine/EngineMaterials/Substrate/Glints2/dict_0006_0217" 9884
"/Engine/EngineMaterials/Substrate/Glints2/dict_0006_0216" 9885
"/Engine/EngineMaterials/Substrate/Glints2/dict_0006_0215" 9886
"/Engine/EngineMaterials/Substrate/Glints2/dict_0006_0214" 9887
"/Engine/EngineMaterials/Substrate/Glints2/dict_0006_0213" 9888
"/Engine/EngineMaterials/Substrate/Glints2/dict_0006_0212" 9889
"/Engine/EngineMaterials/Substrate/Glints2/dict_0006_0211" 9890
"/Engine/EngineMaterials/Substrate/Glints2/dict_0006_0210" 9891
"/Engine/EngineMaterials/Substrate/Glints2/dict_0006_0209" 9892
"/Engine/EngineMaterials/Substrate/Glints2/dict_0006_0208" 9893
"/Engine/EngineMaterials/Substrate/Glints2/dict_0006_0207" 9894
"/Engine/EngineMaterials/Substrate/Glints2/dict_0006_0206" 9895
"/Engine/EngineMaterials/Substrate/Glints2/dict_0006_0237" 9896
"../../../Engine/Content/EngineMaterials/Substrate/Glints2/dict_0006_0238.uasset" 9897
"../../../Engine/Content/EngineMaterials/Substrate/Glints2/dict_0006_0239.uasset" 9898
"../../../Engine/Content/EngineMaterials/Substrate/Glints2/dict_0006_0241.uasset" 9899
"../../../Engine/Content/EngineMaterials/Substrate/Glints2/dict_0006_0240.uasset" 9900
"../../../Engine/Content/EngineMaterials/Substrate/Glints2/dict_0006_0242.uasset" 9901
"../../../Engine/Content/EngineMaterials/Substrate/Glints2/dict_0006_0245.uasset" 9902
"../../../Engine/Content/EngineMaterials/Substrate/Glints2/dict_0006_0244.uasset" 9903
"../../../Engine/Content/EngineMaterials/Substrate/Glints2/dict_0006_0246.uasset" 9904
"../../../Engine/Content/EngineMaterials/Substrate/Glints2/dict_0006_0247.uasset" 9905
"../../../Engine/Content/EngineMaterials/Substrate/Glints2/dict_0006_0249.uasset" 9906
"../../../Engine/Content/EngineMaterials/Substrate/Glints2/dict_0006_0248.uasset" 9907
"../../../Engine/Content/EngineMaterials/Substrate/Glints2/dict_0006_0243.uasset" 9908
"../../../Engine/Content/EngineMaterials/Substrate/Glints2/dict_0006_0251.uasset" 9909
"/Engine/EngineMaterials/Substrate/Glints2/dict_0006_0236" 9910
"../../../Engine/Content/EngineMaterials/Substrate/Glints2/dict_0006_0250.uasset" 9911
"../../../Engine/Content/EngineMaterials/Substrate/Glints2/dict_0006_0253.uasset" 9912
"../../../Engine/Content/EngineMaterials/Substrate/Glints2/dict_0006_0252.uasset" 9913
"../../../Engine/Content/EngineMaterials/Substrate/Glints2/dict_0006_0254.uasset" 9914
"../../../Engine/Content/EngineMaterials/Substrate/Glints2/dict_0006_0255.uasset" 9915
"../../../Engine/Content/EngineMaterials/Substrate/Glints2/dict_0007_0000.uasset" 9916
"../../../Engine/Content/EngineMaterials/Substrate/Glints2/dict_0007_0001.uasset" 9917
"../../../Engine/Content/EngineMaterials/Substrate/Glints2/dict_0007_0003.uasset" 9918
"../../../Engine/Content/EngineMaterials/Substrate/Glints2/dict_0007_0002.uasset" 9919
"../../../Engine/Content/EngineMaterials/Substrate/Glints2/dict_0007_0004.uasset" 9920
"/Engine/EngineMaterials/Substrate/Glints2/dict_0006_0235" 9921
"/Engine/EngineMaterials/Substrate/Glints2/dict_0006_0234" 9922
"/Engine/EngineMaterials/Substrate/Glints2/dict_0006_0233" 9923
"/Engine/EngineMaterials/Substrate/Glints2/dict_0006_0232" 9924
"/Engine/EngineMaterials/Substrate/Glints2/dict_0006_0231" 9925
"/Engine/EngineMaterials/Substrate/Glints2/dict_0006_0230" 9926
"/Engine/EngineMaterials/Substrate/Glints2/dict_0006_0229" 9927
"/Engine/EngineMaterials/Substrate/Glints2/dict_0007_0004" 9928
"../../../Engine/Content/EngineMaterials/Substrate/Glints2/dict_0007_0005.uasset" 9929
"../../../Engine/Content/EngineMaterials/Substrate/Glints2/dict_0007_0006.uasset" 9930
"../../../Engine/Content/EngineMaterials/Substrate/Glints2/dict_0007_0007.uasset" 9931
"../../../Engine/Content/EngineMaterials/Substrate/Glints2/dict_0007_0009.uasset" 9932
"../../../Engine/Content/EngineMaterials/Substrate/Glints2/dict_0007_0011.uasset" 9933
"../../../Engine/Content/EngineMaterials/Substrate/Glints2/dict_0007_0012.uasset" 9934
"../../../Engine/Content/EngineMaterials/Substrate/Glints2/dict_0007_0010.uasset" 9935
"../../../Engine/Content/EngineMaterials/Substrate/Glints2/dict_0007_0013.uasset" 9936
"../../../Engine/Content/EngineMaterials/Substrate/Glints2/dict_0007_0008.uasset" 9937
"/Engine/EngineMaterials/Substrate/Glints2/dict_0007_0003" 9938
"/Engine/EngineMaterials/Substrate/Glints2/dict_0007_0002" 9939
"/Engine/EngineMaterials/Substrate/Glints2/dict_0007_0001" 9940
"/Engine/EngineMaterials/Substrate/Glints2/dict_0007_0000" 9941
"/Engine/EngineMaterials/Substrate/Glints2/dict_0006_0255" 9942
"/Engine/EngineMaterials/Substrate/Glints2/dict_0006_0254" 9943
"/Engine/EngineMaterials/Substrate/Glints2/dict_0006_0253" 9944
"/Engine/EngineMaterials/Substrate/Glints2/dict_0006_0252" 9945
"/Engine/EngineMaterials/Substrate/Glints2/dict_0006_0251" 9946
"/Engine/EngineMaterials/Substrate/Glints2/dict_0006_0250" 9947
"/Engine/EngineMaterials/Substrate/Glints2/dict_0006_0249" 9948
"/Engine/EngineMaterials/Substrate/Glints2/dict_0006_0248" 9949
"/Engine/EngineMaterials/Substrate/Glints2/dict_0006_0247" 9950
"/Engine/EngineMaterials/Substrate/Glints2/dict_0006_0246" 9951
"/Engine/EngineMaterials/Substrate/Glints2/dict_0006_0245" 9952
"/Engine/EngineMaterials/Substrate/Glints2/dict_0006_0244" 9953
"/Engine/EngineMaterials/Substrate/Glints2/dict_0006_0243" 9954
"/Engine/EngineMaterials/Substrate/Glints2/dict_0006_0242" 9955
"/Engine/EngineMaterials/Substrate/Glints2/dict_0006_0241" 9956
"/Engine/EngineMaterials/Substrate/Glints2/dict_0006_0240" 9957
"/Engine/EngineMaterials/Substrate/Glints2/dict_0006_0239" 9958
"/Engine/EngineMaterials/Substrate/Glints2/dict_0006_0238" 9959
"/Engine/EngineMaterials/Substrate/Glints2/dict_0007_0013" 9960
"../../../Engine/Content/EngineMaterials/Substrate/Glints2/dict_0007_0015.uasset" 9961
"../../../Engine/Content/EngineMaterials/Substrate/Glints2/dict_0007_0014.uasset" 9962
"../../../Engine/Content/EngineMaterials/Substrate/Glints2/dict_0007_0018.uasset" 9963
"../../../Engine/Content/EngineMaterials/Substrate/Glints2/dict_0007_0016.uasset" 9964
"../../../Engine/Content/EngineMaterials/Substrate/Glints2/dict_0007_0022.uasset" 9965
"../../../Engine/Content/EngineMaterials/Substrate/Glints2/dict_0007_0020.uasset" 9966
"../../../Engine/Content/EngineMaterials/Substrate/Glints2/dict_0007_0021.uasset" 9967
"../../../Engine/Content/EngineMaterials/Substrate/Glints2/dict_0007_0025.uasset" 9968
"../../../Engine/Content/EngineMaterials/Substrate/Glints2/dict_0007_0023.uasset" 9969
"/Engine/EngineMaterials/Substrate/Glints2/dict_0007_0012" 9970
"../../../Engine/Content/EngineMaterials/Substrate/Glints2/dict_0007_0019.uasset" 9971
"../../../Engine/Content/EngineMaterials/Substrate/Glints2/dict_0007_0026.uasset" 9972
"../../../Engine/Content/EngineMaterials/Substrate/Glints2/dict_0007_0027.uasset" 9973
"../../../Engine/Content/EngineMaterials/Substrate/Glints2/dict_0007_0024.uasset" 9974
"../../../Engine/Content/EngineMaterials/Substrate/Glints2/dict_0007_0028.uasset" 9975
"../../../Engine/Content/EngineMaterials/Substrate/Glints2/dict_0007_0017.uasset" 9976
"../../../Engine/Content/EngineMaterials/Substrate/Glints2/dict_0007_0029.uasset" 9977
"../../../Engine/Content/EngineMaterials/Substrate/Glints2/dict_0007_0030.uasset" 9978
"../../../Engine/Content/EngineMaterials/Substrate/Glints2/dict_0007_0031.uasset" 9979
"../../../Engine/Content/EngineMaterials/Substrate/Glints2/dict_0007_0032.uasset" 9980
"/Engine/EngineMaterials/Substrate/Glints2/dict_0007_0011" 9981
"../../../Engine/Content/EngineMaterials/Substrate/Glints2/dict_0007_0034.uasset" 9982
"../../../Engine/Content/EngineMaterials/Substrate/Glints2/dict_0007_0036.uasset" 9983
"../../../Engine/Content/EngineMaterials/Substrate/Glints2/dict_0007_0033.uasset" 9984
"../../../Engine/Content/EngineMaterials/Substrate/Glints2/dict_0007_0035.uasset" 9985
"/Engine/EngineMaterials/Substrate/Glints2/dict_0007_0010" 9986
"/Engine/EngineMaterials/Substrate/Glints2/dict_0007_0009" 9987
"/Engine/EngineMaterials/Substrate/Glints2/dict_0007_0008" 9988
"/Engine/EngineMaterials/Substrate/Glints2/dict_0007_0007" 9989
"/Engine/EngineMaterials/Substrate/Glints2/dict_0007_0006" 9990
"/Engine/EngineMaterials/Substrate/Glints2/dict_0007_0005" 9991
"/Engine/EngineMaterials/Substrate/Glints2/dict_0007_0036" 9992
"../../../Engine/Content/EngineMaterials/Substrate/Glints2/dict_0007_0037.uasset" 9993
"../../../Engine/Content/EngineMaterials/Substrate/Glints2/dict_0007_0038.uasset" 9994
"../../../Engine/Content/EngineMaterials/Substrate/Glints2/dict_0007_0039.uasset" 9995
"../../../Engine/Content/EngineMaterials/Substrate/Glints2/dict_0007_0042.uasset" 9996
"../../../Engine/Content/EngineMaterials/Substrate/Glints2/dict_0007_0040.uasset" 9997
"/Engine/EngineMaterials/Substrate/Glints2/dict_0007_0035" 9998
"../../../Engine/Content/EngineMaterials/Substrate/Glints2/dict_0007_0043.uasset" 9999
"../../../Engine/Content/EngineMaterials/Substrate/Glints2/dict_0007_0045.uasset" 10000
"../../../Engine/Content/EngineMaterials/Substrate/Glints2/dict_0007_0041.uasset" 10001
"../../../Engine/Content/EngineMaterials/Substrate/Glints2/dict_0007_0044.uasset" 10002
"/Engine/EngineMaterials/Substrate/Glints2/dict_0007_0034" 10003
"/Engine/EngineMaterials/Substrate/Glints2/dict_0007_0033" 10004
"/Engine/EngineMaterials/Substrate/Glints2/dict_0007_0032" 10005
"/Engine/EngineMaterials/Substrate/Glints2/dict_0007_0031" 10006
"/Engine/EngineMaterials/Substrate/Glints2/dict_0007_0030" 10007
"/Engine/EngineMaterials/Substrate/Glints2/dict_0007_0029" 10008
"/Engine/EngineMaterials/Substrate/Glints2/dict_0007_0028" 10009
"/Engine/EngineMaterials/Substrate/Glints2/dict_0007_0027" 10010
"/Engine/EngineMaterials/Substrate/Glints2/dict_0007_0026" 10011
"/Engine/EngineMaterials/Substrate/Glints2/dict_0007_0025" 10012
"/Engine/EngineMaterials/Substrate/Glints2/dict_0007_0024" 10013
"/Engine/EngineMaterials/Substrate/Glints2/dict_0007_0023" 10014
"/Engine/EngineMaterials/Substrate/Glints2/dict_0007_0022" 10015
"/Engine/EngineMaterials/Substrate/Glints2/dict_0007_0021" 10016
"/Engine/EngineMaterials/Substrate/Glints2/dict_0007_0020" 10017
"/Engine/EngineMaterials/Substrate/Glints2/dict_0007_0019" 10018
"/Engine/EngineMaterials/Substrate/Glints2/dict_0007_0018" 10019
"/Engine/EngineMaterials/Substrate/Glints2/dict_0007_0017" 10020
"/Engine/EngineMaterials/Substrate/Glints2/dict_0007_0016" 10021
"/Engine/EngineMaterials/Substrate/Glints2/dict_0007_0015" 10022
"/Engine/EngineMaterials/Substrate/Glints2/dict_0007_0014" 10023
"/Engine/EngineMaterials/Substrate/Glints2/dict_0007_0045" 10024
"../../../Engine/Content/EngineMaterials/Substrate/Glints2/dict_0007_0046.uasset" 10025
"../../../Engine/Content/EngineMaterials/Substrate/Glints2/dict_0007_0047.uasset" 10026
"../../../Engine/Content/EngineMaterials/Substrate/Glints2/dict_0007_0048.uasset" 10027
"../../../Engine/Content/EngineMaterials/Substrate/Glints2/dict_0007_0052.uasset" 10028
"../../../Engine/Content/EngineMaterials/Substrate/Glints2/dict_0007_0049.uasset" 10029
"../../../Engine/Content/EngineMaterials/Substrate/Glints2/dict_0007_0053.uasset" 10030
"/Engine/EngineMaterials/Substrate/Glints2/dict_0007_0044" 10031
"../../../Engine/Content/EngineMaterials/Substrate/Glints2/dict_0007_0054.uasset" 10032
"../../../Engine/Content/EngineMaterials/Substrate/Glints2/dict_0007_0057.uasset" 10033
"../../../Engine/Content/EngineMaterials/Substrate/Glints2/dict_0007_0050.uasset" 10034
"../../../Engine/Content/EngineMaterials/Substrate/Glints2/dict_0007_0060.uasset" 10035
"../../../Engine/Content/EngineMaterials/Substrate/Glints2/dict_0007_0058.uasset" 10036
"../../../Engine/Content/EngineMaterials/Substrate/Glints2/dict_0007_0051.uasset" 10037
"../../../Engine/Content/EngineMaterials/Substrate/Glints2/dict_0007_0061.uasset" 10038
"../../../Engine/Content/EngineMaterials/Substrate/Glints2/dict_0007_0055.uasset" 10039
"../../../Engine/Content/EngineMaterials/Substrate/Glints2/dict_0007_0059.uasset" 10040
"../../../Engine/Content/EngineMaterials/Substrate/Glints2/dict_0007_0056.uasset" 10041
"../../../Engine/Content/EngineMaterials/Substrate/Glints2/dict_0007_0063.uasset" 10042
"../../../Engine/Content/EngineMaterials/Substrate/Glints2/dict_0007_0062.uasset" 10043
"../../../Engine/Content/EngineMaterials/Substrate/Glints2/dict_0007_0065.uasset" 10044
"../../../Engine/Content/EngineMaterials/Substrate/Glints2/dict_0007_0064.uasset" 10045
"../../../Engine/Content/EngineMaterials/Substrate/Glints2/dict_0007_0066.uasset" 10046
"../../../Engine/Content/EngineMaterials/Substrate/Glints2/dict_0007_0067.uasset" 10047
"/Engine/EngineMaterials/Substrate/Glints2/dict_0007_0043" 10048
"../../../Engine/Content/EngineMaterials/Substrate/Glints2/dict_0007_0068.uasset" 10049
"/Engine/EngineMaterials/Substrate/Glints2/dict_0007_0042" 10050
"/Engine/EngineMaterials/Substrate/Glints2/dict_0007_0041" 10051
"/Engine/EngineMaterials/Substrate/Glints2/dict_0007_0040" 10052
"/Engine/EngineMaterials/Substrate/Glints2/dict_0007_0039" 10053
"/Engine/EngineMaterials/Substrate/Glints2/dict_0007_0038" 10054
"/Engine/EngineMaterials/Substrate/Glints2/dict_0007_0037" 10055
"/Engine/EngineMaterials/Substrate/Glints2/dict_0007_0068" 10056
"../../../Engine/Content/EngineMaterials/Substrate/Glints2/dict_0007_0069.uasset" 10057
"../../../Engine/Content/EngineMaterials/Substrate/Glints2/dict_0007_0070.uasset" 10058
"../../../Engine/Content/EngineMaterials/Substrate/Glints2/dict_0007_0071.uasset" 10059
"../../../Engine/Content/EngineMaterials/Substrate/Glints2/dict_0007_0072.uasset" 10060
"../../../Engine/Content/EngineMaterials/Substrate/Glints2/dict_0007_0073.uasset" 10061
"../../../Engine/Content/EngineMaterials/Substrate/Glints2/dict_0007_0076.uasset" 10062
"../../../Engine/Content/EngineMaterials/Substrate/Glints2/dict_0007_0074.uasset" 10063
"../../../Engine/Content/EngineMaterials/Substrate/Glints2/dict_0007_0075.uasset" 10064
"../../../Engine/Content/EngineMaterials/Substrate/Glints2/dict_0007_0077.uasset" 10065
"/Engine/EngineMaterials/Substrate/Glints2/dict_0007_0067" 10066
"/Engine/EngineMaterials/Substrate/Glints2/dict_0007_0066" 10067
"/Engine/EngineMaterials/Substrate/Glints2/dict_0007_0065" 10068
"/Engine/EngineMaterials/Substrate/Glints2/dict_0007_0064" 10069
"/Engine/EngineMaterials/Substrate/Glints2/dict_0007_0063" 10070
"/Engine/EngineMaterials/Substrate/Glints2/dict_0007_0062" 10071
"/Engine/EngineMaterials/Substrate/Glints2/dict_0007_0061" 10072
"/Engine/EngineMaterials/Substrate/Glints2/dict_0007_0060" 10073
"/Engine/EngineMaterials/Substrate/Glints2/dict_0007_0059" 10074
"/Engine/EngineMaterials/Substrate/Glints2/dict_0007_0058" 10075
"/Engine/EngineMaterials/Substrate/Glints2/dict_0007_0057" 10076
"/Engine/EngineMaterials/Substrate/Glints2/dict_0007_0056" 10077
"/Engine/EngineMaterials/Substrate/Glints2/dict_0007_0055" 10078
"/Engine/EngineMaterials/Substrate/Glints2/dict_0007_0054" 10079
"/Engine/EngineMaterials/Substrate/Glints2/dict_0007_0053" 10080
"/Engine/EngineMaterials/Substrate/Glints2/dict_0007_0052" 10081
"/Engine/EngineMaterials/Substrate/Glints2/dict_0007_0051" 10082
"/Engine/EngineMaterials/Substrate/Glints2/dict_0007_0050" 10083
"/Engine/EngineMaterials/Substrate/Glints2/dict_0007_0049" 10084
"/Engine/EngineMaterials/Substrate/Glints2/dict_0007_0048" 10085
"/Engine/EngineMaterials/Substrate/Glints2/dict_0007_0047" 10086
"/Engine/EngineMaterials/Substrate/Glints2/dict_0007_0046" 10087
"/Engine/EngineMaterials/Substrate/Glints2/dict_0007_0077" 10088
"../../../Engine/Content/EngineMaterials/Substrate/Glints2/dict_0007_0080.uasset" 10089
"../../../Engine/Content/EngineMaterials/Substrate/Glints2/dict_0007_0079.uasset" 10090
"../../../Engine/Content/EngineMaterials/Substrate/Glints2/dict_0007_0078.uasset" 10091
"../../../Engine/Content/EngineMaterials/Substrate/Glints2/dict_0007_0082.uasset" 10092
"/Engine/EngineMaterials/Substrate/Glints2/dict_0007_0076" 10093
"../../../Engine/Content/EngineMaterials/Substrate/Glints2/dict_0007_0085.uasset" 10094
"../../../Engine/Content/EngineMaterials/Substrate/Glints2/dict_0007_0086.uasset" 10095
"../../../Engine/Content/EngineMaterials/Substrate/Glints2/dict_0007_0087.uasset" 10096
"../../../Engine/Content/EngineMaterials/Substrate/Glints2/dict_0007_0084.uasset" 10097
"../../../Engine/Content/EngineMaterials/Substrate/Glints2/dict_0007_0089.uasset" 10098
"../../../Engine/Content/EngineMaterials/Substrate/Glints2/dict_0007_0088.uasset" 10099
"../../../Engine/Content/EngineMaterials/Substrate/Glints2/dict_0007_0090.uasset" 10100
"../../../Engine/Content/EngineMaterials/Substrate/Glints2/dict_0007_0083.uasset" 10101
"../../../Engine/Content/EngineMaterials/Substrate/Glints2/dict_0007_0091.uasset" 10102
"../../../Engine/Content/EngineMaterials/Substrate/Glints2/dict_0007_0081.uasset" 10103
"../../../Engine/Content/EngineMaterials/Substrate/Glints2/dict_0007_0092.uasset" 10104
"../../../Engine/Content/EngineMaterials/Substrate/Glints2/dict_0007_0094.uasset" 10105
"../../../Engine/Content/EngineMaterials/Substrate/Glints2/dict_0007_0093.uasset" 10106
"../../../Engine/Content/EngineMaterials/Substrate/Glints2/dict_0007_0095.uasset" 10107
"../../../Engine/Content/EngineMaterials/Substrate/Glints2/dict_0007_0096.uasset" 10108
"../../../Engine/Content/EngineMaterials/Substrate/Glints2/dict_0007_0097.uasset" 10109
"../../../Engine/Content/EngineMaterials/Substrate/Glints2/dict_0007_0099.uasset" 10110
"../../../Engine/Content/EngineMaterials/Substrate/Glints2/dict_0007_0098.uasset" 10111
"../../../Engine/Content/EngineMaterials/Substrate/Glints2/dict_0007_0100.uasset" 10112
"/Engine/EngineMaterials/Substrate/Glints2/dict_0007_0075" 10113
"/Engine/EngineMaterials/Substrate/Glints2/dict_0007_0074" 10114
"/Engine/EngineMaterials/Substrate/Glints2/dict_0007_0073" 10115
"/Engine/EngineMaterials/Substrate/Glints2/dict_0007_0072" 10116
"/Engine/EngineMaterials/Substrate/Glints2/dict_0007_0071" 10117
"/Engine/EngineMaterials/Substrate/Glints2/dict_0007_0070" 10118
"/Engine/EngineMaterials/Substrate/Glints2/dict_0007_0069" 10119
"/Engine/EngineMaterials/Substrate/Glints2/dict_0007_0100" 10120
"../../../Engine/Content/EngineMaterials/Substrate/Glints2/dict_0007_0102.uasset" 10121
"../../../Engine/Content/EngineMaterials/Substrate/Glints2/dict_0007_0101.uasset" 10122
"../../../Engine/Content/EngineMaterials/Substrate/Glints2/dict_0007_0104.uasset" 10123
"../../../Engine/Content/EngineMaterials/Substrate/Glints2/dict_0007_0105.uasset" 10124
"../../../Engine/Content/EngineMaterials/Substrate/Glints2/dict_0007_0107.uasset" 10125
"../../../Engine/Content/EngineMaterials/Substrate/Glints2/dict_0007_0103.uasset" 10126
"../../../Engine/Content/EngineMaterials/Substrate/Glints2/dict_0007_0109.uasset" 10127
"../../../Engine/Content/EngineMaterials/Substrate/Glints2/dict_0007_0106.uasset" 10128
"/Engine/EngineMaterials/Substrate/Glints2/dict_0007_0099" 10129
"../../../Engine/Content/EngineMaterials/Substrate/Glints2/dict_0007_0108.uasset" 10130
"/Engine/EngineMaterials/Substrate/Glints2/dict_0007_0098" 10131
"/Engine/EngineMaterials/Substrate/Glints2/dict_0007_0097" 10132
"/Engine/EngineMaterials/Substrate/Glints2/dict_0007_0096" 10133
"/Engine/EngineMaterials/Substrate/Glints2/dict_0007_0095" 10134
"/Engine/EngineMaterials/Substrate/Glints2/dict_0007_0094" 10135
"/Engine/EngineMaterials/Substrate/Glints2/dict_0007_0093" 10136
"/Engine/EngineMaterials/Substrate/Glints2/dict_0007_0092" 10137
"/Engine/EngineMaterials/Substrate/Glints2/dict_0007_0091" 10138
"/Engine/EngineMaterials/Substrate/Glints2/dict_0007_0090" 10139
"/Engine/EngineMaterials/Substrate/Glints2/dict_0007_0089" 10140
"/Engine/EngineMaterials/Substrate/Glints2/dict_0007_0088" 10141
"/Engine/EngineMaterials/Substrate/Glints2/dict_0007_0087" 10142
"/Engine/EngineMaterials/Substrate/Glints2/dict_0007_0086" 10143
"/Engine/EngineMaterials/Substrate/Glints2/dict_0007_0085" 10144
"/Engine/EngineMaterials/Substrate/Glints2/dict_0007_0084" 10145
"/Engine/EngineMaterials/Substrate/Glints2/dict_0007_0083" 10146
"/Engine/EngineMaterials/Substrate/Glints2/dict_0007_0082" 10147
"/Engine/EngineMaterials/Substrate/Glints2/dict_0007_0081" 10148
"/Engine/EngineMaterials/Substrate/Glints2/dict_0007_0080" 10149
"/Engine/EngineMaterials/Substrate/Glints2/dict_0007_0079" 10150
"/Engine/EngineMaterials/Substrate/Glints2/dict_0007_0078" 10151
"/Engine/EngineMaterials/Substrate/Glints2/dict_0007_0109" 10152
"../../../Engine/Content/EngineMaterials/Substrate/Glints2/dict_0007_0111.uasset" 10153
"../../../Engine/Content/EngineMaterials/Substrate/Glints2/dict_0007_0112.uasset" 10154
"../../../Engine/Content/EngineMaterials/Substrate/Glints2/dict_0007_0110.uasset" 10155
"../../../Engine/Content/EngineMaterials/Substrate/Glints2/dict_0007_0113.uasset" 10156
"../../../Engine/Content/EngineMaterials/Substrate/Glints2/dict_0007_0114.uasset" 10157
"../../../Engine/Content/EngineMaterials/Substrate/Glints2/dict_0007_0115.uasset" 10158
"../../../Engine/Content/EngineMaterials/Substrate/Glints2/dict_0007_0116.uasset" 10159
"../../../Engine/Content/EngineMaterials/Substrate/Glints2/dict_0007_0119.uasset" 10160
"../../../Engine/Content/EngineMaterials/Substrate/Glints2/dict_0007_0122.uasset" 10161
"../../../Engine/Content/EngineMaterials/Substrate/Glints2/dict_0007_0121.uasset" 10162
"../../../Engine/Content/EngineMaterials/Substrate/Glints2/dict_0007_0120.uasset" 10163
"../../../Engine/Content/EngineMaterials/Substrate/Glints2/dict_0007_0118.uasset" 10164
"/Engine/EngineMaterials/Substrate/Glints2/dict_0007_0108" 10165
"../../../Engine/Content/EngineMaterials/Substrate/Glints2/dict_0007_0123.uasset" 10166
"../../../Engine/Content/EngineMaterials/Substrate/Glints2/dict_0007_0117.uasset" 10167
"../../../Engine/Content/EngineMaterials/Substrate/Glints2/dict_0007_0124.uasset" 10168
"../../../Engine/Content/EngineMaterials/Substrate/Glints2/dict_0007_0125.uasset" 10169
"../../../Engine/Content/EngineMaterials/Substrate/Glints2/dict_0007_0127.uasset" 10170
"../../../Engine/Content/EngineMaterials/Substrate/Glints2/dict_0007_0129.uasset" 10171
"../../../Engine/Content/EngineMaterials/Substrate/Glints2/dict_0007_0128.uasset" 10172
"../../../Engine/Content/EngineMaterials/Substrate/Glints2/dict_0007_0130.uasset" 10173
"../../../Engine/Content/EngineMaterials/Substrate/Glints2/dict_0007_0131.uasset" 10174
"../../../Engine/Content/EngineMaterials/Substrate/Glints2/dict_0007_0126.uasset" 10175
"../../../Engine/Content/EngineMaterials/Substrate/Glints2/dict_0007_0132.uasset" 10176
"/Engine/EngineMaterials/Substrate/Glints2/dict_0007_0107" 10177
"/Engine/EngineMaterials/Substrate/Glints2/dict_0007_0106" 10178
"/Engine/EngineMaterials/Substrate/Glints2/dict_0007_0105" 10179
"/Engine/EngineMaterials/Substrate/Glints2/dict_0007_0104" 10180
"/Engine/EngineMaterials/Substrate/Glints2/dict_0007_0103" 10181
"/Engine/EngineMaterials/Substrate/Glints2/dict_0007_0102" 10182
"/Engine/EngineMaterials/Substrate/Glints2/dict_0007_0101" 10183
"/Engine/EngineMaterials/Substrate/Glints2/dict_0007_0132" 10184
"../../../Engine/Content/EngineMaterials/Substrate/Glints2/dict_0007_0133.uasset" 10185
"../../../Engine/Content/EngineMaterials/Substrate/Glints2/dict_0007_0134.uasset" 10186
"../../../Engine/Content/EngineMaterials/Substrate/Glints2/dict_0007_0135.uasset" 10187
"../../../Engine/Content/EngineMaterials/Substrate/Glints2/dict_0007_0136.uasset" 10188
"../../../Engine/Content/EngineMaterials/Substrate/Glints2/dict_0007_0138.uasset" 10189
"../../../Engine/Content/EngineMaterials/Substrate/Glints2/dict_0007_0140.uasset" 10190
"../../../Engine/Content/EngineMaterials/Substrate/Glints2/dict_0007_0137.uasset" 10191
"../../../Engine/Content/EngineMaterials/Substrate/Glints2/dict_0007_0139.uasset" 10192
"../../../Engine/Content/EngineMaterials/Substrate/Glints2/dict_0007_0141.uasset" 10193
"/Engine/EngineMaterials/Substrate/Glints2/dict_0007_0131" 10194
"/Engine/EngineMaterials/Substrate/Glints2/dict_0007_0130" 10195
"/Engine/EngineMaterials/Substrate/Glints2/dict_0007_0129" 10196
"/Engine/EngineMaterials/Substrate/Glints2/dict_0007_0128" 10197
"/Engine/EngineMaterials/Substrate/Glints2/dict_0007_0127" 10198
"/Engine/EngineMaterials/Substrate/Glints2/dict_0007_0126" 10199
"/Engine/EngineMaterials/Substrate/Glints2/dict_0007_0125" 10200
"/Engine/EngineMaterials/Substrate/Glints2/dict_0007_0124" 10201
"/Engine/EngineMaterials/Substrate/Glints2/dict_0007_0123" 10202
"/Engine/EngineMaterials/Substrate/Glints2/dict_0007_0122" 10203
"/Engine/EngineMaterials/Substrate/Glints2/dict_0007_0121" 10204
"/Engine/EngineMaterials/Substrate/Glints2/dict_0007_0120" 10205
"/Engine/EngineMaterials/Substrate/Glints2/dict_0007_0119" 10206
"/Engine/EngineMaterials/Substrate/Glints2/dict_0007_0118" 10207
"/Engine/EngineMaterials/Substrate/Glints2/dict_0007_0117" 10208
"/Engine/EngineMaterials/Substrate/Glints2/dict_0007_0116" 10209
"/Engine/EngineMaterials/Substrate/Glints2/dict_0007_0115" 10210
"/Engine/EngineMaterials/Substrate/Glints2/dict_0007_0114" 10211
"/Engine/EngineMaterials/Substrate/Glints2/dict_0007_0113" 10212
"/Engine/EngineMaterials/Substrate/Glints2/dict_0007_0112" 10213
"/Engine/EngineMaterials/Substrate/Glints2/dict_0007_0111" 10214
"/Engine/EngineMaterials/Substrate/Glints2/dict_0007_0110" 10215
"/Engine/EngineMaterials/Substrate/Glints2/dict_0007_0141" 10216
"../../../Engine/Content/EngineMaterials/Substrate/Glints2/dict_0007_0143.uasset" 10217
"../../../Engine/Content/EngineMaterials/Substrate/Glints2/dict_0007_0142.uasset" 10218
"../../../Engine/Content/EngineMaterials/Substrate/Glints2/dict_0007_0144.uasset" 10219
"../../../Engine/Content/EngineMaterials/Substrate/Glints2/dict_0007_0145.uasset" 10220
"../../../Engine/Content/EngineMaterials/Substrate/Glints2/dict_0007_0148.uasset" 10221
"../../../Engine/Content/EngineMaterials/Substrate/Glints2/dict_0007_0153.uasset" 10222
"../../../Engine/Content/EngineMaterials/Substrate/Glints2/dict_0007_0152.uasset" 10223
"../../../Engine/Content/EngineMaterials/Substrate/Glints2/dict_0007_0146.uasset" 10224
"../../../Engine/Content/EngineMaterials/Substrate/Glints2/dict_0007_0156.uasset" 10225
"../../../Engine/Content/EngineMaterials/Substrate/Glints2/dict_0007_0155.uasset" 10226
"../../../Engine/Content/EngineMaterials/Substrate/Glints2/dict_0007_0150.uasset" 10227
"../../../Engine/Content/EngineMaterials/Substrate/Glints2/dict_0007_0154.uasset" 10228
"../../../Engine/Content/EngineMaterials/Substrate/Glints2/dict_0007_0147.uasset" 10229
"../../../Engine/Content/EngineMaterials/Substrate/Glints2/dict_0007_0158.uasset" 10230
"../../../Engine/Content/EngineMaterials/Substrate/Glints2/dict_0007_0149.uasset" 10231
"../../../Engine/Content/EngineMaterials/Substrate/Glints2/dict_0007_0157.uasset" 10232
"../../../Engine/Content/EngineMaterials/Substrate/Glints2/dict_0007_0151.uasset" 10233
"/Engine/EngineMaterials/Substrate/Glints2/dict_0007_0140" 10234
"../../../Engine/Content/EngineMaterials/Substrate/Glints2/dict_0007_0160.uasset" 10235
"../../../Engine/Content/EngineMaterials/Substrate/Glints2/dict_0007_0159.uasset" 10236
"../../../Engine/Content/EngineMaterials/Substrate/Glints2/dict_0007_0161.uasset" 10237
"../../../Engine/Content/EngineMaterials/Substrate/Glints2/dict_0007_0162.uasset" 10238
"../../../Engine/Content/EngineMaterials/Substrate/Glints2/dict_0007_0163.uasset" 10239
"../../../Engine/Content/EngineMaterials/Substrate/Glints2/dict_0007_0164.uasset" 10240
"/Engine/EngineMaterials/Substrate/Glints2/dict_0007_0139" 10241
"/Engine/EngineMaterials/Substrate/Glints2/dict_0007_0138" 10242
"/Engine/EngineMaterials/Substrate/Glints2/dict_0007_0137" 10243
"/Engine/EngineMaterials/Substrate/Glints2/dict_0007_0136" 10244
"/Engine/EngineMaterials/Substrate/Glints2/dict_0007_0135" 10245
"/Engine/EngineMaterials/Substrate/Glints2/dict_0007_0134" 10246
"/Engine/EngineMaterials/Substrate/Glints2/dict_0007_0133" 10247
"/Engine/EngineMaterials/Substrate/Glints2/dict_0007_0164" 10248
"../../../Engine/Content/EngineMaterials/Substrate/Glints2/dict_0007_0165.uasset" 10249
"../../../Engine/Content/EngineMaterials/Substrate/Glints2/dict_0007_0166.uasset" 10250
"../../../Engine/Content/EngineMaterials/Substrate/Glints2/dict_0007_0167.uasset" 10251
"../../../Engine/Content/EngineMaterials/Substrate/Glints2/dict_0007_0170.uasset" 10252
"../../../Engine/Content/EngineMaterials/Substrate/Glints2/dict_0007_0169.uasset" 10253
"../../../Engine/Content/EngineMaterials/Substrate/Glints2/dict_0007_0171.uasset" 10254
"../../../Engine/Content/EngineMaterials/Substrate/Glints2/dict_0007_0168.uasset" 10255
"../../../Engine/Content/EngineMaterials/Substrate/Glints2/dict_0007_0172.uasset" 10256
"../../../Engine/Content/EngineMaterials/Substrate/Glints2/dict_0007_0173.uasset" 10257
"/Engine/EngineMaterials/Substrate/Glints2/dict_0007_0163" 10258
"/Engine/EngineMaterials/Substrate/Glints2/dict_0007_0162" 10259
"/Engine/EngineMaterials/Substrate/Glints2/dict_0007_0161" 10260
"/Engine/EngineMaterials/Substrate/Glints2/dict_0007_0160" 10261
"/Engine/EngineMaterials/Substrate/Glints2/dict_0007_0159" 10262
"/Engine/EngineMaterials/Substrate/Glints2/dict_0007_0158" 10263
"/Engine/EngineMaterials/Substrate/Glints2/dict_0007_0157" 10264
"/Engine/EngineMaterials/Substrate/Glints2/dict_0007_0156" 10265
"/Engine/EngineMaterials/Substrate/Glints2/dict_0007_0155" 10266
"/Engine/EngineMaterials/Substrate/Glints2/dict_0007_0154" 10267
"/Engine/EngineMaterials/Substrate/Glints2/dict_0007_0153" 10268
"/Engine/EngineMaterials/Substrate/Glints2/dict_0007_0152" 10269
"/Engine/EngineMaterials/Substrate/Glints2/dict_0007_0151" 10270
"/Engine/EngineMaterials/Substrate/Glints2/dict_0007_0150" 10271
"/Engine/EngineMaterials/Substrate/Glints2/dict_0007_0149" 10272
"/Engine/EngineMaterials/Substrate/Glints2/dict_0007_0148" 10273
"/Engine/EngineMaterials/Substrate/Glints2/dict_0007_0147" 10274
"/Engine/EngineMaterials/Substrate/Glints2/dict_0007_0146" 10275
"/Engine/EngineMaterials/Substrate/Glints2/dict_0007_0145" 10276
"/Engine/EngineMaterials/Substrate/Glints2/dict_0007_0144" 10277
"/Engine/EngineMaterials/Substrate/Glints2/dict_0007_0143" 10278
"/Engine/EngineMaterials/Substrate/Glints2/dict_0007_0142" 10279
"/Engine/EngineMaterials/Substrate/Glints2/dict_0007_0173" 10280
"../../../Engine/Content/EngineMaterials/Substrate/Glints2/dict_0007_0174.uasset" 10281
"../../../Engine/Content/EngineMaterials/Substrate/Glints2/dict_0007_0175.uasset" 10282
"../../../Engine/Content/EngineMaterials/Substrate/Glints2/dict_0007_0176.uasset" 10283
"../../../Engine/Content/EngineMaterials/Substrate/Glints2/dict_0007_0177.uasset" 10284
"../../../Engine/Content/EngineMaterials/Substrate/Glints2/dict_0007_0180.uasset" 10285
"../../../Engine/Content/EngineMaterials/Substrate/Glints2/dict_0007_0183.uasset" 10286
"../../../Engine/Content/EngineMaterials/Substrate/Glints2/dict_0007_0178.uasset" 10287
"../../../Engine/Content/EngineMaterials/Substrate/Glints2/dict_0007_0187.uasset" 10288
"/Engine/EngineMaterials/Substrate/Glints2/dict_0007_0172" 10289
"../../../Engine/Content/EngineMaterials/Substrate/Glints2/dict_0007_0186.uasset" 10290
"../../../Engine/Content/EngineMaterials/Substrate/Glints2/dict_0007_0188.uasset" 10291
"../../../Engine/Content/EngineMaterials/Substrate/Glints2/dict_0007_0182.uasset" 10292
"../../../Engine/Content/EngineMaterials/Substrate/Glints2/dict_0007_0179.uasset" 10293
"../../../Engine/Content/EngineMaterials/Substrate/Glints2/dict_0007_0185.uasset" 10294
"../../../Engine/Content/EngineMaterials/Substrate/Glints2/dict_0007_0181.uasset" 10295
"../../../Engine/Content/EngineMaterials/Substrate/Glints2/dict_0007_0189.uasset" 10296
"../../../Engine/Content/EngineMaterials/Substrate/Glints2/dict_0007_0184.uasset" 10297
"../../../Engine/Content/EngineMaterials/Substrate/Glints2/dict_0007_0190.uasset" 10298
"../../../Engine/Content/EngineMaterials/Substrate/Glints2/dict_0007_0191.uasset" 10299
"../../../Engine/Content/EngineMaterials/Substrate/Glints2/dict_0007_0192.uasset" 10300
"../../../Engine/Content/EngineMaterials/Substrate/Glints2/dict_0007_0193.uasset" 10301
"../../../Engine/Content/EngineMaterials/Substrate/Glints2/dict_0007_0194.uasset" 10302
"../../../Engine/Content/EngineMaterials/Substrate/Glints2/dict_0007_0196.uasset" 10303
"../../../Engine/Content/EngineMaterials/Substrate/Glints2/dict_0007_0195.uasset" 10304
"/Engine/EngineMaterials/Substrate/Glints2/dict_0007_0171" 10305
"/Engine/EngineMaterials/Substrate/Glints2/dict_0007_0170" 10306
"/Engine/EngineMaterials/Substrate/Glints2/dict_0007_0169" 10307
"/Engine/EngineMaterials/Substrate/Glints2/dict_0007_0168" 10308
"/Engine/EngineMaterials/Substrate/Glints2/dict_0007_0167" 10309
"/Engine/EngineMaterials/Substrate/Glints2/dict_0007_0166" 10310
"/Engine/EngineMaterials/Substrate/Glints2/dict_0007_0165" 10311
"/Engine/EngineMaterials/Substrate/Glints2/dict_0007_0196" 10312
"../../../Engine/Content/EngineMaterials/Substrate/Glints2/dict_0007_0197.uasset" 10313
"../../../Engine/Content/EngineMaterials/Substrate/Glints2/dict_0007_0198.uasset" 10314
"../../../Engine/Content/EngineMaterials/Substrate/Glints2/dict_0007_0199.uasset" 10315
"../../../Engine/Content/EngineMaterials/Substrate/Glints2/dict_0007_0204.uasset" 10316
"../../../Engine/Content/EngineMaterials/Substrate/Glints2/dict_0007_0203.uasset" 10317
"../../../Engine/Content/EngineMaterials/Substrate/Glints2/dict_0007_0202.uasset" 10318
"../../../Engine/Content/EngineMaterials/Substrate/Glints2/dict_0007_0205.uasset" 10319
"../../../Engine/Content/EngineMaterials/Substrate/Glints2/dict_0007_0201.uasset" 10320
"../../../Engine/Content/EngineMaterials/Substrate/Glints2/dict_0007_0200.uasset" 10321
"/Engine/EngineMaterials/Substrate/Glints2/dict_0007_0195" 10322
"/Engine/EngineMaterials/Substrate/Glints2/dict_0007_0194" 10323
"/Engine/EngineMaterials/Substrate/Glints2/dict_0007_0193" 10324
"/Engine/EngineMaterials/Substrate/Glints2/dict_0007_0192" 10325
"/Engine/EngineMaterials/Substrate/Glints2/dict_0007_0191" 10326
"/Engine/EngineMaterials/Substrate/Glints2/dict_0007_0190" 10327
"/Engine/EngineMaterials/Substrate/Glints2/dict_0007_0189" 10328
"/Engine/EngineMaterials/Substrate/Glints2/dict_0007_0188" 10329
"/Engine/EngineMaterials/Substrate/Glints2/dict_0007_0187" 10330
"/Engine/EngineMaterials/Substrate/Glints2/dict_0007_0186" 10331
"/Engine/EngineMaterials/Substrate/Glints2/dict_0007_0185" 10332
"/Engine/EngineMaterials/Substrate/Glints2/dict_0007_0184" 10333
"/Engine/EngineMaterials/Substrate/Glints2/dict_0007_0183" 10334
"/Engine/EngineMaterials/Substrate/Glints2/dict_0007_0182" 10335
"/Engine/EngineMaterials/Substrate/Glints2/dict_0007_0181" 10336
"/Engine/EngineMaterials/Substrate/Glints2/dict_0007_0180" 10337
"/Engine/EngineMaterials/Substrate/Glints2/dict_0007_0179" 10338
"/Engine/EngineMaterials/Substrate/Glints2/dict_0007_0178" 10339
"/Engine/EngineMaterials/Substrate/Glints2/dict_0007_0177" 10340
"/Engine/EngineMaterials/Substrate/Glints2/dict_0007_0176" 10341
"/Engine/EngineMaterials/Substrate/Glints2/dict_0007_0175" 10342
"/Engine/EngineMaterials/Substrate/Glints2/dict_0007_0174" 10343
"/Engine/EngineMaterials/Substrate/Glints2/dict_0007_0205" 10344
"../../../Engine/Content/EngineMaterials/Substrate/Glints2/dict_0007_0206.uasset" 10345
"../../../Engine/Content/EngineMaterials/Substrate/Glints2/dict_0007_0207.uasset" 10346
"../../../Engine/Content/EngineMaterials/Substrate/Glints2/dict_0007_0208.uasset" 10347
"../../../Engine/Content/EngineMaterials/Substrate/Glints2/dict_0007_0209.uasset" 10348
"../../../Engine/Content/EngineMaterials/Substrate/Glints2/dict_0007_0213.uasset" 10349
"../../../Engine/Content/EngineMaterials/Substrate/Glints2/dict_0007_0212.uasset" 10350
"../../../Engine/Content/EngineMaterials/Substrate/Glints2/dict_0007_0219.uasset" 10351
"../../../Engine/Content/EngineMaterials/Substrate/Glints2/dict_0007_0214.uasset" 10352
"../../../Engine/Content/EngineMaterials/Substrate/Glints2/dict_0007_0216.uasset" 10353
"../../../Engine/Content/EngineMaterials/Substrate/Glints2/dict_0007_0211.uasset" 10354
"/Engine/EngineMaterials/Substrate/Glints2/dict_0007_0204" 10355
"../../../Engine/Content/EngineMaterials/Substrate/Glints2/dict_0007_0217.uasset" 10356
"../../../Engine/Content/EngineMaterials/Substrate/Glints2/dict_0007_0215.uasset" 10357
"../../../Engine/Content/EngineMaterials/Substrate/Glints2/dict_0007_0210.uasset" 10358
"../../../Engine/Content/EngineMaterials/Substrate/Glints2/dict_0007_0218.uasset" 10359
"../../../Engine/Content/EngineMaterials/Substrate/Glints2/dict_0007_0220.uasset" 10360
"../../../Engine/Content/EngineMaterials/Substrate/Glints2/dict_0007_0221.uasset" 10361
"../../../Engine/Content/EngineMaterials/Substrate/Glints2/dict_0007_0222.uasset" 10362
"../../../Engine/Content/EngineMaterials/Substrate/Glints2/dict_0007_0223.uasset" 10363
"../../../Engine/Content/EngineMaterials/Substrate/Glints2/dict_0007_0224.uasset" 10364
"../../../Engine/Content/EngineMaterials/Substrate/Glints2/dict_0007_0226.uasset" 10365
"../../../Engine/Content/EngineMaterials/Substrate/Glints2/dict_0007_0225.uasset" 10366
"../../../Engine/Content/EngineMaterials/Substrate/Glints2/dict_0007_0227.uasset" 10367
"../../../Engine/Content/EngineMaterials/Substrate/Glints2/dict_0007_0228.uasset" 10368
"/Engine/EngineMaterials/Substrate/Glints2/dict_0007_0203" 10369
"/Engine/EngineMaterials/Substrate/Glints2/dict_0007_0202" 10370
"/Engine/EngineMaterials/Substrate/Glints2/dict_0007_0201" 10371
"/Engine/EngineMaterials/Substrate/Glints2/dict_0007_0200" 10372
"/Engine/EngineMaterials/Substrate/Glints2/dict_0007_0199" 10373
"/Engine/EngineMaterials/Substrate/Glints2/dict_0007_0198" 10374
"/Engine/EngineMaterials/Substrate/Glints2/dict_0007_0197" 10375
"/Engine/EngineMaterials/Substrate/Glints2/dict_0007_0228" 10376
"../../../Engine/Content/EngineMaterials/Substrate/Glints2/dict_0007_0229.uasset" 10377
"../../../Engine/Content/EngineMaterials/Substrate/Glints2/dict_0007_0230.uasset" 10378
"../../../Engine/Content/EngineMaterials/Substrate/Glints2/dict_0007_0231.uasset" 10379
"../../../Engine/Content/EngineMaterials/Substrate/Glints2/dict_0007_0233.uasset" 10380
"../../../Engine/Content/EngineMaterials/Substrate/Glints2/dict_0007_0237.uasset" 10381
"../../../Engine/Content/EngineMaterials/Substrate/Glints2/dict_0007_0236.uasset" 10382
"../../../Engine/Content/EngineMaterials/Substrate/Glints2/dict_0007_0232.uasset" 10383
"../../../Engine/Content/EngineMaterials/Substrate/Glints2/dict_0007_0235.uasset" 10384
"../../../Engine/Content/EngineMaterials/Substrate/Glints2/dict_0007_0234.uasset" 10385
"/Engine/EngineMaterials/Substrate/Glints2/dict_0007_0227" 10386
"/Engine/EngineMaterials/Substrate/Glints2/dict_0007_0226" 10387
"/Engine/EngineMaterials/Substrate/Glints2/dict_0007_0225" 10388
"/Engine/EngineMaterials/Substrate/Glints2/dict_0007_0224" 10389
"/Engine/EngineMaterials/Substrate/Glints2/dict_0007_0223" 10390
"/Engine/EngineMaterials/Substrate/Glints2/dict_0007_0222" 10391
"/Engine/EngineMaterials/Substrate/Glints2/dict_0007_0221" 10392
"/Engine/EngineMaterials/Substrate/Glints2/dict_0007_0220" 10393
"/Engine/EngineMaterials/Substrate/Glints2/dict_0007_0219" 10394
"/Engine/EngineMaterials/Substrate/Glints2/dict_0007_0218" 10395
"/Engine/EngineMaterials/Substrate/Glints2/dict_0007_0217" 10396
"/Engine/EngineMaterials/Substrate/Glints2/dict_0007_0216" 10397
"/Engine/EngineMaterials/Substrate/Glints2/dict_0007_0215" 10398
"/Engine/EngineMaterials/Substrate/Glints2/dict_0007_0214" 10399
"/Engine/EngineMaterials/Substrate/Glints2/dict_0007_0213" 10400
"/Engine/EngineMaterials/Substrate/Glints2/dict_0007_0212" 10401
"/Engine/EngineMaterials/Substrate/Glints2/dict_0007_0211" 10402
"/Engine/EngineMaterials/Substrate/Glints2/dict_0007_0210" 10403
"/Engine/EngineMaterials/Substrate/Glints2/dict_0007_0209" 10404
"/Engine/EngineMaterials/Substrate/Glints2/dict_0007_0208" 10405
"/Engine/EngineMaterials/Substrate/Glints2/dict_0007_0207" 10406
"/Engine/EngineMaterials/Substrate/Glints2/dict_0007_0206" 10407
"/Engine/EngineMaterials/Substrate/Glints2/dict_0007_0237" 10408
"../../../Engine/Content/EngineMaterials/Substrate/Glints2/dict_0007_0238.uasset" 10409
"../../../Engine/Content/EngineMaterials/Substrate/Glints2/dict_0007_0239.uasset" 10410
"../../../Engine/Content/EngineMaterials/Substrate/Glints2/dict_0007_0242.uasset" 10411
"../../../Engine/Content/EngineMaterials/Substrate/Glints2/dict_0007_0240.uasset" 10412
"../../../Engine/Content/EngineMaterials/Substrate/Glints2/dict_0007_0241.uasset" 10413
"../../../Engine/Content/EngineMaterials/Substrate/Glints2/dict_0007_0246.uasset" 10414
"../../../Engine/Content/EngineMaterials/Substrate/Glints2/dict_0007_0243.uasset" 10415
"../../../Engine/Content/EngineMaterials/Substrate/Glints2/dict_0007_0248.uasset" 10416
"../../../Engine/Content/EngineMaterials/Substrate/Glints2/dict_0007_0250.uasset" 10417
"/Engine/EngineMaterials/Substrate/Glints2/dict_0007_0236" 10418
"../../../Engine/Content/EngineMaterials/Substrate/Glints2/dict_0007_0245.uasset" 10419
"../../../Engine/Content/EngineMaterials/Substrate/Glints2/dict_0007_0253.uasset" 10420
"../../../Engine/Content/EngineMaterials/Substrate/Glints2/dict_0007_0252.uasset" 10421
"../../../Engine/Content/EngineMaterials/Substrate/Glints2/dict_0007_0249.uasset" 10422
"../../../Engine/Content/EngineMaterials/Substrate/Glints2/dict_0007_0251.uasset" 10423
"../../../Engine/Content/EngineMaterials/Substrate/Glints2/dict_0007_0247.uasset" 10424
"../../../Engine/Content/EngineMaterials/Substrate/Glints2/dict_0007_0254.uasset" 10425
"../../../Engine/Content/EngineMaterials/Substrate/Glints2/dict_0007_0244.uasset" 10426
"../../../Engine/Content/EngineMaterials/Substrate/Glints2/dict_0007_0255.uasset" 10427
"../../../Engine/Content/EngineMaterials/Substrate/Glints2/AGlintTex2dArray2.uasset" 10428
"../../../Engine/Content/EngineMaterials/Substrate/Volume/SubstrateSimpleVolumeLUT2D.uasset" 10429
"../../../Engine/Content/EngineMaterials/Substrate/Volume/SubstrateSimpleVolumeLUT3D.uasset" 10430
"../../../Engine/Content/EngineMaterials/Substrate/Volume/SubstrateSimpleVolumeEnvLUT2D.uasset" 10431
"../../../Engine/Content/EngineMaterials/Substrate/Volume/SubstrateSimpleVolumeEnvLUT3D.uasset" 10432
"/Engine/EngineMaterials/Substrate/Glints2/dict_0007_0235" 10433
"/Engine/EngineMaterials/Substrate/Glints2/dict_0007_0234" 10434
"/Engine/EngineMaterials/Substrate/Glints2/dict_0007_0233" 10435
"/Engine/EngineMaterials/Substrate/Glints2/dict_0007_0232" 10436
"/Engine/EngineMaterials/Substrate/Glints2/dict_0007_0231" 10437
"/Engine/EngineMaterials/Substrate/Glints2/dict_0007_0230" 10438
"/Engine/EngineMaterials/Substrate/Glints2/dict_0007_0229" 10439
"S:/GitHub/massey-unreal-2/Orbital/Content/_nOrbital/snd/NewSoundSubmix.uasset" 10440
"../../../Engine/Content/MobileResources/HUD/VirtualJoystick_Background.uasset" 10441
"../../../Engine/Content/MobileResources/HUD/DefaultVirtualJoysticks.uasset" 10442
"../../../Engine/Plugins/Interchange/Assets/Content/Functions/MX_Surface.uasset" 10443
"../../../Engine/Content/EngineMaterials/PPM_DefaultCalibrationGrayscale.uasset" 10444
"../../../Engine/Content/EngineMaterials/DefaultCalibrationColor.uasset" 10445
"../../../Engine/Content/Functions/MaterialLayerFunctions/MatLayerBlend_OverrideOpacity.uasset" 10446
"../../../Engine/Content/EngineMaterials/DefaultCalibrationGrayscale.uasset" 10447
"../../../Engine/Content/EngineMaterials/PPM_DefaultCalibrationColor.uasset" 10448
"/Engine/EngineMaterials/Substrate/Volume/SubstrateSimpleVolumeEnvLUT3D" 10449
"/Engine/EngineMaterials/Substrate/Volume/SubstrateSimpleVolumeLUT3D" 10450
"/Engine/EngineMaterials/Substrate/Glints2/AGlintTex2dArray2" 10451
"/Game/_nOrbital/snd/NewSoundSubmix" 10452
"/Engine/MobileResources/HUD/DefaultVirtualJoysticks" 10453
"../../../Engine/Content/Functions/Engine_MaterialFunctions02/Utility/BlendAngleCorrectedNormals.uasset" 10454
"../../../Engine/Content/EditorResources/BSPVertex.uasset" 10455
"../../../Engine/Content/EngineResources/Development/ZenLogo_64.uasset" 10456
"../../../Engine/Content/EngineDebugMaterials/DebugEditorMaterial.uasset" 10457
"../../../Engine/Content/EngineMaterials/LTC/Sheen_LTC.uasset" 10458
"../../../Engine/Content/EngineMaterials/EnergyConservation/Sheen_Energy.uasset" 10459
"../../../Engine/Content/Functions/Engine_MaterialFunctions03/Procedurals/HeightToNormalSmooth.uasset" 10460
"/InterchangeAssets/Functions/MX_Surface" 10461
"../../../Engine/Content/EngineResources/FilmGrains/Marcie_Grain_v3_128_M2_000.uasset" 10462
"../../../Engine/Plugins/Interchange/Assets/Content/Functions/MX_Displacement.uasset" 10463
"../../../Engine/Content/EngineMaterials/EnergyConservation/Diffuse_Energy.uasset" 10464
"../../../Engine/Content/EngineMaterials/FastBlueNoise_scalar_128x128x64.uasset" 10465
"S:/GitHub/massey-unreal-2/Orbital/Content/_nOrbital/bp/gm_mainmenu.uasset" 10466
"../../../Engine/Content/EngineMaterials/DefaultBloomKernel.uasset" 10467
"../../../Engine/Content/EngineMaterials/FastBlueNoise_vec2_128x128x64.uasset" 10468
"../../../Engine/Plugins/Interchange/Runtime/Content/Pipelines/DefaultMaterialXPipeline.uasset" 10469
"../../../Engine/Content/EngineMaterials/FastBlueNoise_scalar_128x128x8.uasset" 10470
"../../../Engine/Plugins/Interchange/Runtime/Content/Pipelines/DefaultAssetsPipeline.uasset" 10471
"../../../Engine/Plugins/Interchange/Runtime/Content/Pipelines/DefaultGLTFAssetsPipeline.uasset" 10472
"../../../Engine/Plugins/Interchange/Runtime/Content/Pipelines/DefaultGLTFPipeline.uasset" 10473
"../../../Engine/Plugins/Interchange/Runtime/Content/Pipelines/DefaultMaterialPipeline.uasset" 10474
"../../../Engine/Plugins/Interchange/Runtime/Content/Pipelines/DefaultTexturePipeline.uasset" 10475
"/Engine/EngineMaterials/PPM_DefaultCalibrationGrayscale" 10476
"/Engine/EngineMaterials/PPM_DefaultCalibrationColor" 10477
"/Interchange/Pipelines/DefaultTexturePipeline" 10478
"/Interchange/Pipelines/DefaultMaterialPipeline" 10479
"/Interchange/Pipelines/DefaultGLTFPipeline" 10480
"/Interchange/Pipelines/DefaultGLTFAssetsPipeline" 10481
"/Interchange/Pipelines/DefaultMaterialXPipeline" 10482
"/Interchange/Pipelines/DefaultAssetsPipeline" 10483
"/Engine/EngineMaterials/EnergyConservation/Diffuse_Energy" 10484
"/Engine/EngineMaterials/EnergyConservation/Sheen_Energy" 10485
"/Engine/EngineMaterials/LTC/Sheen_LTC" 10486
"/Engine/EngineMaterials/FastBlueNoise_vec2_128x128x64" 10487
"/Engine/EngineMaterials/FastBlueNoise_scalar_128x128x8" 10488
"/Engine/EngineMaterials/FastBlueNoise_scalar_128x128x64" 10489
"/Engine/EngineDebugMaterials/DebugEditorMaterial" 10490
"/Engine/EngineResources/Development/ZenLogo_64" 10491
"/Engine/EngineResources/FilmGrains/Marcie_Grain_v3_128_M2_000" 10492
"/Engine/EngineMaterials/DefaultBloomKernel" 10493
"/Engine/EditorResources/BSPVertex" 10494
"/Game/_nOrbital/bp/gm_mainmenu" 10495
"/InterchangeAssets/Functions/MX_Displacement" 10496
"../../../Engine/Plugins/Interchange/Runtime/Content/Pipelines/DefaultSceneLevelPipeline.uasset" 10497
"../../../Engine/Plugins/Interchange/Runtime/Content/Pipelines/DefaultSceneAssetsPipeline.uasset" 10498
"../../../Engine/Plugins/Interchange/Runtime/Content/Pipelines/DefaultGLTFSceneAssetsPipeline.uasset" 10499
"../../../Engine/Plugins/Interchange/Assets/Content/Functions/MX_SurfaceUnlit.uasset" 10500
"../../../Engine/Plugins/Interchange/Assets/Content/Functions/MX_BurleyDiffuseBSDF.uasset" 10501
"../../../Engine/Plugins/Interchange/Assets/Content/Functions/MX_UsdPreviewSurface.uasset" 10502
"../../../Engine/Plugins/Interchange/Assets/Content/Functions/MX_OrenNayarBSDF.uasset" 10503
"../../../Engine/Plugins/Interchange/Assets/Content/Functions/MX_ConductorBSDF.uasset" 10504
"../../../Engine/Plugins/Interchange/Assets/Content/Functions/MX_DielectricBSDF.uasset" 10505
"../../../Engine/Plugins/Interchange/Assets/Content/Functions/MX_ThinFilmBSDF.uasset" 10506
"../../../Engine/Plugins/Interchange/Assets/Content/Functions/MX_GeneralizedSchlickBSDF.uasset" 10507
"../../../Engine/Plugins/Interchange/Assets/Content/Functions/MX_SheenBSDF.uasset" 10508
"../../../Engine/Plugins/Interchange/Assets/Content/Functions/MX_UniformEDF.uasset" 10509
"../../../Engine/Plugins/Interchange/Assets/Content/Functions/MX_MeasuredEDF.uasset" 10510
"../../../Engine/Plugins/Animation/ControlRig/Content/Controls/ControlRigGizmoMaterial.uasset" 10511
"../../../Engine/Plugins/Interchange/Assets/Content/Functions/MX_TranslucentBSDF.uasset" 10512
"../../../Engine/Plugins/Interchange/Assets/Content/Functions/MX_AbsorptionVDF.uasset" 10513
"../../../Engine/Plugins/Interchange/Assets/Content/Functions/MX_SubsurfaceBSDF.uasset" 10514
"../../../Engine/Plugins/Interchange/Assets/Content/Functions/MX_ConicalEDF.uasset" 10515
"../../../Engine/Plugins/Interchange/Assets/Content/Functions/MX_AnisotropicVDF.uasset" 10516
"/ControlRig/Controls/ControlRigGizmoMaterial" 10517
"/InterchangeAssets/Functions/MX_AnisotropicVDF" 10518
"/InterchangeAssets/Functions/MX_AbsorptionVDF" 10519
"/InterchangeAssets/Functions/MX_MeasuredEDF" 10520
"/InterchangeAssets/Functions/MX_ConicalEDF" 10521
"/InterchangeAssets/Functions/MX_UniformEDF" 10522
"/InterchangeAssets/Functions/MX_ThinFilmBSDF" 10523
"/InterchangeAssets/Functions/MX_SheenBSDF" 10524
"/InterchangeAssets/Functions/MX_SubsurfaceBSDF" 10525
"/InterchangeAssets/Functions/MX_GeneralizedSchlickBSDF" 10526
"/InterchangeAssets/Functions/MX_ConductorBSDF" 10527
"/InterchangeAssets/Functions/MX_DielectricBSDF" 10528
"/InterchangeAssets/Functions/MX_TranslucentBSDF" 10529
"/InterchangeAssets/Functions/MX_BurleyDiffuseBSDF" 10530
"/InterchangeAssets/Functions/MX_OrenNayarBSDF" 10531
"/InterchangeAssets/Functions/MX_UsdPreviewSurface" 10532
"/InterchangeAssets/Functions/MX_SurfaceUnlit" 10533
"/Interchange/Pipelines/DefaultGLTFSceneAssetsPipeline" 10534
"/Interchange/Pipelines/DefaultSceneLevelPipeline" 10535
"/Interchange/Pipelines/DefaultSceneAssetsPipeline" 10536
"S:/GitHub/massey-unreal-2/Orbital/Saved/Cooked/Windows/Orbital/Metadata/CookedSettings.txt" 10537
